"","p_val","avg_log2FC","pct.1","pct.2","p_val_adj","cluster","gene"
"0.IL7R",0,2.17504420361698,0.832,0.303,0,"0","IL7R"
"0.CCR7",0,2.0024601167057,0.387,0.118,0,"0","CCR7"
"0.CD3E",0,0.529557614043941,0.704,0.435,0,"0","CD3E"
"0.ANXA1",0,1.70536080231861,0.714,0.446,0,"0","ANXA1"
"0.CD3D",0,0.580391091394824,0.65,0.387,0,"0","CD3D"
"0.LTB",0,0.720628373903498,0.557,0.318,0,"0","LTB"
"0.CD40LG",0,2.82418842045454,0.26,0.044,0,"0","CD40LG"
"0.CXCR4",0,1.0076086363602,0.849,0.649,0,"0","CXCR4"
"0.GPR183",0,1.20465508327754,0.463,0.266,0,"0","GPR183"
"0.LEPROTL1",0,1.14635282337634,0.568,0.383,0,"0","LEPROTL1"
"0.TRAT1",0,1.55017547887424,0.281,0.103,0,"0","TRAT1"
"0.SLC2A3",0,1.12484872360775,0.588,0.415,0,"0","SLC2A3"
"0.KLRB1",0,1.19302279061823,0.319,0.15,0,"0","KLRB1"
"0.RGCC",0,0.964895280910947,0.653,0.492,0,"0","RGCC"
"0.YPEL5",0,1.09309208635724,0.661,0.503,0,"0","YPEL5"
"0.CAMK4",0,1.32954273771363,0.251,0.111,0,"0","CAMK4"
"0.RORA",0,1.02995897971556,0.312,0.175,0,"0","RORA"
"0.LDHB",0,1.06649114184574,0.614,0.479,0,"0","LDHB"
"0.SPOCK2",0,0.635739027184839,0.35,0.219,0,"0","SPOCK2"
"0.CD6",0,1.1231234523881,0.265,0.14,0,"0","CD6"
"0.ICOS",0,0.903159611406614,0.292,0.169,0,"0","ICOS"
"0.ITK",0,1.02359306027972,0.262,0.142,0,"0","ITK"
"0.TNFAIP3",0,0.747425794464369,0.716,0.596,0,"0","TNFAIP3"
"0.TRAC",0,0.603233198077423,0.402,0.283,0,"0","TRAC"
"0.FLT3LG",0,1.25091867551112,0.25,0.131,0,"0","FLT3LG"
"0.CD3G",0,0.57259983422608,0.354,0.236,0,"0","CD3G"
"0.FYN",0,0.798367279198392,0.343,0.226,0,"0","FYN"
"0.TUBA4A",0,0.648780996338168,0.419,0.303,0,"0","TUBA4A"
"0.TRBC2",0,0.500464931468901,0.444,0.33,0,"0","TRBC2"
"0.PTGER4",0,1.11531795840197,0.345,0.234,0,"0","PTGER4"
"0.CREM",0,0.848850541293892,0.603,0.495,0,"0","CREM"
"0.TRBC1",0,0.53281328512563,0.343,0.237,0,"0","TRBC1"
"0.BIRC3",0,0.616053965538828,0.496,0.39,0,"0","BIRC3"
"0.TSC22D3",0,0.784752080848428,0.84,0.737,0,"0","TSC22D3"
"0.PPP2R5C",0,0.801167041125775,0.387,0.286,0,"0","PPP2R5C"
"0.RHOH",0,0.536010629368026,0.48,0.383,0,"0","RHOH"
"0.ARHGAP15",0,0.96729307308285,0.353,0.257,0,"0","ARHGAP15"
"0.ZFP36L2",0,0.760850751579752,0.862,0.768,0,"0","ZFP36L2"
"0.FAM177A1",0,0.995719566460616,0.45,0.358,0,"0","FAM177A1"
"0.AIM1",0,1.29324453229099,0.258,0.168,0,"0","AIM1"
"0.TOB1",0,1.20588315865213,0.27,0.181,0,"0","TOB1"
"0.MYADM",0,0.870362645724802,0.379,0.293,0,"0","MYADM"
"0.PIK3IP1",0,0.858207761991036,0.283,0.197,0,"0","PIK3IP1"
"0.EIF3E",0,0.816074947366944,0.594,0.51,0,"0","EIF3E"
"0.PDCD4",0,0.8349189026432,0.344,0.261,0,"0","PDCD4"
"0.OCIAD2",0,0.76809457505083,0.331,0.249,0,"0","OCIAD2"
"0.GIMAP7",0,0.986426463551947,0.288,0.207,0,"0","GIMAP7"
"0.SELL",0,0.872276298259005,0.262,0.182,0,"0","SELL"
"0.RPL38",0,0.83537638777876,0.807,0.728,0,"0","RPL38"
"0.CD55",0,0.877437085952785,0.349,0.271,0,"0","CD55"
"0.PLK3",0,1.02608150130774,0.295,0.218,0,"0","PLK3"
"0.LMNA",0,1.17452022727939,0.413,0.337,0,"0","LMNA"
"0.AC090498.1",0,0.765877402932522,0.624,0.55,0,"0","AC090498.1"
"0.EZR",0,0.855048268084215,0.562,0.49,0,"0","EZR"
"0.FXYD5",0,0.704084604867369,0.732,0.66,0,"0","FXYD5"
"0.HSPA8",0,0.588836795740767,0.886,0.817,0,"0","HSPA8"
"0.SARAF",0,0.883651679845783,0.839,0.77,0,"0","SARAF"
"0.C12orf57",0,0.665314532609967,0.531,0.463,0,"0","C12orf57"
"0.KLF2",0,0.971595811443772,0.266,0.198,0,"0","KLF2"
"0.NPM1",0,0.63569670633428,0.815,0.747,0,"0","NPM1"
"0.LINC-PINT",0,0.651086086602568,0.407,0.339,0,"0","LINC-PINT"
"0.RPL36A",0,0.81919870552675,0.502,0.435,0,"0","RPL36A"
"0.BTG1",0,0.576300410086262,0.938,0.875,0,"0","BTG1"
"0.ZFAS1",0,0.552564425556704,0.589,0.526,0,"0","ZFAS1"
"0.CNOT6L",0,0.77087886748727,0.273,0.211,0,"0","CNOT6L"
"0.STK4",0,0.517636923883492,0.559,0.498,0,"0","STK4"
"0.RPL26",0,0.761028702531776,0.875,0.816,0,"0","RPL26"
"0.RPS10",0,0.753536094544001,0.444,0.385,0,"0","RPS10"
"0.ELF1",0,0.604714183814055,0.555,0.497,0,"0","ELF1"
"0.NBEAL1",0,0.860479425605879,0.371,0.313,0,"0","NBEAL1"
"0.CCNH",0,0.78181619238651,0.374,0.316,0,"0","CCNH"
"0.AMD1",0,0.795268808898588,0.387,0.33,0,"0","AMD1"
"0.TOMM7",0,0.655106780723591,0.725,0.669,0,"0","TOMM7"
"0.ARL4A",0,0.795519098662072,0.273,0.218,0,"0","ARL4A"
"0.EEF1B2",0,0.738751433759896,0.867,0.815,0,"0","EEF1B2"
"0.TUBA1A",0,0.533390867287522,0.421,0.371,0,"0","TUBA1A"
"0.RPL10A",0,0.733081138780268,0.924,0.875,0,"0","RPL10A"
"0.CRIP1",0,0.664357496703549,0.311,0.262,0,"0","CRIP1"
"0.TSPYL2",0,0.532732874653432,0.262,0.214,0,"0","TSPYL2"
"0.RPS29",0,0.958826365438992,0.856,0.808,0,"0","RPS29"
"0.RPS20",0,0.920720358138487,0.625,0.578,0,"0","RPS20"
"0.RPL5",0,0.868732458420483,0.955,0.908,0,"0","RPL5"
"0.TUBB4B",0,0.700458890537947,0.443,0.397,0,"0","TUBB4B"
"0.RPL31",0,0.873164460251867,0.785,0.741,0,"0","RPL31"
"0.CD48",0,0.536822179796095,0.435,0.391,0,"0","CD48"
"0.RPL22",0,0.673124429215214,0.898,0.855,0,"0","RPL22"
"0.RPSA",0,0.623653888432502,0.914,0.871,0,"0","RPSA"
"0.CSRNP1",0,0.667238004149024,0.354,0.311,0,"0","CSRNP1"
"0.RPL4",0,0.694363351205177,0.837,0.794,0,"0","RPL4"
"0.SKP1",0,0.544459225889697,0.614,0.572,0,"0","SKP1"
"0.BCAS2",0,0.711020290413553,0.318,0.276,0,"0","BCAS2"
"0.CDC42SE2",0,0.615880652738274,0.328,0.287,0,"0","CDC42SE2"
"0.RPL7",0,0.823820788858386,0.794,0.753,0,"0","RPL7"
"0.PABPC1",0,0.669068731261715,0.79,0.749,0,"0","PABPC1"
"0.NOSIP",0,1.03124791972922,0.253,0.212,0,"0","NOSIP"
"0.GTF2B",0,0.701660658882334,0.314,0.273,0,"0","GTF2B"
"0.PPP1R2",0,0.551295260452526,0.464,0.424,0,"0","PPP1R2"
"0.RPL17",0,0.681297382341559,0.44,0.4,0,"0","RPL17"
"0.MARCKSL1",0,0.573375001369602,0.255,0.216,0,"0","MARCKSL1"
"0.RPL27A",0,0.648447781630463,0.815,0.777,0,"0","RPL27A"
"0.PIK3R1",0,0.613097269312608,0.295,0.258,0,"0","PIK3R1"
"0.RPL9",0,0.830446479025142,0.968,0.931,0,"0","RPL9"
"0.RPL24",0,0.645673757157194,0.958,0.922,0,"0","RPL24"
"0.RPL23A",0,0.737408682277922,0.951,0.915,0,"0","RPL23A"
"0.RPL14",0,0.780916897099152,0.973,0.938,0,"0","RPL14"
"0.RPL27",0,0.613026919960328,0.875,0.84,0,"0","RPL27"
"0.ZC3HAV1",0,0.590880697560391,0.337,0.303,0,"0","ZC3HAV1"
"0.RPL36AL",0,0.571789623174227,0.843,0.809,0,"0","RPL36AL"
"0.IDS",0,0.677523202766653,0.401,0.368,0,"0","IDS"
"0.CCDC109B",0,0.798897290103603,0.251,0.218,0,"0","CCDC109B"
"0.RPL37",0,0.687451409965406,0.957,0.924,0,"0","RPL37"
"0.RPL35A",0,0.817282460300802,0.977,0.945,0,"0","RPL35A"
"0.RPS21",0,0.687453350068969,0.91,0.878,0,"0","RPS21"
"0.SNHG8",0,0.61369086505435,0.382,0.351,0,"0","SNHG8"
"0.RPL36",0,0.744874090420519,0.935,0.904,0,"0","RPL36"
"0.TXNIP",0,0.537821380352117,0.515,0.545,0,"0","TXNIP"
"0.RPS25",0,0.83927758944575,0.978,0.948,0,"0","RPS25"
"0.NEU1",0,0.712500541477872,0.314,0.286,0,"0","NEU1"
"0.RPS13",0,0.791514554914026,0.983,0.955,0,"0","RPS13"
"0.SF1",0,0.594704541531896,0.461,0.433,0,"0","SF1"
"0.ATP1A1",0,0.746076433056203,0.265,0.238,0,"0","ATP1A1"
"0.RPL3",0,0.874361850018281,0.977,0.95,0,"0","RPL3"
"0.RPL6",0,0.595738954414723,0.963,0.936,0,"0","RPL6"
"0.JUNB",0,0.680141974963862,0.834,0.807,0,"0","JUNB"
"0.RPS7",0,0.606837477429172,0.98,0.954,0,"0","RPS7"
"0.CDKN1B",0,0.546850997840465,0.29,0.264,0,"0","CDKN1B"
"0.ARID5A",0,0.665714909271452,0.268,0.243,0,"0","ARID5A"
"0.AES",0,0.615387537704079,0.294,0.269,0,"0","AES"
"0.RPLP0",0,0.509370211254582,0.952,0.927,0,"0","RPLP0"
"0.RPL21",0,0.861764221054276,0.951,0.926,0,"0","RPL21"
"0.RPS23",0,0.698472970255002,0.989,0.965,0,"0","RPS23"
"0.RPL12",0,0.601760461410035,0.98,0.956,0,"0","RPL12"
"0.NACA",0,0.527234284800026,0.927,0.903,0,"0","NACA"
"0.CHD2",0,0.62577691225308,0.306,0.282,0,"0","CHD2"
"0.RPS16",0,0.514889888202021,0.929,0.905,0,"0","RPS16"
"0.PPP1CB",0,0.738551650168022,0.275,0.252,0,"0","PPP1CB"
"0.RPL39",0,0.878460638048449,0.989,0.966,0,"0","RPL39"
"0.RPS15A",0,0.802078512854714,0.986,0.963,0,"0","RPS15A"
"0.SERTAD1",0,0.598213811760965,0.356,0.333,0,"0","SERTAD1"
"0.RPL34",0,0.970451149542776,0.99,0.968,0,"0","RPL34"
"0.RPL30",0,0.899207476856734,0.991,0.969,0,"0","RPL30"
"0.RPS6",0,0.79334864739798,0.975,0.953,0,"0","RPS6"
"0.RPL18",0,0.530095193493051,0.9,0.922,0,"0","RPL18"
"0.RPL35",0,0.546683915856992,0.925,0.904,0,"0","RPL35"
"0.RPS3",0,0.861281787683634,0.99,0.969,0,"0","RPS3"
"0.ZFP36",0,0.719019583471638,0.794,0.774,0,"0","ZFP36"
"0.RPL11",0,0.844737048533547,0.989,0.97,0,"0","RPL11"
"0.RPS8",0,0.624909489845137,0.984,0.965,0,"0","RPS8"
"0.RPL32",0,0.912215670392966,0.992,0.973,0,"0","RPL32"
"0.RPS3A",0,0.856057415860639,0.984,0.965,0,"0","RPS3A"
"0.RPS4X",0,0.743430011335097,0.991,0.972,0,"0","RPS4X"
"0.DDX24",0,0.557154530045752,0.435,0.416,0,"0","DDX24"
"0.RSL24D1",0,0.554376948933087,0.369,0.35,0,"0","RSL24D1"
"0.RPL23",0,0.55687186087458,0.653,0.634,0,"0","RPL23"
"0.RPS27",0,0.897354659153318,0.991,0.973,0,"0","RPS27"
"0.RPS27A",0,0.871992891389438,0.992,0.974,0,"0","RPS27A"
"0.RPL29",0,0.53207738311901,0.959,0.941,0,"0","RPL29"
"0.RPS14",0,0.739598645100195,0.991,0.973,0,"0","RPS14"
"0.RPS12",0,0.941821059977597,0.993,0.976,0,"0","RPS12"
"0.GLTSCR2",0,0.60924363989022,0.506,0.489,0,"0","GLTSCR2"
"0.RPS5",0,0.555949639205982,0.923,0.906,0,"0","RPS5"
"0.SELK",0,0.599780929351166,0.589,0.574,0,"0","SELK"
"0.RPL19",0,0.684570906487802,0.99,0.975,0,"0","RPL19"
"0.EML4",0,0.535425426087835,0.358,0.343,0,"0","EML4"
"0.RPS18",0,0.838010936672046,0.99,0.976,0,"0","RPS18"
"0.CYCS",0,0.516972491528449,0.487,0.501,0,"0","CYCS"
"0.RPL41",0,0.731672068899295,0.986,0.972,0,"0","RPL41"
"0.RPS17",0,0.786411078825622,0.532,0.545,0,"0","RPS17"
"0.GLIPR1",0,0.723255060401273,0.337,0.325,0,"0","GLIPR1"
"0.TPT1",0,0.584989740909847,0.982,0.97,0,"0","TPT1"
"0.RPL13",0,0.690027903563139,0.946,0.957,0,"0","RPL13"
"0.RPLP2",0,0.572375836184867,0.921,0.911,0,"0","RPLP2"
"0.RPS19",0,0.532763188833591,0.991,0.981,0,"0","RPS19"
"0.EEF1A1",0,0.782566802470119,0.994,0.986,0,"0","EEF1A1"
"0.RPL10",0,0.74834153702886,0.996,0.988,0,"0","RPL10"
"0.MALAT1",0,0.526098695538282,0.999,0.992,0,"0","MALAT1"
"0.EIF4B",0,0.570629530880077,0.352,0.346,0,"0","EIF4B"
"0.RPL13A",0,0.720614477041399,0.782,0.776,0,"0","RPL13A"
"0.RPL28",0,0.505606261350108,0.974,0.968,0,"0","RPL28"
"0.HNRNPA0",0,0.51010497024067,0.446,0.443,0,"0","HNRNPA0"
"0.RPS26",0,0.673020615347818,0.897,0.899,0,"0","RPS26"
"0.RPS28",0,0.640178523368691,0.941,0.943,0,"0","RPS28"
"0.RPL18A",0,0.535690309484905,0.95,0.952,0,"0","RPL18A"
"0.CDKN1A",0,0.663359162334296,0.367,0.368,0,"0","CDKN1A"
"0.TNFAIP8",3.77475828372553e-15,0.50203293430177,0.278,0.265,9.79021308467054e-11,"0","TNFAIP8"
"0.SBDS",7.88480392088786e-12,0.58808018364525,0.254,0.247,2.04500274492148e-07,"0","SBDS"
"0.SLC38A2",1.81488823969289e-10,0.502259009258519,0.261,0.255,4.70709413846748e-06,"0","SLC38A2"
"0.EIF2S3",7.60020376855408e-07,0.512068970914874,0.253,0.256,0.0197118884941219,"0","EIF2S3"
"0.RILPL2",3.70384586771966e-05,0.554078520126212,0.265,0.274,0.96062946425177,"0","RILPL2"
"1.CCL5",0,2.58814355671055,0.94,0.33,0,"1","CCL5"
"1.NKG7",0,2.15826464787881,0.739,0.157,0,"1","NKG7"
"1.CD8A",0,3.45017534960531,0.614,0.078,0,"1","CD8A"
"1.CCL4",0,2.77561781189418,0.751,0.251,0,"1","CCL4"
"1.CD8B",0,3.30876234473065,0.504,0.063,0,"1","CD8B"
"1.CST7",0,1.92519997749356,0.657,0.234,0,"1","CST7"
"1.GZMA",0,2.12506875668734,0.579,0.167,0,"1","GZMA"
"1.CTSW",0,2.0765962202061,0.538,0.137,0,"1","CTSW"
"1.ZNF683",0,3.29592132442311,0.404,0.051,0,"1","ZNF683"
"1.CD3E",0,1.16893566460597,0.778,0.436,0,"1","CD3E"
"1.GZMH",0,3.05927811164488,0.385,0.05,0,"1","GZMH"
"1.CD3D",0,1.1135913180661,0.71,0.39,0,"1","CD3D"
"1.GZMB",0,1.85125118412414,0.396,0.087,0,"1","GZMB"
"1.CD7",0,1.24391593568837,0.64,0.331,0,"1","CD7"
"1.IFNG",0,3.11028989404922,0.39,0.084,0,"1","IFNG"
"1.IL32",0,0.803514113820354,0.759,0.467,0,"1","IL32"
"1.CD69",0,1.12988147088432,0.765,0.49,0,"1","CD69"
"1.RP11-291B21.2",0,3.42404413096942,0.299,0.035,0,"1","RP11-291B21.2"
"1.CD2",0,0.805328973532388,0.641,0.388,0,"1","CD2"
"1.CCL4L2",0,2.46910430416099,0.385,0.139,0,"1","CCL4L2"
"1.KLRD1",0,1.73176812572509,0.322,0.079,0,"1","KLRD1"
"1.GZMK",0,1.97053034427049,0.359,0.124,0,"1","GZMK"
"1.XCL1",0,2.30677526196517,0.305,0.072,0,"1","XCL1"
"1.HOPX",0,1.63259480019762,0.345,0.116,0,"1","HOPX"
"1.LAG3",0,2.44660058231982,0.312,0.083,0,"1","LAG3"
"1.CD96",0,1.31370080848072,0.429,0.203,0,"1","CD96"
"1.DUSP4",0,0.927571003854446,0.515,0.295,0,"1","DUSP4"
"1.CD3G",0,1.25615089938379,0.441,0.223,0,"1","CD3G"
"1.CLEC2B",0,1.51684943240766,0.58,0.363,0,"1","CLEC2B"
"1.TUBA4A",0,1.34815742058419,0.503,0.291,0,"1","TUBA4A"
"1.APOBEC3G",0,1.72220677799152,0.427,0.215,0,"1","APOBEC3G"
"1.HCST",0,1.13295400207667,0.687,0.48,0,"1","HCST"
"1.LCK",0,1.03906700610118,0.476,0.269,0,"1","LCK"
"1.PRF1",0,1.62157492186965,0.291,0.086,0,"1","PRF1"
"1.GZMM",0,1.53892572012862,0.337,0.134,0,"1","GZMM"
"1.XCL2",0,2.39795833278835,0.263,0.062,0,"1","XCL2"
"1.PTPN22",0,1.60287955401532,0.376,0.182,0,"1","PTPN22"
"1.CD52",0,0.743507075012315,0.785,0.597,0,"1","CD52"
"1.ALOX5AP",0,1.15162038486954,0.552,0.367,0,"1","ALOX5AP"
"1.CBLB",0,1.49208843266203,0.358,0.174,0,"1","CBLB"
"1.TRBC2",0,0.817096781613126,0.506,0.323,0,"1","TRBC2"
"1.IFITM1",0,0.886969562048407,0.694,0.511,0,"1","IFITM1"
"1.EVL",0,1.03777646218449,0.584,0.411,0,"1","EVL"
"1.ANXA1",0,0.745295254666803,0.65,0.479,0,"1","ANXA1"
"1.C12orf75",0,1.36634656140762,0.316,0.147,0,"1","C12orf75"
"1.DUSP2",0,0.92752551333124,0.718,0.565,0,"1","DUSP2"
"1.RGCC",0,0.941950125847651,0.655,0.503,0,"1","RGCC"
"1.RARRES3",0,0.983587279793059,0.563,0.414,0,"1","RARRES3"
"1.ITM2A",0,0.865084543027995,0.384,0.238,0,"1","ITM2A"
"1.STK17A",0,0.827317843849885,0.49,0.345,0,"1","STK17A"
"1.ID2",0,0.902021039872219,0.478,0.338,0,"1","ID2"
"1.TRBC1",0,0.719060000380649,0.373,0.237,0,"1","TRBC1"
"1.FYN",0,0.823370335961721,0.363,0.229,0,"1","FYN"
"1.TIGIT",0,0.81443575077719,0.297,0.164,0,"1","TIGIT"
"1.OASL",0,1.32980296715611,0.265,0.133,0,"1","OASL"
"1.GNG2",0,1.01245854135803,0.381,0.249,0,"1","GNG2"
"1.CD99",0,0.857678360596138,0.634,0.504,0,"1","CD99"
"1.ACAP1",0,0.793472001876626,0.45,0.32,0,"1","ACAP1"
"1.TBC1D10C",0,1.03128783344534,0.337,0.21,0,"1","TBC1D10C"
"1.SH2D2A",0,0.905036923637927,0.294,0.169,0,"1","SH2D2A"
"1.PARP8",0,1.29892980435424,0.27,0.148,0,"1","PARP8"
"1.ITM2C",0,0.939385736715648,0.283,0.161,0,"1","ITM2C"
"1.PTPRC",0,0.659357887379103,0.781,0.664,0,"1","PTPRC"
"1.LAT",0,0.705641962261055,0.339,0.223,0,"1","LAT"
"1.RUNX3",0,1.16390331045909,0.287,0.172,0,"1","RUNX3"
"1.SKAP1",0,0.81999429728883,0.314,0.199,0,"1","SKAP1"
"1.CD247",0,0.659521726411297,0.313,0.2,0,"1","CD247"
"1.CLEC2D",0,0.677012166646665,0.352,0.239,0,"1","CLEC2D"
"1.RAC2",0,0.679595403401637,0.646,0.534,0,"1","RAC2"
"1.SEPT1",0,0.906354770839194,0.32,0.209,0,"1","SEPT1"
"1.SLA",0,1.07463403668125,0.414,0.304,0,"1","SLA"
"1.PPP2R5C",0,0.849508526793486,0.397,0.29,0,"1","PPP2R5C"
"1.PRKCH",0,1.05794742654837,0.268,0.161,0,"1","PRKCH"
"1.CXCR4",0,0.515466073265141,0.785,0.678,0,"1","CXCR4"
"1.TNFAIP3",0,0.572421049610111,0.712,0.605,0,"1","TNFAIP3"
"1.SYTL3",0,0.949733833530756,0.296,0.189,0,"1","SYTL3"
"1.PSTPIP1",0,1.22444222955047,0.266,0.161,0,"1","PSTPIP1"
"1.RNF19A",0,0.833776732542361,0.365,0.26,0,"1","RNF19A"
"1.IL2RG",0,0.681105228405455,0.57,0.465,0,"1","IL2RG"
"1.SLC9A3R1",0,0.927240441831975,0.369,0.265,0,"1","SLC9A3R1"
"1.OXNAD1",0,0.892158390905278,0.262,0.16,0,"1","OXNAD1"
"1.RHOH",0,0.636099466299061,0.489,0.387,0,"1","RHOH"
"1.GABARAPL1",0,1.18621496571266,0.287,0.188,0,"1","GABARAPL1"
"1.IFITM2",0,0.569361060086118,0.685,0.588,0,"1","IFITM2"
"1.PHLDA1",0,0.939617247513608,0.367,0.27,0,"1","PHLDA1"
"1.ADGRE5",0,0.932369492284105,0.387,0.291,0,"1","ADGRE5"
"1.CORO1A",0,0.652616822200446,0.645,0.549,0,"1","CORO1A"
"1.C9orf142",0,0.965466857773534,0.388,0.295,0,"1","C9orf142"
"1.LINC00152",0,0.953896669337147,0.322,0.229,0,"1","LINC00152"
"1.LDLRAD4",0,1.35329227924496,0.255,0.162,0,"1","LDLRAD4"
"1.CRIP1",0,0.81521948107355,0.349,0.256,0,"1","CRIP1"
"1.CD27",0,0.751965989648607,0.33,0.24,0,"1","CD27"
"1.LBH",0,0.555815342898243,0.341,0.253,0,"1","LBH"
"1.CYTIP",0,0.563697182696881,0.601,0.514,0,"1","CYTIP"
"1.MYADM",0,0.857685441690819,0.384,0.298,0,"1","MYADM"
"1.MYL12A",0,0.615941513687274,0.789,0.704,0,"1","MYL12A"
"1.SRSF7",0,0.709897404452493,0.696,0.611,0,"1","SRSF7"
"1.CKLF",0,0.937810550513168,0.315,0.231,0,"1","CKLF"
"1.LSP1",0,0.716688067656988,0.554,0.471,0,"1","LSP1"
"1.STK17B",0,0.60921231147725,0.508,0.428,0,"1","STK17B"
"1.LEPROTL1",0,0.575119792074555,0.494,0.414,0,"1","LEPROTL1"
"1.COTL1",0,0.51511898453109,0.616,0.536,0,"1","COTL1"
"1.ARHGAP9",0,0.920110490946301,0.293,0.214,0,"1","ARHGAP9"
"1.SEPT7",0,0.699018370456872,0.487,0.409,0,"1","SEPT7"
"1.PLP2",0,0.700839036841545,0.46,0.382,0,"1","PLP2"
"1.RALGAPA1",0,0.879350109079742,0.276,0.199,0,"1","RALGAPA1"
"1.SOCS1",0,0.641740980655765,0.402,0.326,0,"1","SOCS1"
"1.RHOF",0,0.798070343572792,0.258,0.184,0,"1","RHOF"
"1.SH3BGRL3",0,0.70509040296971,0.868,0.794,0,"1","SH3BGRL3"
"1.G3BP2",0,0.864604943248695,0.346,0.272,0,"1","G3BP2"
"1.ZFP36L2",0,0.678225410589238,0.85,0.777,0,"1","ZFP36L2"
"1.TAGAP",0,0.901813911893996,0.402,0.332,0,"1","TAGAP"
"1.HSPA1B",0,0.857326456121115,0.5,0.432,0,"1","HSPA1B"
"1.HERPUD2",0,1.02507442065885,0.259,0.191,0,"1","HERPUD2"
"1.PPDPF",0,0.623679458488047,0.726,0.658,0,"1","PPDPF"
"1.EMB",0,0.786035823449743,0.318,0.251,0,"1","EMB"
"1.CNN2",0,0.70128381088777,0.423,0.356,0,"1","CNN2"
"1.MAPRE2",0,0.955821690225543,0.252,0.186,0,"1","MAPRE2"
"1.TUBA1A",0,0.634942343617951,0.436,0.371,0,"1","TUBA1A"
"1.HSPA8",0,0.653954574740168,0.886,0.822,0,"1","HSPA8"
"1.DNAJB1",0,0.820509909967019,0.683,0.619,0,"1","DNAJB1"
"1.PTPN7",0,0.85143398926416,0.261,0.197,0,"1","PTPN7"
"1.PIK3R1",0,0.890158486133366,0.319,0.255,0,"1","PIK3R1"
"1.LINC-PINT",0,0.592143005825341,0.407,0.343,0,"1","LINC-PINT"
"1.OCIAD2",0,0.520502769088766,0.32,0.257,0,"1","OCIAD2"
"1.ZFP36",0,0.585885241870373,0.828,0.768,0,"1","ZFP36"
"1.KIAA1551",0,0.711033095991155,0.331,0.272,0,"1","KIAA1551"
"1.DNAJA1",0,0.648469679114228,0.667,0.61,0,"1","DNAJA1"
"1.HSPA1A",0,0.728830568389657,0.576,0.519,0,"1","HSPA1A"
"1.NR4A2",0,0.53107976496619,0.609,0.553,0,"1","NR4A2"
"1.BUB3",0,0.717665594890555,0.314,0.259,0,"1","BUB3"
"1.UBB",0,0.536827265252144,0.839,0.784,0,"1","UBB"
"1.ANXA6",0,0.705780702367347,0.289,0.237,0,"1","ANXA6"
"1.MYL12B",0,0.531659322955345,0.644,0.595,0,"1","MYL12B"
"1.TSPYL2",0,0.649151045591651,0.265,0.217,0,"1","TSPYL2"
"1.ARHGEF1",0,0.716069697126248,0.275,0.228,0,"1","ARHGEF1"
"1.PDCD4",0,0.590200678331846,0.319,0.272,0,"1","PDCD4"
"1.SRSF2",0,0.668977834281559,0.594,0.55,0,"1","SRSF2"
"1.CNOT6L",0,0.528093627927297,0.261,0.219,0,"1","CNOT6L"
"1.TERF2IP",0,0.703215785727506,0.345,0.304,0,"1","TERF2IP"
"1.NEU1",0,0.862961510973555,0.325,0.285,0,"1","NEU1"
"1.PTGER4",0,0.595505497715829,0.294,0.254,0,"1","PTGER4"
"1.TMEM2",0,0.502922719688666,0.276,0.238,0,"1","TMEM2"
"1.CD82",0,0.712974704899362,0.269,0.231,0,"1","CD82"
"1.CCND3",0,0.500161715057959,0.303,0.265,0,"1","CCND3"
"1.PSMB9",0,0.517456426322539,0.553,0.516,0,"1","PSMB9"
"1.LCP1",0,0.524623451254717,0.448,0.411,0,"1","LCP1"
"1.CHORDC1",0,0.626129853854487,0.266,0.232,0,"1","CHORDC1"
"1.LCP2",0,0.657407417929871,0.315,0.281,0,"1","LCP2"
"1.CITED2",0,0.713012920429072,0.357,0.323,0,"1","CITED2"
"1.DOK2",0,0.590806617393339,0.306,0.278,0,"1","DOK2"
"1.DHRS7",0,0.683600142559241,0.298,0.27,0,"1","DHRS7"
"1.SHISA5",0,0.689214189991628,0.304,0.279,0,"1","SHISA5"
"1.PGK1",0,0.532565529038679,0.489,0.464,0,"1","PGK1"
"1.H3F3B",0,0.528876443055523,0.963,0.939,0,"1","H3F3B"
"1.WIPF1",0,0.558252132811022,0.365,0.341,0,"1","WIPF1"
"1.ZYX",0,0.587355519834488,0.344,0.32,0,"1","ZYX"
"1.HLA-B",0,0.575530885105954,0.969,0.95,0,"1","HLA-B"
"1.DRAP1",0,0.537852191140051,0.434,0.417,0,"1","DRAP1"
"1.CDK2AP2",0,0.641497085249464,0.311,0.299,0,"1","CDK2AP2"
"1.MSN",0,0.501907570144177,0.352,0.345,0,"1","MSN"
"1.RAP1B",0,0.507869141477658,0.352,0.346,0,"1","RAP1B"
"1.FGFR1OP2",2.22044604925031e-16,0.608590117177422,0.288,0.276,5.75894887333561e-12,"1","FGFR1OP2"
"1.PPP1R18",1.33226762955019e-15,0.595390733475714,0.295,0.285,3.45536932400137e-11,"1","PPP1R18"
"1.PRNP",3.77475828372553e-15,0.753753401360554,0.284,0.273,9.79021308467054e-11,"1","PRNP"
"1.CSRNP1",5.55111512312578e-15,0.538043610584097,0.329,0.32,1.4397372183339e-10,"1","CSRNP1"
"1.AMD1",3.50830475781549e-14,0.522831218736385,0.348,0.344,9.09913921987027e-10,"1","AMD1"
"1.MRPS6",9.59232693276135e-14,0.585213930357973,0.296,0.288,2.48786591328098e-09,"1","MRPS6"
"1.GTF2B",3.5438318946035e-13,0.512168918432651,0.294,0.281,9.19128240184364e-09,"1","GTF2B"
"1.CTSA",9.5590202420226e-13,0.580493297282727,0.252,0.24,2.47922748997098e-08,"1","CTSA"
"1.RBPJ",2.08402184398437e-11,0.541756373682198,0.291,0.285,5.40511905455787e-07,"1","RBPJ"
"1.GLUD1",1.9608006773808e-08,0.620878730228149,0.251,0.246,0.000508553263685485,"1","GLUD1"
"1.NCOR1",1.51991089269998e-07,0.516622988295739,0.29,0.295,0.00394204089130668,"1","NCOR1"
"1.UBE2A",1.88192023298228e-07,0.625333976485267,0.249,0.251,0.00488094831626285,"1","UBE2A"
"1.MAGOH",6.60120990314539e-07,0.503331540635136,0.25,0.249,0.0171208980047979,"1","MAGOH"
"1.NR4A1",0.256337794577359,0.518243284114093,0.336,0.365,1,"1","NR4A1"
"2.TIGIT",0,2.67470263574365,0.609,0.135,0,"2","TIGIT"
"2.TNFRSF4",0,4.31005128616631,0.528,0.069,0,"2","TNFRSF4"
"2.CTLA4",0,3.56295771383367,0.526,0.07,0,"2","CTLA4"
"2.DUSP4",0,1.9754832192654,0.733,0.286,0,"2","DUSP4"
"2.BATF",0,3.02981918480113,0.6,0.16,0,"2","BATF"
"2.TNFRSF18",0,3.36539654637657,0.514,0.081,0,"2","TNFRSF18"
"2.CD2",0,1.35652112284769,0.769,0.393,0,"2","CD2"
"2.ARID5B",0,2.00604613109372,0.631,0.259,0,"2","ARID5B"
"2.SPOCK2",0,1.76185003090643,0.565,0.211,0,"2","SPOCK2"
"2.FOXP3",0,5.26273110968289,0.363,0.014,0,"2","FOXP3"
"2.CD3D",0,0.960217569817229,0.757,0.412,0,"2","CD3D"
"2.IL32",0,1.74699846737498,0.828,0.483,0,"2","IL32"
"2.ICOS",0,1.91651923254447,0.493,0.161,0,"2","ICOS"
"2.CD27",0,1.73993991185541,0.543,0.22,0,"2","CD27"
"2.LTB",0,1.81755500626991,0.659,0.341,0,"2","LTB"
"2.CD3E",0,0.741202161722057,0.78,0.466,0,"2","CD3E"
"2.TRAC",0,1.57331257541858,0.586,0.277,0,"2","TRAC"
"2.AC133644.2",0,3.69936982165882,0.329,0.038,0,"2","AC133644.2"
"2.PMAIP1",0,2.17923423852385,0.485,0.196,0,"2","PMAIP1"
"2.TBC1D4",0,3.25648880266224,0.347,0.063,0,"2","TBC1D4"
"2.CARD16",0,2.05491047646969,0.525,0.251,0,"2","CARD16"
"2.TRBC2",0,1.07161235985232,0.6,0.327,0,"2","TRBC2"
"2.LAT",0,1.32162902383663,0.483,0.215,0,"2","LAT"
"2.RGS1",0,1.04476219726197,0.793,0.542,0,"2","RGS1"
"2.LCK",0,0.971374005594851,0.527,0.28,0,"2","LCK"
"2.BIRC3",0,1.22630440462175,0.628,0.389,0,"2","BIRC3"
"2.SKAP1",0,1.27384080260507,0.431,0.194,0,"2","SKAP1"
"2.ITM2A",0,1.25865381705945,0.473,0.24,0,"2","ITM2A"
"2.TNFRSF9",0,2.83681563465044,0.287,0.057,0,"2","TNFRSF9"
"2.CD7",0,0.825226311460242,0.594,0.364,0,"2","CD7"
"2.SH2D2A",0,1.45993246385718,0.395,0.166,0,"2","SH2D2A"
"2.GK",0,2.57256539811751,0.349,0.12,0,"2","GK"
"2.IL2RA",0,3.65583790832064,0.275,0.048,0,"2","IL2RA"
"2.SOD1",0,1.24071170651066,0.81,0.586,0,"2","SOD1"
"2.CORO1B",0,1.76221404461113,0.472,0.252,0,"2","CORO1B"
"2.RHBDD2",0,1.75496086829608,0.398,0.18,0,"2","RHBDD2"
"2.IL2RG",0,1.09329944533871,0.678,0.461,0,"2","IL2RG"
"2.CD247",0,1.00416668558286,0.412,0.197,0,"2","CD247"
"2.PHLDA1",0,1.15075023832483,0.479,0.264,0,"2","PHLDA1"
"2.RORA",0,1.15487690502497,0.399,0.185,0,"2","RORA"
"2.SIRPG",0,1.97433106660787,0.294,0.08,0,"2","SIRPG"
"2.TRBC1",0,1.11145368621608,0.441,0.24,0,"2","TRBC1"
"2.CLEC2D",0,1.12175312034224,0.435,0.238,0,"2","CLEC2D"
"2.PIM2",0,1.55680678208673,0.388,0.192,0,"2","PIM2"
"2.PBXIP1",0,1.6431531405236,0.325,0.131,0,"2","PBXIP1"
"2.DNPH1",0,1.7024561343938,0.425,0.232,0,"2","DNPH1"
"2.PELI1",0,1.92591009894763,0.349,0.158,0,"2","PELI1"
"2.CACYBP",0,1.35369678065495,0.545,0.355,0,"2","CACYBP"
"2.SH2D1A",0,1.44272933719622,0.323,0.133,0,"2","SH2D1A"
"2.RHOH",0,0.707600760466442,0.575,0.385,0,"2","RHOH"
"2.CD3G",0,0.660892481555707,0.431,0.244,0,"2","CD3G"
"2.SELL",0,1.03097140495089,0.367,0.181,0,"2","SELL"
"2.LBH",0,0.924845225486179,0.434,0.248,0,"2","LBH"
"2.NR3C1",0,1.53231979493329,0.514,0.328,0,"2","NR3C1"
"2.CD28",0,1.84174823104716,0.259,0.075,0,"2","CD28"
"2.TANK",0,1.46511042825554,0.416,0.232,0,"2","TANK"
"2.BTG3",0,1.54876459525665,0.379,0.196,0,"2","BTG3"
"2.TNFRSF1B",0,1.46270923733293,0.465,0.289,0,"2","TNFRSF1B"
"2.TMEM173",0,1.54826392111405,0.334,0.158,0,"2","TMEM173"
"2.S100A4",0,0.947115281821201,0.865,0.691,0,"2","S100A4"
"2.SAMSN1",0,1.06237838150321,0.545,0.372,0,"2","SAMSN1"
"2.SNX9",0,1.59040132546197,0.346,0.174,0,"2","SNX9"
"2.RNF19A",0,0.933539204315517,0.43,0.261,0,"2","RNF19A"
"2.CYTIP",0,0.825119106649634,0.679,0.511,0,"2","CYTIP"
"2.HNRNPLL",0,1.48392344636027,0.304,0.136,0,"2","HNRNPLL"
"2.MIR4435-2HG",0,1.97001664135146,0.288,0.12,0,"2","MIR4435-2HG"
"2.FAS",0,1.75728889644754,0.27,0.103,0,"2","FAS"
"2.CNIH1",0,1.62337295885327,0.379,0.215,0,"2","CNIH1"
"2.STK17B",0,0.84941416572264,0.588,0.424,0,"2","STK17B"
"2.ITK",0,1.05020236022663,0.316,0.153,0,"2","ITK"
"2.TNIK",0,1.7411816583084,0.251,0.089,0,"2","TNIK"
"2.IL6ST",0,1.63275051183521,0.325,0.164,0,"2","IL6ST"
"2.PTTG1",0,1.14328978452079,0.3,0.141,0,"2","PTTG1"
"2.CD82",0,1.15179040542973,0.379,0.22,0,"2","CD82"
"2.CD5",0,1.44934560221121,0.255,0.096,0,"2","CD5"
"2.GBP5",0,1.36320499045615,0.355,0.196,0,"2","GBP5"
"2.EPC1",0,1.03775790196117,0.524,0.366,0,"2","EPC1"
"2.SYNE2",0,0.96275159618091,0.349,0.194,0,"2","SYNE2"
"2.PHTF2",0,1.85970628773076,0.251,0.099,0,"2","PHTF2"
"2.GBP2",0,1.28404519214648,0.372,0.221,0,"2","GBP2"
"2.HTATIP2",0,2.00150747930027,0.289,0.138,0,"2","HTATIP2"
"2.SEPT6",0,0.929406879903458,0.492,0.342,0,"2","SEPT6"
"2.PRDM1",0,1.31555784963285,0.34,0.191,0,"2","PRDM1"
"2.P2RY10",0,1.16643755645281,0.277,0.128,0,"2","P2RY10"
"2.PIK3IP1",0,0.930979967608436,0.349,0.201,0,"2","PIK3IP1"
"2.RAB11FIP1",0,1.61525999786259,0.287,0.14,0,"2","RAB11FIP1"
"2.WHSC1L1",0,1.08525604627398,0.413,0.266,0,"2","WHSC1L1"
"2.RAC2",0,0.676966602676928,0.684,0.539,0,"2","RAC2"
"2.ARL6IP5",0,0.861864134914098,0.604,0.459,0,"2","ARL6IP5"
"2.UGP2",0,1.54329527568426,0.343,0.199,0,"2","UGP2"
"2.GNG2",0,0.695838512085581,0.4,0.258,0,"2","GNG2"
"2.MAF",0,1.47357255870403,0.259,0.117,0,"2","MAF"
"2.PARK7",0,0.880699479530733,0.589,0.447,0,"2","PARK7"
"2.FCMR",0,1.06999982213192,0.276,0.135,0,"2","FCMR"
"2.PRDX2",0,0.931177783763671,0.388,0.247,0,"2","PRDX2"
"2.ETS1",0,1.03369132882016,0.283,0.142,0,"2","ETS1"
"2.PTPRC",0,0.674298070214626,0.811,0.671,0,"2","PTPRC"
"2.STK4",0,0.784102311015097,0.637,0.497,0,"2","STK4"
"2.CCND2",0,1.12040964630094,0.316,0.177,0,"2","CCND2"
"2.ICAM3",0,0.7663280178446,0.406,0.269,0,"2","ICAM3"
"2.C12orf57",0,0.637427174936967,0.6,0.464,0,"2","C12orf57"
"2.GRSF1",0,1.55485025884617,0.309,0.174,0,"2","GRSF1"
"2.TRAF3IP3",0,0.894840003400557,0.36,0.225,0,"2","TRAF3IP3"
"2.OXNAD1",0,0.886350222588459,0.299,0.165,0,"2","OXNAD1"
"2.PKM",0,0.979833642398954,0.54,0.407,0,"2","PKM"
"2.STAT3",0,0.913612089258824,0.516,0.383,0,"2","STAT3"
"2.GATA3",0,1.03588842074235,0.267,0.136,0,"2","GATA3"
"2.LINC00152",0,1.02603706555326,0.363,0.232,0,"2","LINC00152"
"2.PPM1G",0,1.02407786562915,0.372,0.242,0,"2","PPM1G"
"2.UCP2",0,1.07348539609234,0.508,0.378,0,"2","UCP2"
"2.CXCR3",0,0.991805614513628,0.279,0.151,0,"2","CXCR3"
"2.ZNF292",0,1.35905134424866,0.279,0.152,0,"2","ZNF292"
"2.SIT1",0,1.03082525390687,0.253,0.126,0,"2","SIT1"
"2.ZBTB38",0,1.45194328877814,0.279,0.153,0,"2","ZBTB38"
"2.OPTN",0,0.879117371912849,0.325,0.199,0,"2","OPTN"
"2.NDUFV2",0,0.986025499402344,0.498,0.372,0,"2","NDUFV2"
"2.ANAPC16",0,0.73020794836961,0.541,0.416,0,"2","ANAPC16"
"2.OCIAD2",0,0.55217592798542,0.38,0.255,0,"2","OCIAD2"
"2.PGAM1",0,0.852548776591297,0.47,0.346,0,"2","PGAM1"
"2.NOP58",0,1.06662343014021,0.343,0.22,0,"2","NOP58"
"2.MAT2B",0,1.11962991431139,0.324,0.203,0,"2","MAT2B"
"2.USP15",0,0.95576703771962,0.399,0.28,0,"2","USP15"
"2.CALM3",0,0.725536857530563,0.468,0.35,0,"2","CALM3"
"2.CREM",0,0.681582278804741,0.626,0.508,0,"2","CREM"
"2.CIRBP",0,0.694007628367046,0.709,0.593,0,"2","CIRBP"
"2.GMFG",0,0.671086405730444,0.594,0.478,0,"2","GMFG"
"2.SUMO2",0,0.674027879769518,0.782,0.667,0,"2","SUMO2"
"2.LYST",0,0.974323894191405,0.261,0.147,0,"2","LYST"
"2.PRKCH",0,0.726543850143189,0.283,0.169,0,"2","PRKCH"
"2.NDFIP1",0,0.759373717841293,0.458,0.345,0,"2","NDFIP1"
"2.ISG20",0,0.538583387047052,0.557,0.444,0,"2","ISG20"
"2.FAM129A",0,1.15893558946635,0.265,0.152,0,"2","FAM129A"
"2.PTPN22",0,0.687450652615308,0.318,0.206,0,"2","PTPN22"
"2.CDKN1B",0,0.786471255664158,0.37,0.258,0,"2","CDKN1B"
"2.CFLAR",0,0.955807183519961,0.416,0.306,0,"2","CFLAR"
"2.UBE2B",0,0.984492137175114,0.509,0.399,0,"2","UBE2B"
"2.C9orf16",0,0.912873278079911,0.496,0.386,0,"2","C9orf16"
"2.LSP1",0,0.522078718528189,0.584,0.475,0,"2","LSP1"
"2.GALM",0,1.1949902810834,0.257,0.15,0,"2","GALM"
"2.YWHAB",0,0.675971351598169,0.637,0.53,0,"2","YWHAB"
"2.ENO1",0,0.680304014711243,0.516,0.412,0,"2","ENO1"
"2.PPP1R2",0,0.755060179564973,0.526,0.422,0,"2","PPP1R2"
"2.PTPN7",0,0.772017780748425,0.302,0.198,0,"2","PTPN7"
"2.CTSC",0,0.600550807542789,0.455,0.352,0,"2","CTSC"
"2.TTC39C",0,0.935385409483788,0.258,0.156,0,"2","TTC39C"
"2.SRP14",0,0.559577299310936,0.791,0.69,0,"2","SRP14"
"2.AHSA1",0,1.005586273341,0.319,0.219,0,"2","AHSA1"
"2.JAK1",0,0.706144608648955,0.507,0.408,0,"2","JAK1"
"2.UBE2D2",0,0.649689525374878,0.546,0.447,0,"2","UBE2D2"
"2.EPSTI1",0,0.934539383731666,0.336,0.238,0,"2","EPSTI1"
"2.GPBP1",0,0.646255601631493,0.504,0.406,0,"2","GPBP1"
"2.DOK2",0,0.750634601595819,0.37,0.272,0,"2","DOK2"
"2.CD4",0,1.02215544451869,0.264,0.167,0,"2","CD4"
"2.MRPS6",0,0.745397909904714,0.376,0.279,0,"2","MRPS6"
"2.PSMB8",0,0.653617788731492,0.487,0.391,0,"2","PSMB8"
"2.SH3KBP1",0,0.748677572724477,0.346,0.25,0,"2","SH3KBP1"
"2.TERF2IP",0,0.620247576403019,0.396,0.301,0,"2","TERF2IP"
"2.CNOT6L",0,0.667578089916438,0.311,0.216,0,"2","CNOT6L"
"2.FKBP1A",0,0.628298249983677,0.467,0.376,0,"2","FKBP1A"
"2.SOCS1",0,0.524360732865578,0.421,0.33,0,"2","SOCS1"
"2.FAM107B",0,0.905673958173666,0.302,0.212,0,"2","FAM107B"
"2.NAP1L4",0,0.872106368356033,0.271,0.182,0,"2","NAP1L4"
"2.LIMD2",0,0.576488855894175,0.546,0.458,0,"2","LIMD2"
"2.TNIP1",0,0.958311574663437,0.279,0.192,0,"2","TNIP1"
"2.CHORDC1",0,0.775089482822906,0.316,0.229,0,"2","CHORDC1"
"2.CDC42SE2",0,0.564928783219345,0.373,0.287,0,"2","CDC42SE2"
"2.DEDD2",0,0.948633636118239,0.268,0.182,0,"2","DEDD2"
"2.IQGAP1",0,0.802886550356659,0.36,0.274,0,"2","IQGAP1"
"2.SEC11C",0,0.525600203052565,0.347,0.261,0,"2","SEC11C"
"2.HBP1",0,0.770340062671727,0.275,0.19,0,"2","HBP1"
"2.RHOF",0,0.612137723608492,0.274,0.189,0,"2","RHOF"
"2.HMGN1",0,0.516086933978553,0.572,0.487,0,"2","HMGN1"
"2.HNRNPK",0,0.518485140250984,0.562,0.478,0,"2","HNRNPK"
"2.PSIP1",0,0.714767489888975,0.272,0.188,0,"2","PSIP1"
"2.PSMB1",0,0.593852316622348,0.467,0.384,0,"2","PSMB1"
"2.RPS27L",0,0.78213688476747,0.492,0.409,0,"2","RPS27L"
"2.LINC-PINT",0,0.508125207285041,0.428,0.346,0,"2","LINC-PINT"
"2.ANP32B",0,0.54336960540106,0.491,0.409,0,"2","ANP32B"
"2.HSPH1",0,0.576585325852861,0.528,0.446,0,"2","HSPH1"
"2.SUMO1",0,0.608347392347009,0.425,0.343,0,"2","SUMO1"
"2.UBE2N",0,0.661877888595259,0.363,0.282,0,"2","UBE2N"
"2.DDX24",0,0.537892497275448,0.492,0.411,0,"2","DDX24"
"2.RABGAP1L",0,0.797596971780045,0.268,0.188,0,"2","RABGAP1L"
"2.BRK1",0,0.536146268058331,0.516,0.436,0,"2","BRK1"
"2.BUB3",0,0.591926466625174,0.341,0.261,0,"2","BUB3"
"2.ELOVL5",0,0.656989103062319,0.301,0.221,0,"2","ELOVL5"
"2.AKIRIN2",0,0.901090793881189,0.307,0.227,0,"2","AKIRIN2"
"2.RAP1A",0,0.754680869966615,0.372,0.293,0,"2","RAP1A"
"2.ARID4B",0,0.63146025925651,0.395,0.316,0,"2","ARID4B"
"2.ANXA7",0,0.885492644664799,0.279,0.201,0,"2","ANXA7"
"2.RSRC2",0,0.639479317151258,0.387,0.309,0,"2","RSRC2"
"2.MEAF6",0,0.710879255940766,0.305,0.229,0,"2","MEAF6"
"2.DNAJA1",0,0.642912376330241,0.688,0.612,0,"2","DNAJA1"
"2.ISCU",0,0.677383208113201,0.438,0.363,0,"2","ISCU"
"2.TSPYL2",0,0.597336045798634,0.293,0.218,0,"2","TSPYL2"
"2.HSPD1",0,0.727408642648756,0.579,0.504,0,"2","HSPD1"
"2.PAK2",0,0.752698259968541,0.355,0.28,0,"2","PAK2"
"2.PAIP2",0,0.640186536504684,0.421,0.347,0,"2","PAIP2"
"2.LIMS1",0,0.792998023464625,0.29,0.216,0,"2","LIMS1"
"2.GAPDH",0,0.633825780340936,0.948,0.874,0,"2","GAPDH"
"2.TPR",0,0.77402405268487,0.33,0.257,0,"2","TPR"
"2.PSMB3",0,0.59919060891039,0.401,0.328,0,"2","PSMB3"
"2.RHOG",0,0.588253202866155,0.413,0.34,0,"2","RHOG"
"2.SF3B1",0,0.623105863960549,0.372,0.301,0,"2","SF3B1"
"2.ANXA6",0,0.54938637964133,0.309,0.239,0,"2","ANXA6"
"2.ATPIF1",0,0.62161439279142,0.426,0.357,0,"2","ATPIF1"
"2.CLK1",0,0.569881590261008,0.427,0.358,0,"2","CLK1"
"2.RBPJ",0,0.778378384861095,0.348,0.279,0,"2","RBPJ"
"2.UBC",0,0.763043284291667,0.905,0.837,0,"2","UBC"
"2.CCT3",0,0.650065596191099,0.337,0.269,0,"2","CCT3"
"2.ARID5A",0,0.668553378499552,0.309,0.241,0,"2","ARID5A"
"2.HLA-F",0,0.568815469879614,0.39,0.322,0,"2","HLA-F"
"2.DEF6",0,0.642896039860593,0.269,0.201,0,"2","DEF6"
"2.ANKRD12",0,0.574655771591945,0.493,0.425,0,"2","ANKRD12"
"2.PLIN2",0,0.696562397477915,0.292,0.224,0,"2","PLIN2"
"2.CCNI",0,0.534427636036832,0.743,0.675,0,"2","CCNI"
"2.CUTA",0,0.596827531631232,0.461,0.394,0,"2","CUTA"
"2.MRPL18",0,0.772882140224866,0.351,0.284,0,"2","MRPL18"
"2.PPP1CC",0,0.831093336569718,0.33,0.263,0,"2","PPP1CC"
"2.SYF2",0,0.609608514897885,0.32,0.254,0,"2","SYF2"
"2.HSPE1",0,0.725006964254767,0.656,0.591,0,"2","HSPE1"
"2.DYNLRB1",0,0.606514603815633,0.386,0.321,0,"2","DYNLRB1"
"2.HCLS1",0,0.505324111175228,0.452,0.388,0,"2","HCLS1"
"2.TAP1",0,0.501287356247359,0.379,0.315,0,"2","TAP1"
"2.G3BP2",0,0.655281337277694,0.342,0.279,0,"2","G3BP2"
"2.BTN3A2",0,0.627081333306378,0.261,0.198,0,"2","BTN3A2"
"2.ZFAND2A",0,0.673683657158769,0.264,0.201,0,"2","ZFAND2A"
"2.ATRX",0,0.581847221728796,0.349,0.286,0,"2","ATRX"
"2.CCT4",0,0.621321710281313,0.373,0.311,0,"2","CCT4"
"2.GLRX",0,0.855984722356642,0.333,0.271,0,"2","GLRX"
"2.GLUD1",0,0.656858442837684,0.302,0.24,0,"2","GLUD1"
"2.MTHFD2",0,0.805488768972269,0.3,0.239,0,"2","MTHFD2"
"2.HNRNPH3",0,0.569115769680588,0.307,0.246,0,"2","HNRNPH3"
"2.SLBP",0,0.567871712490399,0.289,0.228,0,"2","SLBP"
"2.HSP90AB1",0,0.570913586286605,0.831,0.77,0,"2","HSP90AB1"
"2.AIP",0,0.679745896239287,0.268,0.208,0,"2","AIP"
"2.SMAP2",0,0.758373541622834,0.261,0.203,0,"2","SMAP2"
"2.RAD21",0,0.555663120796679,0.271,0.214,0,"2","RAD21"
"2.TSC22D4",0,0.625184312996292,0.253,0.196,0,"2","TSC22D4"
"2.TBCB",0,0.651760853890098,0.318,0.261,0,"2","TBCB"
"2.GCC2",0,0.561048313592241,0.284,0.227,0,"2","GCC2"
"2.CSK",0,0.675389274698028,0.271,0.215,0,"2","CSK"
"2.COX17",0,0.701508732348509,0.314,0.258,0,"2","COX17"
"2.TAX1BP1",0,0.554505149505469,0.376,0.32,0,"2","TAX1BP1"
"2.EID1",0,0.587670916177534,0.363,0.307,0,"2","EID1"
"2.WDR1",0,0.54121354078036,0.336,0.282,0,"2","WDR1"
"2.MPHOSPH8",0,0.526093644349433,0.317,0.263,0,"2","MPHOSPH8"
"2.PIM3",0,0.711059465797969,0.329,0.275,0,"2","PIM3"
"2.ERH",0,0.508665810923232,0.405,0.352,0,"2","ERH"
"2.IFI16",0,0.542649813325833,0.411,0.358,0,"2","IFI16"
"2.VMP1",0,0.556913761602088,0.338,0.286,0,"2","VMP1"
"2.MDH1",0,0.569614088248335,0.262,0.21,0,"2","MDH1"
"2.ANXA11",0,0.50062818294315,0.388,0.336,0,"2","ANXA11"
"2.LPXN",0,0.597030062871191,0.271,0.221,0,"2","LPXN"
"2.PSMC5",0,0.632927200901916,0.28,0.23,0,"2","PSMC5"
"2.APBB1IP",0,0.516080648117586,0.324,0.274,0,"2","APBB1IP"
"2.PSMD8",0,0.528885412209301,0.36,0.31,0,"2","PSMD8"
"2.NUDC",0,0.654327294380939,0.292,0.243,0,"2","NUDC"
"2.PEBP1",0,0.508665135115611,0.425,0.376,0,"2","PEBP1"
"2.SDF4",0,0.676348792367743,0.305,0.257,0,"2","SDF4"
"2.MRFAP1",0,0.573861846634055,0.284,0.236,0,"2","MRFAP1"
"2.TNFAIP8",0,0.645554403479111,0.311,0.263,0,"2","TNFAIP8"
"2.PPP1R12A",0,0.51713183363717,0.278,0.232,0,"2","PPP1R12A"
"2.VCP",0,0.533123236319189,0.354,0.308,0,"2","VCP"
"2.MYCBP2",0,0.582690055407659,0.286,0.24,0,"2","MYCBP2"
"2.SCAND1",0,0.68530068919676,0.343,0.299,0,"2","SCAND1"
"2.IGBP1",0,0.585517982877694,0.254,0.21,0,"2","IGBP1"
"2.TNFRSF14",0,0.640909020016162,0.296,0.252,0,"2","TNFRSF14"
"2.PSMA5",0,0.512089142451531,0.294,0.251,0,"2","PSMA5"
"2.IL10RA",0,0.632182827708128,0.312,0.269,0,"2","IL10RA"
"2.TMCO1",0,0.558493777151524,0.263,0.222,0,"2","TMCO1"
"2.OTUB1",0,0.569725631915299,0.265,0.224,0,"2","OTUB1"
"2.HLA-A",0,0.761988791937794,0.947,0.906,0,"2","HLA-A"
"2.ZFAND5",0,0.61468866473227,0.391,0.351,0,"2","ZFAND5"
"2.RANBP1",0,0.534195753593738,0.29,0.251,0,"2","RANBP1"
"2.TBRG1",0,0.509890578812118,0.278,0.24,0,"2","TBRG1"
"2.GTF3C6",0,0.585212229230223,0.262,0.228,0,"2","GTF3C6"
"2.RAB11B",0,0.601904057396897,0.252,0.218,0,"2","RAB11B"
"2.ADRM1",0,0.508735508983512,0.282,0.248,0,"2","ADRM1"
"2.PHPT1",0,0.585237152374329,0.292,0.263,0,"2","PHPT1"
"2.MRPL33",2.22044604925031e-16,0.557760856338878,0.254,0.218,5.75894887333561e-12,"2","MRPL33"
"2.VOPP1",2.22044604925031e-16,0.627584423010894,0.254,0.222,5.75894887333561e-12,"2","VOPP1"
"2.CLTB",6.66133814775094e-16,0.516823019320502,0.265,0.234,1.72768466200068e-11,"2","CLTB"
"2.UQCRC2",5.77315972805081e-14,0.521637312321996,0.252,0.222,1.49732670706726e-09,"2","UQCRC2"
"2.NFE2L2",8.21565038222616e-14,0.502321694546428,0.309,0.283,2.13081108313418e-09,"2","NFE2L2"
"2.NOL7",5.72208946891806e-13,0.509113915292954,0.273,0.246,1.48408112465859e-08,"2","NOL7"
"2.BAX",1.10444986489711e-12,0.528605712107298,0.295,0.27,2.86450116959713e-08,"2","BAX"
"2.PSMB2",1.43818290609943e-12,0.506218278436537,0.262,0.235,3.73007118525948e-08,"2","PSMB2"
"2.LINC01420",9.04760710795927e-11,0.523637967965513,0.253,0.23,2.34658737952032e-06,"2","LINC01420"
"2.JUND",0.638991683411675,0.642963085370592,0.343,0.38,1,"2","JUND"
"3.C1QC",0,5.71912436518372,0.899,0.05,0,"3","C1QC"
"3.C1QA",0,5.63482357000952,0.903,0.056,0,"3","C1QA"
"3.C1QB",0,5.69377937118981,0.901,0.057,0,"3","C1QB"
"3.FCER1G",0,3.45914163431104,0.954,0.13,0,"3","FCER1G"
"3.CD68",0,4.6424646585066,0.909,0.088,0,"3","CD68"
"3.AIF1",0,3.61438995649767,0.917,0.098,0,"3","AIF1"
"3.TYROBP",0,3.51021846757581,0.972,0.153,0,"3","TYROBP"
"3.CST3",0,3.33514441579037,0.948,0.14,0,"3","CST3"
"3.APOE",0,6.38118725945914,0.868,0.097,0,"3","APOE"
"3.MS4A6A",0,4.13165370628905,0.843,0.075,0,"3","MS4A6A"
"3.MS4A7",0,5.02049192314292,0.812,0.05,0,"3","MS4A7"
"3.APOC1",0,6.11108816743298,0.802,0.042,0,"3","APOC1"
"3.LYZ",0,2.91062009016277,0.86,0.102,0,"3","LYZ"
"3.FCGR3A",0,3.90386843957473,0.819,0.064,0,"3","FCGR3A"
"3.FCGRT",0,4.12016807445115,0.855,0.108,0,"3","FCGRT"
"3.CD14",0,4.77350011159608,0.783,0.045,0,"3","CD14"
"3.FCGR2A",0,4.68624503822551,0.779,0.043,0,"3","FCGR2A"
"3.MARCKS",0,4.16208794476439,0.786,0.065,0,"3","MARCKS"
"3.MAFB",0,4.46598294351647,0.768,0.047,0,"3","MAFB"
"3.GLUL",0,3.23215959692034,0.895,0.175,0,"3","GLUL"
"3.CTSB",0,4.29256699396863,0.94,0.22,0,"3","CTSB"
"3.GRN",0,3.61127553213383,0.878,0.159,0,"3","GRN"
"3.PLAUR",0,2.90509841314665,0.804,0.099,0,"3","PLAUR"
"3.RNF130",0,3.57805578701982,0.783,0.079,0,"3","RNF130"
"3.CYBB",0,3.81408468654989,0.769,0.068,0,"3","CYBB"
"3.TMEM176B",0,4.71461242548092,0.743,0.045,0,"3","TMEM176B"
"3.DAB2",0,6.00654772743853,0.718,0.024,0,"3","DAB2"
"3.SPI1",0,3.35869980564539,0.771,0.079,0,"3","SPI1"
"3.CTSZ",0,4.03714587433778,0.804,0.112,0,"3","CTSZ"
"3.NPC2",0,3.23545373763897,0.95,0.258,0,"3","NPC2"
"3.CTSL",0,4.05918554347988,0.76,0.071,0,"3","CTSL"
"3.TMEM176A",0,4.71248955551679,0.717,0.041,0,"3","TMEM176A"
"3.RNASE1",0,6.38715092462205,0.699,0.023,0,"3","RNASE1"
"3.PLTP",0,6.30658604318294,0.689,0.027,0,"3","PLTP"
"3.LGMN",0,5.18537785068247,0.706,0.045,0,"3","LGMN"
"3.CREG1",0,3.87615716421238,0.715,0.067,0,"3","CREG1"
"3.SERPINA1",0,3.05839093681939,0.707,0.059,0,"3","SERPINA1"
"3.CSF1R",0,4.59725303886945,0.682,0.036,0,"3","CSF1R"
"3.LST1",0,2.30122500634391,0.739,0.095,0,"3","LST1"
"3.IER3",0,3.08157100805262,0.77,0.127,0,"3","IER3"
"3.MSR1",0,5.59642981945441,0.66,0.019,0,"3","MSR1"
"3.ASAH1",0,3.17702615884476,0.772,0.133,0,"3","ASAH1"
"3.CXCL16",0,3.40093126437978,0.705,0.066,0,"3","CXCL16"
"3.PSAP",0,3.57700316499852,0.948,0.313,0,"3","PSAP"
"3.ADAP2",0,4.73500670481782,0.666,0.035,0,"3","ADAP2"
"3.MFSD1",0,3.14053322225889,0.726,0.097,0,"3","MFSD1"
"3.RAB31",0,3.38212494834649,0.694,0.065,0,"3","RAB31"
"3.RASSF4",0,4.14140106882193,0.669,0.044,0,"3","RASSF4"
"3.GSN",0,3.2468292324739,0.692,0.071,0,"3","GSN"
"3.SLCO2B1",0,6.06288337028261,0.635,0.015,0,"3","SLCO2B1"
"3.HLA-DMA",0,2.52866830472109,0.852,0.236,0,"3","HLA-DMA"
"3.CTSH",0,2.84174378342816,0.737,0.122,0,"3","CTSH"
"3.SOD2",0,2.87082938363632,0.855,0.241,0,"3","SOD2"
"3.TGFBI",0,3.93846986708179,0.661,0.048,0,"3","TGFBI"
"3.HMOX1",0,4.44489177973242,0.659,0.046,0,"3","HMOX1"
"3.MS4A4A",0,5.40840706994538,0.632,0.022,0,"3","MS4A4A"
"3.PLD3",0,3.60779531170245,0.737,0.128,0,"3","PLD3"
"3.HLA-DMB",0,2.79971365763653,0.72,0.112,0,"3","HLA-DMB"
"3.APLP2",0,2.75837925033117,0.724,0.119,0,"3","APLP2"
"3.A2M",0,4.94008871065291,0.623,0.022,0,"3","A2M"
"3.C5AR1",0,3.85429088152852,0.636,0.036,0,"3","C5AR1"
"3.CTSD",0,3.65682202017067,0.918,0.32,0,"3","CTSD"
"3.IFNGR2",0,3.05455963624674,0.685,0.087,0,"3","IFNGR2"
"3.CFD",0,4.08401728638722,0.647,0.05,0,"3","CFD"
"3.CTSS",0,2.46817672490786,0.832,0.237,0,"3","CTSS"
"3.CD163",0,5.26361321654883,0.617,0.022,0,"3","CD163"
"3.LILRB4",0,4.41359151875696,0.636,0.041,0,"3","LILRB4"
"3.GPNMB",0,6.21643998268342,0.61,0.016,0,"3","GPNMB"
"3.TNFSF13B",0,2.7304116933515,0.685,0.096,0,"3","TNFSF13B"
"3.SGK1",0,2.97355400800257,0.725,0.137,0,"3","SGK1"
"3.HLA-DQB1",0,2.36621114621486,0.875,0.29,0,"3","HLA-DQB1"
"3.LY96",0,2.98370548405008,0.681,0.098,0,"3","LY96"
"3.HLA-DRA",0,2.78408892502346,0.966,0.384,0,"3","HLA-DRA"
"3.IGSF6",0,3.95200966133733,0.627,0.046,0,"3","IGSF6"
"3.CD63",0,2.5952955330672,0.908,0.328,0,"3","CD63"
"3.ARHGAP18",0,2.83699468183589,0.679,0.1,0,"3","ARHGAP18"
"3.KLF4",0,3.38960921046076,0.647,0.068,0,"3","KLF4"
"3.PLEK",0,2.64062489584128,0.677,0.101,0,"3","PLEK"
"3.HNMT",0,4.42443792831241,0.606,0.03,0,"3","HNMT"
"3.HLA-DRB5",0,2.68115550185148,0.906,0.333,0,"3","HLA-DRB5"
"3.LAIR1",0,3.13390143231798,0.638,0.065,0,"3","LAIR1"
"3.CD81",0,3.0312551046305,0.685,0.113,0,"3","CD81"
"3.KCTD12",0,4.06277560138643,0.611,0.039,0,"3","KCTD12"
"3.HLA-DQA1",0,2.66993497229748,0.835,0.265,0,"3","HLA-DQA1"
"3.PLXDC2",0,4.10722608798933,0.606,0.037,0,"3","PLXDC2"
"3.CLEC7A",0,3.54352006351724,0.618,0.049,0,"3","CLEC7A"
"3.C1orf162",0,2.08360721552091,0.707,0.141,0,"3","C1orf162"
"3.ABCA1",0,4.70104970262413,0.595,0.029,0,"3","ABCA1"
"3.GPX1",0,3.096282980152,0.949,0.387,0,"3","GPX1"
"3.FAM26F",0,3.07195107123148,0.625,0.066,0,"3","FAM26F"
"3.CCL3",0,3.22325378287631,0.682,0.125,0,"3","CCL3"
"3.TREM2",0,5.62996203358957,0.575,0.018,0,"3","TREM2"
"3.SERPING1",0,4.09669755617362,0.594,0.043,0,"3","SERPING1"
"3.YWHAH",0,2.33441880494,0.708,0.157,0,"3","YWHAH"
"3.PYCARD",0,1.93437501067314,0.75,0.2,0,"3","PYCARD"
"3.FGL2",0,2.61630218743142,0.635,0.088,0,"3","FGL2"
"3.AP2S1",0,2.04023378865771,0.765,0.218,0,"3","AP2S1"
"3.GRINA",0,2.27127055518012,0.715,0.168,0,"3","GRINA"
"3.NINJ1",0,2.30131547696209,0.718,0.171,0,"3","NINJ1"
"3.PPT1",0,2.23658212365924,0.675,0.13,0,"3","PPT1"
"3.RAC1",0,1.9572395283843,0.866,0.326,0,"3","RAC1"
"3.TPP1",0,2.24728460436391,0.658,0.118,0,"3","TPP1"
"3.FCGR1A",0,4.32519936574097,0.57,0.03,0,"3","FCGR1A"
"3.TSPAN4",0,4.47588006555309,0.568,0.028,0,"3","TSPAN4"
"3.BLVRB",0,3.06101713602208,0.62,0.082,0,"3","BLVRB"
"3.NAMPT",0,1.86701462756614,0.762,0.227,0,"3","NAMPT"
"3.VSIG4",0,4.9022929208201,0.557,0.024,0,"3","VSIG4"
"3.TYMP",0,2.04150006542617,0.834,0.302,0,"3","TYMP"
"3.ATP6V0B",0,1.95212979854125,0.828,0.297,0,"3","ATP6V0B"
"3.ATOX1",0,2.27605604292838,0.698,0.167,0,"3","ATOX1"
"3.COMT",0,2.26348525957587,0.668,0.138,0,"3","COMT"
"3.TIMP2",0,4.31221380555584,0.56,0.031,0,"3","TIMP2"
"3.STAB1",0,5.53727756330991,0.546,0.019,0,"3","STAB1"
"3.CD4",0,2.17547615118127,0.645,0.118,0,"3","CD4"
"3.SLC7A7",0,3.80533736481981,0.568,0.041,0,"3","SLC7A7"
"3.PILRA",0,4.09221661846004,0.558,0.032,0,"3","PILRA"
"3.IL18",0,4.17163792115819,0.558,0.032,0,"3","IL18"
"3.IFITM3",0,1.85364682242583,0.811,0.287,0,"3","IFITM3"
"3.LIPA",0,3.33085522258395,0.595,0.071,0,"3","LIPA"
"3.LGALS3",0,2.48151583828118,0.778,0.254,0,"3","LGALS3"
"3.MGAT1",0,2.08013843489258,0.69,0.166,0,"3","MGAT1"
"3.CEBPD",0,2.85749679871681,0.588,0.066,0,"3","CEBPD"
"3.CSTB",0,2.55158820152723,0.877,0.355,0,"3","CSTB"
"3.SEPP1",0,6.63018402654026,0.544,0.024,0,"3","SEPP1"
"3.RHOB",0,2.52001415650037,0.721,0.204,0,"3","RHOB"
"3.ATP6V1F",0,1.90373333490625,0.821,0.306,0,"3","ATP6V1F"
"3.SAMHD1",0,1.61252608501209,0.691,0.177,0,"3","SAMHD1"
"3.LRP1",0,4.77822080880523,0.535,0.022,0,"3","LRP1"
"3.ANXA5",0,1.68393548532476,0.78,0.271,0,"3","ANXA5"
"3.NAIP",0,3.92959445198018,0.547,0.038,0,"3","NAIP"
"3.S100A9",0,1.59180788089901,0.566,0.057,0,"3","S100A9"
"3.RNASE6",0,2.98110850853583,0.576,0.067,0,"3","RNASE6"
"3.CAPG",0,2.56673402622559,0.711,0.204,0,"3","CAPG"
"3.RNF13",0,2.09006745015023,0.633,0.126,0,"3","RNF13"
"3.SIRPA",0,4.41223435746197,0.532,0.026,0,"3","SIRPA"
"3.CPVL",0,3.25389105160104,0.543,0.038,0,"3","CPVL"
"3.HLA-DPB1",0,2.40036203427043,0.936,0.433,0,"3","HLA-DPB1"
"3.FPR3",0,4.35328677006434,0.529,0.026,0,"3","FPR3"
"3.ARRB2",0,1.59745593544091,0.68,0.178,0,"3","ARRB2"
"3.NRP2",0,5.08834705402492,0.516,0.017,0,"3","NRP2"
"3.GNAI2",0,1.74207156221685,0.712,0.215,0,"3","GNAI2"
"3.HLA-DRB1",0,2.80570046571204,0.941,0.447,0,"3","HLA-DRB1"
"3.CD86",0,3.18256641893745,0.542,0.049,0,"3","CD86"
"3.CTSC",0,2.13995163817783,0.801,0.308,0,"3","CTSC"
"3.HLA-DPA1",0,2.59851455401483,0.944,0.451,0,"3","HLA-DPA1"
"3.HEXB",0,2.3773673172302,0.61,0.118,0,"3","HEXB"
"3.ICAM1",0,2.73812853615175,0.578,0.086,0,"3","ICAM1"
"3.CD83",0,1.68651117958003,0.692,0.2,0,"3","CD83"
"3.MNDA",0,2.68799188332845,0.546,0.057,0,"3","MNDA"
"3.GNS",0,2.99447281503848,0.544,0.055,0,"3","GNS"
"3.RNASET2",0,1.68893888511035,0.808,0.32,0,"3","RNASET2"
"3.ZEB2",0,1.42063065293721,0.646,0.158,0,"3","ZEB2"
"3.GPR34",0,5.10238548110548,0.505,0.017,0,"3","GPR34"
"3.MPP1",0,3.61961362349989,0.526,0.039,0,"3","MPP1"
"3.LGALS1",0,1.76069676525099,0.878,0.391,0,"3","LGALS1"
"3.SCARB2",0,3.01047026556815,0.547,0.061,0,"3","SCARB2"
"3.ANXA2",0,1.91468477280417,0.803,0.317,0,"3","ANXA2"
"3.HCK",0,3.26727585190568,0.526,0.042,0,"3","HCK"
"3.AKR1A1",0,1.88417064628316,0.673,0.19,0,"3","AKR1A1"
"3.BNIP3L",0,1.72331982929606,0.639,0.157,0,"3","BNIP3L"
"3.NPL",0,4.59456770162046,0.501,0.02,0,"3","NPL"
"3.C15orf48",0,3.64147624724122,0.527,0.049,0,"3","C15orf48"
"3.RAB20",0,3.71888400387851,0.51,0.032,0,"3","RAB20"
"3.LGALS9",0,2.24373744085226,0.569,0.092,0,"3","LGALS9"
"3.HIF1A",0,1.69630606822262,0.66,0.184,0,"3","HIF1A"
"3.HSBP1",0,1.44570612961423,0.677,0.204,0,"3","HSBP1"
"3.PTTG1IP",0,2.21597065348096,0.567,0.095,0,"3","PTTG1IP"
"3.ATP6V1B2",0,2.42217167362733,0.558,0.087,0,"3","ATP6V1B2"
"3.TNFRSF1A",0,2.28521547785011,0.554,0.085,0,"3","TNFRSF1A"
"3.CANX",0,1.51512915693397,0.679,0.211,0,"3","CANX"
"3.HBEGF",0,3.09837406464232,0.522,0.055,0,"3","HBEGF"
"3.CXCL2",0,3.40082872473618,0.507,0.042,0,"3","CXCL2"
"3.BRI3",0,3.48860454463782,0.525,0.06,0,"3","BRI3"
"3.C3AR1",0,3.64207893473722,0.5,0.035,0,"3","C3AR1"
"3.MRC1",0,5.14524419526106,0.484,0.02,0,"3","MRC1"
"3.GAA",0,3.65873637385674,0.498,0.036,0,"3","GAA"
"3.ENG",0,3.24471776264642,0.499,0.039,0,"3","ENG"
"3.SYNGR2",0,1.27895180888872,0.758,0.298,0,"3","SYNGR2"
"3.RAB13",0,3.27491317836701,0.503,0.044,0,"3","RAB13"
"3.CCDC88A",0,2.65004256222927,0.53,0.071,0,"3","CCDC88A"
"3.LY86",0,2.78038101128089,0.512,0.053,0,"3","LY86"
"3.ATP6AP2",0,1.58418018883137,0.656,0.197,0,"3","ATP6AP2"
"3.PMP22",0,4.93947226502727,0.476,0.017,0,"3","PMP22"
"3.LAMTOR2",0,1.51705975380867,0.634,0.176,0,"3","LAMTOR2"
"3.QKI",0,2.7636988988586,0.522,0.064,0,"3","QKI"
"3.LYN",0,2.42357494350159,0.528,0.07,0,"3","LYN"
"3.GSTO1",0,1.87565253154917,0.632,0.175,0,"3","GSTO1"
"3.CRTAP",0,1.68092844530282,0.597,0.14,0,"3","CRTAP"
"3.IFI30",0,3.21088069088179,0.503,0.047,0,"3","IFI30"
"3.CECR1",0,2.35092300471184,0.547,0.092,0,"3","CECR1"
"3.CEBPB",0,2.18707154051131,0.576,0.121,0,"3","CEBPB"
"3.ITGB2",0,1.34141702674866,0.806,0.352,0,"3","ITGB2"
"3.LAMTOR1",0,1.25171704565188,0.689,0.236,0,"3","LAMTOR1"
"3.SNX6",0,1.46040713062564,0.693,0.24,0,"3","SNX6"
"3.MARCH1",0,2.48049761480912,0.507,0.055,0,"3","MARCH1"
"3.VAMP8",0,1.43392599777132,0.838,0.386,0,"3","VAMP8"
"3.NCF2",0,3.23187442786116,0.494,0.043,0,"3","NCF2"
"3.RTN4",0,1.32013139255843,0.703,0.252,0,"3","RTN4"
"3.PLSCR1",0,1.31637072233556,0.615,0.165,0,"3","PLSCR1"
"3.CLTA",0,1.35794287533471,0.714,0.264,0,"3","CLTA"
"3.IFI27",0,3.20138998726902,0.57,0.12,0,"3","IFI27"
"3.GRB2",0,1.34382372668485,0.73,0.28,0,"3","GRB2"
"3.LAP3",0,1.65165285060902,0.645,0.196,0,"3","LAP3"
"3.ATF3",0,1.56387726003965,0.67,0.222,0,"3","ATF3"
"3.BMP2K",0,3.83194062103177,0.479,0.032,0,"3","BMP2K"
"3.SNX10",0,2.27463845428053,0.556,0.111,0,"3","SNX10"
"3.ATP6AP1",0,1.82580640432616,0.575,0.13,0,"3","ATP6AP1"
"3.RGS10",0,1.16272870601368,0.785,0.342,0,"3","RGS10"
"3.RBM47",0,3.59791834743359,0.478,0.035,0,"3","RBM47"
"3.TMEM219",0,1.15451964575887,0.706,0.263,0,"3","TMEM219"
"3.RB1",0,2.3280693540064,0.528,0.087,0,"3","RB1"
"3.TSPO",0,1.38171579692563,0.804,0.363,0,"3","TSPO"
"3.FLOT1",0,1.7220508481048,0.579,0.138,0,"3","FLOT1"
"3.ARPC5",0,1.0870941325577,0.773,0.333,0,"3","ARPC5"
"3.AP1B1",0,2.99754299917015,0.49,0.05,0,"3","AP1B1"
"3.FAM96A",0,1.29432227907479,0.642,0.203,0,"3","FAM96A"
"3.FOLR2",0,6.17306623935341,0.45,0.012,0,"3","FOLR2"
"3.LAPTM4A",0,1.30444262602114,0.662,0.225,0,"3","LAPTM4A"
"3.PTMS",0,1.20463167766956,0.595,0.158,0,"3","PTMS"
"3.CCL2",0,4.59025791090286,0.467,0.032,0,"3","CCL2"
"3.THEMIS2",0,2.39179603217441,0.508,0.074,0,"3","THEMIS2"
"3.AKR1B1",0,1.92804781787518,0.56,0.127,0,"3","AKR1B1"
"3.LAMP1",0,1.40719271888464,0.62,0.187,0,"3","LAMP1"
"3.SCPEP1",0,2.63707510760495,0.504,0.071,0,"3","SCPEP1"
"3.ABHD12",0,2.18953457437433,0.521,0.089,0,"3","ABHD12"
"3.SLAMF8",0,4.01801697172312,0.46,0.028,0,"3","SLAMF8"
"3.AP1S2",0,1.32804813681897,0.589,0.157,0,"3","AP1S2"
"3.CNPY3",0,1.14409545151992,0.638,0.208,0,"3","CNPY3"
"3.CD9",0,3.09740966374611,0.516,0.086,0,"3","CD9"
"3.TTYH3",0,4.35155409369933,0.452,0.022,0,"3","TTYH3"
"3.CD84",0,1.72137445488968,0.526,0.097,0,"3","CD84"
"3.LILRB2",0,3.1540871372771,0.464,0.035,0,"3","LILRB2"
"3.GPX4",0,1.49681865272883,0.877,0.448,0,"3","GPX4"
"3.LIMS1",0,1.45812255533433,0.603,0.176,0,"3","LIMS1"
"3.PLAU",0,4.99717208404682,0.444,0.017,0,"3","PLAU"
"3.ALDH2",0,3.2001240464674,0.472,0.046,0,"3","ALDH2"
"3.HSPB1",0,1.7492570697901,0.815,0.389,0,"3","HSPB1"
"3.TNFAIP2",0,3.34019442290081,0.457,0.034,0,"3","TNFAIP2"
"3.RAB32",0,3.82409547225719,0.451,0.028,0,"3","RAB32"
"3.RHOG",0,0.967885691337351,0.723,0.3,0,"3","RHOG"
"3.CAPZA2",0,1.07244841191835,0.634,0.213,0,"3","CAPZA2"
"3.H2AFY",0,1.33826372411965,0.611,0.19,0,"3","H2AFY"
"3.SNX3",0,1.07233717718274,0.742,0.321,0,"3","SNX3"
"3.BLVRA",0,2.14679250175676,0.5,0.08,0,"3","BLVRA"
"3.GSTP1",0,0.999219667290348,0.796,0.377,0,"3","GSTP1"
"3.NCOA4",0,1.84344165507912,0.521,0.102,0,"3","NCOA4"
"3.CHCHD10",0,1.10550523868047,0.695,0.276,0,"3","CHCHD10"
"3.ARPC1B",0,0.985123742137289,0.765,0.347,0,"3","ARPC1B"
"3.LAMP2",0,2.36158044736598,0.498,0.081,0,"3","LAMP2"
"3.GNB4",0,3.582620766978,0.448,0.034,0,"3","GNB4"
"3.CLTC",0,1.95975929676414,0.519,0.105,0,"3","CLTC"
"3.MGST3",0,1.26008356150693,0.647,0.234,0,"3","MGST3"
"3.GADD45B",0,1.01187419840391,0.797,0.384,0,"3","GADD45B"
"3.LGALS3BP",0,2.76130464356218,0.477,0.064,0,"3","LGALS3BP"
"3.SPG21",0,1.3486883341723,0.565,0.152,0,"3","SPG21"
"3.DSE",0,2.69426948830346,0.465,0.053,0,"3","DSE"
"3.SPINT2",0,1.40296882782305,0.546,0.134,0,"3","SPINT2"
"3.DMXL2",0,4.01637060839375,0.434,0.022,0,"3","DMXL2"
"3.ZYX",0,0.86512843335742,0.69,0.278,0,"3","ZYX"
"3.FCGR2B",0,3.25387366100974,0.462,0.051,0,"3","FCGR2B"
"3.ALOX5",0,3.11898418209571,0.451,0.04,0,"3","ALOX5"
"3.NCF4",0,1.63896002222894,0.534,0.123,0,"3","NCF4"
"3.SMCO4",0,2.23016447801715,0.482,0.071,0,"3","SMCO4"
"3.CMTM6",0,0.81944389004865,0.683,0.275,0,"3","CMTM6"
"3.IL13RA1",0,3.37743851796875,0.443,0.035,0,"3","IL13RA1"
"3.ACP2",0,3.38716811761021,0.446,0.038,0,"3","ACP2"
"3.PCBD1",0,1.64368780356127,0.52,0.112,0,"3","PCBD1"
"3.SLC40A1",0,4.449197240831,0.437,0.03,0,"3","SLC40A1"
"3.TBXAS1",0,2.96762860662665,0.45,0.043,0,"3","TBXAS1"
"3.MPEG1",0,3.07777220311281,0.445,0.038,0,"3","MPEG1"
"3.SLC16A3",0,1.77379404892618,0.534,0.127,0,"3","SLC16A3"
"3.ATP6V0D1",0,1.27522353145963,0.577,0.17,0,"3","ATP6V0D1"
"3.NAGK",0,1.9226722043601,0.509,0.104,0,"3","NAGK"
"3.POMP",0,1.03001521099582,0.788,0.383,0,"3","POMP"
"3.TFEC",0,3.90605454863567,0.43,0.025,0,"3","TFEC"
"3.PEA15",0,1.81361140204007,0.504,0.1,0,"3","PEA15"
"3.NOP10",0,1.08932806689657,0.705,0.301,0,"3","NOP10"
"3.SERPINB6",0,2.49581057361656,0.459,0.056,0,"3","SERPINB6"
"3.NEAT1",0,1.76280414186154,0.931,0.528,0,"3","NEAT1"
"3.DRAM1",0,3.50488114802025,0.438,0.035,0,"3","DRAM1"
"3.FAM49B",0,0.827662311876978,0.705,0.302,0,"3","FAM49B"
"3.SIGLEC1",0,5.20971092472277,0.416,0.013,0,"3","SIGLEC1"
"3.IDH1",0,2.85279133604825,0.443,0.041,0,"3","IDH1"
"3.SNX2",0,1.2196814592386,0.551,0.149,0,"3","SNX2"
"3.TALDO1",0,1.29596466429234,0.619,0.217,0,"3","TALDO1"
"3.GNPTG",0,1.54335220504724,0.52,0.118,0,"3","GNPTG"
"3.TMEM14C",0,1.14050939156504,0.59,0.188,0,"3","TMEM14C"
"3.SDCBP",0,0.621493267405693,0.799,0.398,0,"3","SDCBP"
"3.MMP14",0,5.05420652441326,0.413,0.012,0,"3","MMP14"
"3.NUPR1",0,4.97423227625451,0.421,0.02,0,"3","NUPR1"
"3.ACTR2",0,0.93082046941231,0.649,0.249,0,"3","ACTR2"
"3.M6PR",0,1.03926450974602,0.618,0.218,0,"3","M6PR"
"3.C4orf48",0,1.1403799657026,0.579,0.179,0,"3","C4orf48"
"3.CYFIP1",0,3.80821684956425,0.426,0.026,0,"3","CYFIP1"
"3.SYK",0,2.29530152725416,0.463,0.064,0,"3","SYK"
"3.SDC3",0,5.93385414150365,0.407,0.008,0,"3","SDC3"
"3.FRMD4B",0,1.48577432128184,0.483,0.084,0,"3","FRMD4B"
"3.RAB7A",0,0.994477763615242,0.66,0.262,0,"3","RAB7A"
"3.F13A1",0,5.78874172484349,0.416,0.018,0,"3","F13A1"
"3.LAMTOR4",0,0.759042310031856,0.737,0.339,0,"3","LAMTOR4"
"3.SLC31A2",0,2.96553206299222,0.442,0.045,0,"3","SLC31A2"
"3.GM2A",0,3.14198996638975,0.443,0.047,0,"3","GM2A"
"3.GNG10",0,2.50079577719733,0.466,0.07,0,"3","GNG10"
"3.BCL2A1",0,1.90299387262883,0.534,0.138,0,"3","BCL2A1"
"3.DRAM2",0,1.43443798000272,0.517,0.122,0,"3","DRAM2"
"3.RAB10",0,1.20524157634066,0.557,0.162,0,"3","RAB10"
"3.ATP1B3",0,0.853587190489561,0.669,0.274,0,"3","ATP1B3"
"3.PTAFR",0,3.94219154569934,0.419,0.024,0,"3","PTAFR"
"3.SLC8A1",0,3.65160808349339,0.423,0.028,0,"3","SLC8A1"
"3.RNH1",0,1.24864933560069,0.603,0.209,0,"3","RNH1"
"3.GNG5",0,0.92250053744825,0.814,0.421,0,"3","GNG5"
"3.RAB5C",0,1.70841216906228,0.506,0.114,0,"3","RAB5C"
"3.PLBD1",0,3.55673944192331,0.421,0.029,0,"3","PLBD1"
"3.STX7",0,1.60671774464105,0.479,0.088,0,"3","STX7"
"3.CPM",0,2.78988418755419,0.431,0.041,0,"3","CPM"
"3.TMEM147",0,1.17464696623427,0.567,0.177,0,"3","TMEM147"
"3.OLR1",0,3.42581185550188,0.421,0.032,0,"3","OLR1"
"3.H2AFJ",0,0.949108977661176,0.55,0.161,0,"3","H2AFJ"
"3.SPRED1",0,5.03358898232068,0.401,0.012,0,"3","SPRED1"
"3.TIMP1",0,1.09628551590948,0.58,0.191,0,"3","TIMP1"
"3.SLC1A3",0,4.95999192071468,0.402,0.014,0,"3","SLC1A3"
"3.PTPRE",0,1.71972918389223,0.482,0.094,0,"3","PTPRE"
"3.FUCA1",0,3.34417495645825,0.421,0.034,0,"3","FUCA1"
"3.PRDX3",0,1.18653385551211,0.555,0.168,0,"3","PRDX3"
"3.LTBR",0,3.25859777401582,0.419,0.032,0,"3","LTBR"
"3.LPAR6",0,2.47755085420158,0.437,0.05,0,"3","LPAR6"
"3.NUCB1",0,1.27696498060406,0.563,0.176,0,"3","NUCB1"
"3.VAMP5",0,1.54436836668574,0.601,0.215,0,"3","VAMP5"
"3.S100A11",0,1.86145611001331,0.965,0.58,0,"3","S100A11"
"3.CXCL8",0,4.48259851635341,0.417,0.032,0,"3","CXCL8"
"3.KCNMA1",0,5.49037491128451,0.395,0.01,0,"3","KCNMA1"
"3.HEXA",0,2.73719818543538,0.437,0.052,0,"3","HEXA"
"3.EIF4EBP1",0,1.68186087274962,0.478,0.094,0,"3","EIF4EBP1"
"3.C1orf54",0,3.70925557527181,0.408,0.024,0,"3","C1orf54"
"3.GNB2",0,0.832328454075769,0.652,0.269,0,"3","GNB2"
"3.NDUFB2",0,0.848137036883666,0.758,0.375,0,"3","NDUFB2"
"3.HLA-DOA",0,3.01996172376661,0.417,0.035,0,"3","HLA-DOA"
"3.NR1H3",0,4.86921833559036,0.397,0.015,0,"3","NR1H3"
"3.IL1B",0,2.51245189296427,0.428,0.047,0,"3","IL1B"
"3.PGLS",0,0.866190371863992,0.593,0.212,0,"3","PGLS"
"3.DBI",0,0.947804522065291,0.785,0.405,0,"3","DBI"
"3.P4HB",0,1.04082818656297,0.677,0.298,0,"3","P4HB"
"3.ANAPC11",0,0.688087667740213,0.669,0.29,0,"3","ANAPC11"
"3.MGAT4A",0,0.966173167701289,0.527,0.148,0,"3","MGAT4A"
"3.MOB1A",0,0.762184213981985,0.626,0.248,0,"3","MOB1A"
"3.AP2M1",0,0.819769776903578,0.623,0.245,0,"3","AP2M1"
"3.IFNGR1",0,1.37033270891246,0.509,0.131,0,"3","IFNGR1"
"3.SLC15A3",0,4.47014592992143,0.395,0.017,0,"3","SLC15A3"
"3.TNFSF13",0,4.14079489086417,0.402,0.024,0,"3","TNFSF13"
"3.SUMO3",0,0.939122179817552,0.576,0.198,0,"3","SUMO3"
"3.CD59",0,1.43378054336031,0.521,0.144,0,"3","CD59"
"3.TKT",0,1.15237945877794,0.575,0.198,0,"3","TKT"
"3.SMS",0,1.1516311045032,0.521,0.145,0,"3","SMS"
"3.MCOLN1",0,3.01461882835718,0.416,0.04,0,"3","MCOLN1"
"3.LRRC25",0,3.95054889539466,0.396,0.021,0,"3","LRRC25"
"3.PLEKHO1",0,2.08825201202644,0.458,0.084,0,"3","PLEKHO1"
"3.C6orf62",0,1.26056727945121,0.522,0.148,0,"3","C6orf62"
"3.ADAM9",0,4.08016928155287,0.394,0.02,0,"3","ADAM9"
"3.LILRB1",0,2.62275617869061,0.417,0.043,0,"3","LILRB1"
"3.NRP1",0,5.13731667092769,0.385,0.012,0,"3","NRP1"
"3.YBX3",0,1.92695759332345,0.449,0.076,0,"3","YBX3"
"3.LHFPL2",0,4.7471804713666,0.386,0.014,0,"3","LHFPL2"
"3.PIK3AP1",0,2.52142908811666,0.42,0.048,0,"3","PIK3AP1"
"3.EPB41L3",0,4.14182523839182,0.391,0.019,0,"3","EPB41L3"
"3.NAGA",0,2.81063380276663,0.417,0.045,0,"3","NAGA"
"3.SERPINB1",0,0.755717060534264,0.607,0.236,0,"3","SERPINB1"
"3.ACP5",0,2.32832320537165,0.517,0.146,0,"3","ACP5"
"3.RGS2",0,0.957183394013695,0.705,0.334,0,"3","RGS2"
"3.RAP2B",0,1.47620770128725,0.471,0.101,0,"3","RAP2B"
"3.CD151",0,1.83080358422698,0.452,0.082,0,"3","CD151"
"3.TPM4",0,0.857277698715388,0.661,0.293,0,"3","TPM4"
"3.PLXND1",0,3.88267465412001,0.388,0.02,0,"3","PLXND1"
"3.FKBP1A",0,0.620791082493358,0.713,0.345,0,"3","FKBP1A"
"3.HAVCR2",0,1.32709013995489,0.459,0.092,0,"3","HAVCR2"
"3.SKAP2",0,1.75315497591641,0.449,0.082,0,"3","SKAP2"
"3.BCAP31",0,0.907869607643829,0.626,0.259,0,"3","BCAP31"
"3.TGOLN2",0,0.880181767438328,0.542,0.176,0,"3","TGOLN2"
"3.SH3BGRL",0,0.797955252261955,0.737,0.371,0,"3","SH3BGRL"
"3.PHACTR1",0,2.86321707122364,0.419,0.054,0,"3","PHACTR1"
"3.ETS2",0,2.17121129135171,0.435,0.071,0,"3","ETS2"
"3.EGR1",0,1.91438315328759,0.538,0.175,0,"3","EGR1"
"3.ZFAND5",0,0.937781229676262,0.677,0.314,0,"3","ZFAND5"
"3.ATG3",0,1.04182570927176,0.52,0.158,0,"3","ATG3"
"3.RTN3",0,1.34431620804004,0.493,0.131,0,"3","RTN3"
"3.ZNF385A",0,3.14446556717975,0.396,0.034,0,"3","ZNF385A"
"3.SPPL2A",0,1.00947696946337,0.517,0.155,0,"3","SPPL2A"
"3.MYDGF",0,0.868660725217999,0.605,0.243,0,"3","MYDGF"
"3.COX5B",0,0.721893576399086,0.769,0.408,0,"3","COX5B"
"3.TLN1",0,0.980803198259361,0.536,0.175,0,"3","TLN1"
"3.CAPZB",0,0.703195237970401,0.769,0.409,0,"3","CAPZB"
"3.PDE4DIP",0,1.77329151194652,0.456,0.096,0,"3","PDE4DIP"
"3.ATP5H",0,0.635386518132995,0.656,0.298,0,"3","ATP5H"
"3.FMNL2",0,4.90217047181295,0.371,0.013,0,"3","FMNL2"
"3.GLRX",0,0.750322816775308,0.595,0.237,0,"3","GLRX"
"3.GLA",0,1.24835281105025,0.496,0.138,0,"3","GLA"
"3.C2",0,6.0982243221959,0.364,0.007,0,"3","C2"
"3.DAPK1",0,4.45995205862501,0.374,0.017,0,"3","DAPK1"
"3.LCP2",0,0.543235446272033,0.603,0.247,0,"3","LCP2"
"3.EPN1",0,1.44067289841082,0.475,0.119,0,"3","EPN1"
"3.GABARAP",0,1.2495785691077,0.771,0.416,0,"3","GABARAP"
"3.PGD",0,1.72184639197645,0.448,0.093,0,"3","PGD"
"3.EFHD2",0,1.40872668300365,0.474,0.119,0,"3","EFHD2"
"3.CAP1",0,0.530301258120737,0.705,0.35,0,"3","CAP1"
"3.APH1A",0,0.727446237032952,0.571,0.216,0,"3","APH1A"
"3.MMP19",0,4.09333296376446,0.377,0.022,0,"3","MMP19"
"3.CCL3L3",0,4.11755418656926,0.417,0.062,0,"3","CCL3L3"
"3.GNAS",0,0.71661265669137,0.694,0.339,0,"3","GNAS"
"3.SEC11A",0,0.56325437277339,0.665,0.311,0,"3","SEC11A"
"3.FEZ2",0,2.03837102643439,0.413,0.059,0,"3","FEZ2"
"3.DPP7",0,0.658654008615943,0.634,0.28,0,"3","DPP7"
"3.FERMT3",0,1.0028535064738,0.523,0.169,0,"3","FERMT3"
"3.UQCR10",0,0.632165227479976,0.752,0.398,0,"3","UQCR10"
"3.LITAF",0,0.749403898256252,0.794,0.441,0,"3","LITAF"
"3.ITPR2",0,1.8291599347223,0.437,0.084,0,"3","ITPR2"
"3.IRF8",0,1.29764210235479,0.432,0.079,0,"3","IRF8"
"3.RNF181",0,0.761238825554999,0.575,0.223,0,"3","RNF181"
"3.STOM",0,0.782933424844068,0.504,0.152,0,"3","STOM"
"3.PKM",0,0.612522932563385,0.734,0.382,0,"3","PKM"
"3.FABP5",0,1.79161485431458,0.558,0.207,0,"3","FABP5"
"3.ACSL1",0,2.39251722949154,0.397,0.046,0,"3","ACSL1"
"3.COLGALT1",0,3.09922147728883,0.381,0.03,0,"3","COLGALT1"
"3.ATF5",0,1.82129968121628,0.438,0.087,0,"3","ATF5"
"3.SERPINF1",0,2.88647522075709,0.385,0.035,0,"3","SERPINF1"
"3.MGST2",0,2.47637595171195,0.396,0.047,0,"3","MGST2"
"3.NCKAP1L",0,1.20059596414641,0.463,0.114,0,"3","NCKAP1L"
"3.LEPROT",0,1.50105903137514,0.445,0.096,0,"3","LEPROT"
"3.PLIN2",0,1.62284257530988,0.54,0.192,0,"3","PLIN2"
"3.SCAMP2",0,0.802346661798459,0.55,0.202,0,"3","SCAMP2"
"3.FUCA2",0,2.18979054777407,0.416,0.068,0,"3","FUCA2"
"3.BST2",0,0.67248608033351,0.741,0.393,0,"3","BST2"
"3.FN1",0,4.10629352950636,0.384,0.037,0,"3","FN1"
"3.VAMP3",0,1.90964108367824,0.412,0.065,0,"3","VAMP3"
"3.PLA2G7",0,5.13455065188413,0.36,0.013,0,"3","PLA2G7"
"3.CD300A",0,1.95089071795508,0.411,0.064,0,"3","CD300A"
"3.IFI6",0,1.32386325336632,0.627,0.281,0,"3","IFI6"
"3.SLC11A1",0,3.12493746287256,0.378,0.032,0,"3","SLC11A1"
"3.MEF2C",0,1.46498095962135,0.439,0.093,0,"3","MEF2C"
"3.RHEB",0,0.76407467589411,0.581,0.235,0,"3","RHEB"
"3.TMEM179B",0,0.810236677339235,0.546,0.201,0,"3","TMEM179B"
"3.PRCP",0,1.42143313566118,0.444,0.099,0,"3","PRCP"
"3.PVRL2",0,3.03957607777779,0.374,0.029,0,"3","PVRL2"
"3.ADIPOR1",0,0.848209376331538,0.532,0.188,0,"3","ADIPOR1"
"3.VAT1",0,2.5494607468945,0.385,0.041,0,"3","VAT1"
"3.CNDP2",0,1.41635533216612,0.448,0.104,0,"3","CNDP2"
"3.MEF2A",0,1.77463626952055,0.426,0.082,0,"3","MEF2A"
"3.SFT2D1",0,0.824291645036198,0.527,0.184,0,"3","SFT2D1"
"3.CTSA",0,0.984316113296367,0.546,0.203,0,"3","CTSA"
"3.CISD2",0,0.887766772606481,0.508,0.165,0,"3","CISD2"
"3.FUOM",0,1.79006429345964,0.425,0.082,0,"3","FUOM"
"3.WASF2",0,0.707149158669876,0.555,0.213,0,"3","WASF2"
"3.FKBP2",0,0.555544118389421,0.557,0.215,0,"3","FKBP2"
"3.DUSP23",0,1.17759847248306,0.464,0.122,0,"3","DUSP23"
"3.UQCRQ",0,0.552065933639533,0.66,0.318,0,"3","UQCRQ"
"3.DDAH2",0,1.41227743378834,0.433,0.091,0,"3","DDAH2"
"3.MAF",0,1.56712468535344,0.437,0.095,0,"3","MAF"
"3.RGS19",0,0.905192953507571,0.509,0.167,0,"3","RGS19"
"3.PLEKHB2",0,1.04679335049143,0.478,0.137,0,"3","PLEKHB2"
"3.FAM105A",0,1.61987504933754,0.418,0.077,0,"3","FAM105A"
"3.CHMP1B",0,1.07075410810881,0.585,0.244,0,"3","CHMP1B"
"3.KDELR2",0,0.76871812010574,0.562,0.222,0,"3","KDELR2"
"3.GPR137B",0,1.84149888739156,0.402,0.062,0,"3","GPR137B"
"3.PEPD",0,1.67196814083808,0.426,0.086,0,"3","PEPD"
"3.GNA13",0,1.41981271110712,0.443,0.104,0,"3","GNA13"
"3.LAT2",0,1.40217881854354,0.43,0.091,0,"3","LAT2"
"3.SAT1",0,2.00018296675912,0.972,0.633,0,"3","SAT1"
"3.RPS27L",0,0.563890115365586,0.719,0.38,0,"3","RPS27L"
"3.DNASE2",0,2.25555037013407,0.409,0.07,0,"3","DNASE2"
"3.KDELR1",0,0.625223640279243,0.574,0.235,0,"3","KDELR1"
"3.RBX1",0,0.500197947257808,0.66,0.322,0,"3","RBX1"
"3.SPP1",0,5.16366175735708,0.363,0.025,0,"3","SPP1"
"3.UBE2D1",0,0.942000168473589,0.478,0.141,0,"3","UBE2D1"
"3.OS9",0,1.13427072033312,0.481,0.144,0,"3","OS9"
"3.NME2",0,1.21151226455272,0.506,0.169,0,"3","NME2"
"3.TWF2",0,0.853960385189379,0.514,0.178,0,"3","TWF2"
"3.SLC43A2",0,2.78886031016572,0.375,0.039,0,"3","SLC43A2"
"3.CISD3",0,1.1562642249904,0.449,0.113,0,"3","CISD3"
"3.GNPDA1",0,2.30169103848151,0.385,0.05,0,"3","GNPDA1"
"3.AP2A2",0,2.54018857767121,0.378,0.043,0,"3","AP2A2"
"3.STAT1",0,0.924796872503702,0.614,0.279,0,"3","STAT1"
"3.CLEC4A",0,3.16119157198323,0.364,0.029,0,"3","CLEC4A"
"3.MAT2A",0,0.793870214098433,0.545,0.211,0,"3","MAT2A"
"3.CEP170",0,2.22622748973748,0.387,0.053,0,"3","CEP170"
"3.NFIC",0,1.59699791096771,0.406,0.072,0,"3","NFIC"
"3.VTI1B",0,0.982293957886649,0.469,0.135,0,"3","VTI1B"
"3.MYO9B",0,1.72595687394765,0.411,0.077,0,"3","MYO9B"
"3.TCN2",0,3.69988418186528,0.362,0.028,0,"3","TCN2"
"3.TMEM37",0,6.43804850357627,0.337,0.004,0,"3","TMEM37"
"3.GAL3ST4",0,5.56484989026086,0.34,0.007,0,"3","GAL3ST4"
"3.FNDC3B",0,1.75289671660215,0.42,0.087,0,"3","FNDC3B"
"3.ARL8B",0,1.33592311173071,0.435,0.103,0,"3","ARL8B"
"3.CD164",0,0.5464015003477,0.608,0.276,0,"3","CD164"
"3.MAN2B1",0,1.87734984900192,0.415,0.083,0,"3","MAN2B1"
"3.CREBL2",0,2.1636681713878,0.383,0.052,0,"3","CREBL2"
"3.C10orf11",0,3.95097290951443,0.35,0.019,0,"3","C10orf11"
"3.CD93",0,3.94210036834554,0.358,0.027,0,"3","CD93"
"3.RER1",0,0.823030881917392,0.532,0.202,0,"3","RER1"
"3.MERTK",0,5.34192720253444,0.34,0.01,0,"3","MERTK"
"3.NCF1",0,1.03058989694183,0.519,0.189,0,"3","NCF1"
"3.BCAT1",0,3.78649800482833,0.351,0.021,0,"3","BCAT1"
"3.SMPDL3A",0,4.9725228740165,0.339,0.01,0,"3","SMPDL3A"
"3.C1orf43",0,0.535281215356962,0.593,0.264,0,"3","C1orf43"
"3.HSP90B1",0,0.511465163192434,0.719,0.39,0,"3","HSP90B1"
"3.TMED10",0,0.618084182800399,0.608,0.279,0,"3","TMED10"
"3.VMP1",0,0.644099743634995,0.583,0.254,0,"3","VMP1"
"3.UNC93B1",0,2.70124072048627,0.37,0.042,0,"3","UNC93B1"
"3.HEBP1",0,2.22000948449251,0.375,0.047,0,"3","HEBP1"
"3.ARL6IP1",0,0.778062196984675,0.506,0.178,0,"3","ARL6IP1"
"3.UQCR11",0,0.530545233942802,0.713,0.385,0,"3","UQCR11"
"3.CD33",0,3.64733663117568,0.35,0.022,0,"3","CD33"
"3.TNS3",0,3.12783305682991,0.357,0.03,0,"3","TNS3"
"3.RGL1",0,4.54062049019041,0.34,0.014,0,"3","RGL1"
"3.TACC1",0,1.03122169926484,0.458,0.132,0,"3","TACC1"
"3.FRMD4A",0,4.08518961976309,0.339,0.013,0,"3","FRMD4A"
"3.PLEKHO2",0,3.06778405708686,0.356,0.03,0,"3","PLEKHO2"
"3.AGTRAP",0,0.925309593790011,0.452,0.127,0,"3","AGTRAP"
"3.GNAQ",0,2.32036466944509,0.374,0.049,0,"3","GNAQ"
"3.CCR1",0,2.8259792883993,0.36,0.035,0,"3","CCR1"
"3.ME2",0,1.73926160106912,0.405,0.081,0,"3","ME2"
"3.SOCS3",0,1.05724337044623,0.579,0.255,0,"3","SOCS3"
"3.LINC00998",0,1.77037308160976,0.384,0.061,0,"3","LINC00998"
"3.VMO1",0,4.56055945529082,0.335,0.012,0,"3","VMO1"
"3.CBR1",0,1.48930556014523,0.403,0.08,0,"3","CBR1"
"3.GLMP",0,2.04475324342074,0.376,0.054,0,"3","GLMP"
"3.ZFHX3",0,4.08464421986555,0.339,0.017,0,"3","ZFHX3"
"3.GNB1",0,1.23020642837474,0.436,0.115,0,"3","GNB1"
"3.HDLBP",0,0.986119224296761,0.457,0.136,0,"3","HDLBP"
"3.FCHO2",0,4.06525809262943,0.334,0.013,0,"3","FCHO2"
"3.BID",0,1.35927922594878,0.426,0.105,0,"3","BID"
"3.SNX5",0,0.835656459049041,0.474,0.153,0,"3","SNX5"
"3.MANBA",0,1.67194462609736,0.388,0.068,0,"3","MANBA"
"3.UBE2E2",0,2.44990978766517,0.36,0.041,0,"3","UBE2E2"
"3.LPCAT2",0,3.7704526170437,0.342,0.023,0,"3","LPCAT2"
"3.NDUFB7",0,0.522649920102086,0.569,0.25,0,"3","NDUFB7"
"3.IL4I1",0,3.63147063402069,0.349,0.03,0,"3","IL4I1"
"3.MTPN",0,0.640738491143358,0.498,0.18,0,"3","MTPN"
"3.PICALM",0,1.63664703643793,0.391,0.073,0,"3","PICALM"
"3.SH2B3",0,2.67505990055185,0.354,0.036,0,"3","SH2B3"
"3.ALCAM",0,3.12015407419881,0.352,0.034,0,"3","ALCAM"
"3.RAB1A",0,0.914976579600494,0.468,0.151,0,"3","RAB1A"
"3.LRPAP1",0,0.986138763208797,0.499,0.182,0,"3","LRPAP1"
"3.PECAM1",0,1.68628722445045,0.391,0.074,0,"3","PECAM1"
"3.ABL2",0,3.2605962575956,0.35,0.033,0,"3","ABL2"
"3.PABPC4",0,1.15203167894811,0.455,0.139,0,"3","PABPC4"
"3.SSR1",0,0.607028721536239,0.508,0.192,0,"3","SSR1"
"3.ITGAM",0,3.15983581255887,0.341,0.025,0,"3","ITGAM"
"3.CD302",0,3.78249622882472,0.335,0.02,0,"3","CD302"
"3.TMBIM1",0,0.936777407418847,0.437,0.122,0,"3","TMBIM1"
"3.OGFRL1",0,2.59293712419165,0.358,0.043,0,"3","OGFRL1"
"3.PAK1",0,1.83980642876102,0.376,0.061,0,"3","PAK1"
"3.PPIF",0,1.38909603085226,0.423,0.108,0,"3","PPIF"
"3.VPS35",0,0.899389911312447,0.447,0.132,0,"3","VPS35"
"3.SLC25A39",0,0.72290500982045,0.488,0.173,0,"3","SLC25A39"
"3.EPSTI1",0,0.550897226607203,0.528,0.214,0,"3","EPSTI1"
"3.SLC39A1",0,1.59739933836579,0.392,0.078,0,"3","SLC39A1"
"3.APPL1",0,1.10973782695982,0.423,0.109,0,"3","APPL1"
"3.DOCK4",0,4.92528962904801,0.325,0.011,0,"3","DOCK4"
"3.ATP6V0E1",0,0.772110381944654,0.819,0.505,0,"3","ATP6V0E1"
"3.VPS29",0,0.59306816227441,0.568,0.254,0,"3","VPS29"
"3.CMTM3",0,0.829108074936712,0.457,0.144,0,"3","CMTM3"
"3.RPN2",0,0.6175678761987,0.545,0.232,0,"3","RPN2"
"3.CSTA",0,2.31994571116145,0.352,0.039,0,"3","CSTA"
"3.TCEAL4",0,1.71439104044378,0.373,0.06,0,"3","TCEAL4"
"3.TSPAN3",0,1.58923983163739,0.389,0.076,0,"3","TSPAN3"
"3.ACAP2",0,0.525662550874218,0.506,0.194,0,"3","ACAP2"
"3.ASPH",0,2.65093537700122,0.347,0.036,0,"3","ASPH"
"3.DUSP3",0,2.63857304309145,0.347,0.036,0,"3","DUSP3"
"3.AHR",0,0.842233671139805,0.436,0.126,0,"3","AHR"
"3.CSF2RA",0,3.12333391891323,0.337,0.027,0,"3","CSF2RA"
"3.C3",0,4.83418838823622,0.324,0.014,0,"3","C3"
"3.UPP1",0,0.9491144242329,0.455,0.146,0,"3","UPP1"
"3.HM13",0,0.685350798863026,0.534,0.225,0,"3","HM13"
"3.CSF3R",0,3.11147200947352,0.335,0.026,0,"3","CSF3R"
"3.IER5",0,1.57597158319175,0.439,0.13,0,"3","IER5"
"3.CTNNA1",0,1.86951445569547,0.37,0.061,0,"3","CTNNA1"
"3.NUDT3",0,1.76835384032804,0.374,0.065,0,"3","NUDT3"
"3.MAP3K8",0,0.519239556764608,0.498,0.189,0,"3","MAP3K8"
"3.C7orf73",0,0.583017456092637,0.502,0.194,0,"3","C7orf73"
"3.TMEM70",0,1.19014046020088,0.437,0.129,0,"3","TMEM70"
"3.NEK6",0,2.31200214759669,0.35,0.042,0,"3","NEK6"
"3.PRDX1",0,1.28646969052038,0.808,0.501,0,"3","PRDX1"
"3.ARL5A",0,0.718762428679917,0.51,0.203,0,"3","ARL5A"
"3.NABP1",0,0.76627186113491,0.482,0.175,0,"3","NABP1"
"3.STX4",0,1.54423126790169,0.387,0.08,0,"3","STX4"
"3.CMTM7",0,0.649082703572324,0.47,0.163,0,"3","CMTM7"
"3.ITM2B",0,1.67291487119767,0.929,0.623,0,"3","ITM2B"
"3.FAM198B",0,4.29970121362257,0.32,0.014,0,"3","FAM198B"
"3.TXN",0,0.753814132251312,0.699,0.393,0,"3","TXN"
"3.TCIRG1",0,0.840203410450363,0.465,0.16,0,"3","TCIRG1"
"3.TCF4",0,1.37390771090289,0.378,0.073,0,"3","TCF4"
"3.GPX3",0,4.38137286466709,0.316,0.012,0,"3","GPX3"
"3.CORO1C",0,2.32224221675877,0.349,0.045,0,"3","CORO1C"
"3.METRNL",0,1.45577535149008,0.382,0.078,0,"3","METRNL"
"3.ITGAX",0,2.75240599173458,0.338,0.035,0,"3","ITGAX"
"3.ANXA4",0,1.699558995105,0.369,0.066,0,"3","ANXA4"
"3.SDS",0,4.51225624859774,0.317,0.014,0,"3","SDS"
"3.MYO1F",0,0.742002619358359,0.426,0.123,0,"3","MYO1F"
"3.UQCRC1",0,0.770595400035087,0.467,0.165,0,"3","UQCRC1"
"3.CYBA",0,1.08178698279463,0.869,0.567,0,"3","CYBA"
"3.SLC31A1",0,2.93202869771692,0.33,0.028,0,"3","SLC31A1"
"3.TLR4",0,4.59574452250063,0.314,0.012,0,"3","TLR4"
"3.CMKLR1",0,5.07247881532075,0.31,0.008,0,"3","CMKLR1"
"3.TXNDC17",0,0.639292474355955,0.485,0.183,0,"3","TXNDC17"
"3.TPD52L2",0,1.56951550764947,0.377,0.075,0,"3","TPD52L2"
"3.ITGAV",0,2.17353535150885,0.341,0.04,0,"3","ITGAV"
"3.DPYSL2",0,2.49329558330737,0.342,0.042,0,"3","DPYSL2"
"3.GCA",0,1.59067590066998,0.372,0.072,0,"3","GCA"
"3.LINC01094",0,5.55604516584083,0.308,0.008,0,"3","LINC01094"
"3.ATP6V1C1",0,1.91330672607928,0.354,0.054,0,"3","ATP6V1C1"
"3.CD40",0,1.96541296287744,0.357,0.057,0,"3","CD40"
"3.TMBIM6",0,0.554853190592699,0.818,0.518,0,"3","TMBIM6"
"3.ADPGK",0,1.12718805463536,0.395,0.096,0,"3","ADPGK"
"3.GK",0,0.855587438120919,0.411,0.112,0,"3","GK"
"3.VMA21",0,1.00630189298907,0.414,0.115,0,"3","VMA21"
"3.KYNU",0,2.48879920123453,0.333,0.035,0,"3","KYNU"
"3.TFRC",0,1.76871256933951,0.39,0.092,0,"3","TFRC"
"3.PARP14",0,0.873813689582194,0.449,0.152,0,"3","PARP14"
"3.SDCCAG8",0,1.58948239493958,0.368,0.071,0,"3","SDCCAG8"
"3.CYSTM1",0,1.28046009793864,0.409,0.112,0,"3","CYSTM1"
"3.LAPTM5",0,1.26960642852139,0.931,0.635,0,"3","LAPTM5"
"3.ERP44",0,0.833149333640111,0.441,0.145,0,"3","ERP44"
"3.PLA2G15",0,3.55915579504839,0.313,0.017,0,"3","PLA2G15"
"3.NENF",0,1.28353890818146,0.395,0.1,0,"3","NENF"
"3.MKNK1",0,1.91491483725256,0.347,0.052,0,"3","MKNK1"
"3.ETV5",0,4.22097596413769,0.311,0.016,0,"3","ETV5"
"3.PARVB",0,1.54375199898425,0.372,0.077,0,"3","PARVB"
"3.FBP1",0,2.91081836375328,0.333,0.039,0,"3","FBP1"
"3.EMILIN2",0,2.89140066087808,0.324,0.03,0,"3","EMILIN2"
"3.C19orf70",0,0.547082542551131,0.488,0.194,0,"3","C19orf70"
"3.BTF3L4",0,0.584215102488491,0.446,0.153,0,"3","BTF3L4"
"3.SDHB",0,0.87912735373157,0.421,0.128,0,"3","SDHB"
"3.CXCL3",0,3.76936514543961,0.313,0.02,0,"3","CXCL3"
"3.TMEM30A",0,1.33508948641392,0.374,0.081,0,"3","TMEM30A"
"3.RENBP",0,3.3431184452452,0.315,0.022,0,"3","RENBP"
"3.BCKDK",0,1.7086528923175,0.365,0.072,0,"3","BCKDK"
"3.CHMP4B",0,1.22741723544722,0.392,0.1,0,"3","CHMP4B"
"3.NFKBIZ",0,0.700655452441429,0.578,0.286,0,"3","NFKBIZ"
"3.ILK",0,0.680193403957056,0.436,0.145,0,"3","ILK"
"3.FOSB",0,0.76796818559346,0.767,0.476,0,"3","FOSB"
"3.JOSD2",0,1.01578715939558,0.403,0.112,0,"3","JOSD2"
"3.TMEM51",0,4.07891977590101,0.306,0.015,0,"3","TMEM51"
"3.OLFML2B",0,5.24235560722019,0.299,0.008,0,"3","OLFML2B"
"3.VOPP1",0,0.697421087571051,0.484,0.193,0,"3","VOPP1"
"3.SEMA4A",0,2.2833657023401,0.343,0.053,0,"3","SEMA4A"
"3.GAS6",0,3.24187542350387,0.324,0.034,0,"3","GAS6"
"3.MITF",0,4.71859939189911,0.3,0.01,0,"3","MITF"
"3.TIMM8B",0,0.916548655481157,0.426,0.136,0,"3","TIMM8B"
"3.PLXNB2",0,3.25262040105523,0.314,0.024,0,"3","PLXNB2"
"3.EFR3A",0,0.886909525679846,0.395,0.106,0,"3","EFR3A"
"3.USF2",0,1.41073481389987,0.377,0.088,0,"3","USF2"
"3.ATP2A2",0,1.53789819797268,0.36,0.071,0,"3","ATP2A2"
"3.LINC01272",0,3.46350783789952,0.312,0.023,0,"3","LINC01272"
"3.PDXK",0,2.34266928455903,0.345,0.056,0,"3","PDXK"
"3.SGPL1",0,2.89007107699348,0.312,0.024,0,"3","SGPL1"
"3.TM6SF1",0,3.45831898936279,0.308,0.02,0,"3","TM6SF1"
"3.THBD",0,3.12904323738222,0.317,0.029,0,"3","THBD"
"3.SWAP70",0,1.56241378577417,0.34,0.053,0,"3","SWAP70"
"3.SDSL",0,4.05970692601059,0.302,0.015,0,"3","SDSL"
"3.CALR",0,0.715229182788963,0.791,0.505,0,"3","CALR"
"3.SHTN1",0,3.34371797645786,0.308,0.022,0,"3","SHTN1"
"3.TXNDC12",0,0.7147445948193,0.434,0.149,0,"3","TXNDC12"
"3.NANS",0,0.66576757594231,0.445,0.16,0,"3","NANS"
"3.FAM49A",0,1.85854047248957,0.339,0.055,0,"3","FAM49A"
"3.STX11",0,0.825253502790663,0.41,0.126,0,"3","STX11"
"3.SLC43A3",0,2.36469914788259,0.323,0.04,0,"3","SLC43A3"
"3.CCND1",0,2.3823068876701,0.317,0.034,0,"3","CCND1"
"3.SAT2",0,0.629547714748173,0.431,0.148,0,"3","SAT2"
"3.YIF1B",0,1.11226175047175,0.383,0.1,0,"3","YIF1B"
"3.NDUFB5",0,0.532893370178264,0.472,0.189,0,"3","NDUFB5"
"3.ME1",0,5.3343742706357,0.288,0.005,0,"3","ME1"
"3.CTNND1",0,3.04646128524688,0.306,0.023,0,"3","CTNND1"
"3.CHMP2A",0,0.54268286878645,0.476,0.193,0,"3","CHMP2A"
"3.PNKD",0,0.803446152773602,0.403,0.121,0,"3","PNKD"
"3.GNPTAB",0,0.907356987757705,0.383,0.101,0,"3","GNPTAB"
"3.ACTN1",0,2.10394960857805,0.329,0.047,0,"3","ACTN1"
"3.FAM213A",0,3.07753803726936,0.302,0.02,0,"3","FAM213A"
"3.OAZ2",0,1.61992469663922,0.345,0.063,0,"3","OAZ2"
"3.FKBP15",0,2.2052503762876,0.324,0.043,0,"3","FKBP15"
"3.PQLC3",0,0.7158026633895,0.401,0.121,0,"3","PQLC3"
"3.NAAA",0,0.856188582978071,0.386,0.106,0,"3","NAAA"
"3.RAB34",0,2.64015166137969,0.314,0.034,0,"3","RAB34"
"3.CCL4L2",0,1.11146771339816,0.435,0.155,0,"3","CCL4L2"
"3.COMMD9",0,1.43391144266065,0.344,0.064,0,"3","COMMD9"
"3.TIMM13",0,0.774794144169382,0.409,0.129,0,"3","TIMM13"
"3.ENO1",0,0.519189837834938,0.671,0.392,0,"3","ENO1"
"3.NECAP2",0,0.614481563869033,0.42,0.141,0,"3","NECAP2"
"3.RNF135",0,2.2972428988528,0.317,0.038,0,"3","RNF135"
"3.MRPL34",0,0.620184843545765,0.44,0.161,0,"3","MRPL34"
"3.RUNX1",0,1.3899731366677,0.371,0.092,0,"3","RUNX1"
"3.PFKL",0,0.979326484685803,0.391,0.112,0,"3","PFKL"
"3.AOAH",0,1.11761336986586,0.358,0.079,0,"3","AOAH"
"3.ATP6V1A",0,1.674888775805,0.336,0.058,0,"3","ATP6V1A"
"3.TM9SF2",0,0.952629569056591,0.392,0.114,0,"3","TM9SF2"
"3.RRBP1",0,0.856404334641982,0.395,0.117,0,"3","RRBP1"
"3.RAB8A",0,0.574294155676315,0.453,0.175,0,"3","RAB8A"
"3.FPR1",0,2.62236694320899,0.309,0.031,0,"3","FPR1"
"3.MCTP1",0,3.66142360448911,0.297,0.019,0,"3","MCTP1"
"3.CACUL1",0,1.09991121344508,0.358,0.08,0,"3","CACUL1"
"3.NME4",0,1.55027703890718,0.351,0.073,0,"3","NME4"
"3.OSBPL1A",0,3.95287738935362,0.29,0.012,0,"3","OSBPL1A"
"3.KIAA0930",0,2.94994292133696,0.306,0.028,0,"3","KIAA0930"
"3.CCRL2",0,2.81448619198875,0.31,0.033,0,"3","CCRL2"
"3.DBNL",0,0.522181379039264,0.441,0.164,0,"3","DBNL"
"3.IFI27L2",0,0.56409358609004,0.456,0.179,0,"3","IFI27L2"
"3.DPYD",0,0.918800899222357,0.362,0.086,0,"3","DPYD"
"3.RHOA",0,0.734974984213248,0.892,0.616,0,"3","RHOA"
"3.CASP1",0,0.562443920894925,0.434,0.158,0,"3","CASP1"
"3.LACTB",0,2.26606786034481,0.324,0.048,0,"3","LACTB"
"3.HCFC1R1",0,0.872644823950932,0.386,0.11,0,"3","HCFC1R1"
"3.CAPNS1",0,1.25001488368188,0.364,0.088,0,"3","CAPNS1"
"3.IFNAR1",0,1.09296024541451,0.378,0.102,0,"3","IFNAR1"
"3.YBX1",0,0.960035669073026,0.878,0.603,0,"3","YBX1"
"3.NR4A3",0,0.603184885169585,0.486,0.211,0,"3","NR4A3"
"3.ARPC3",0,0.751388106840988,0.887,0.612,0,"3","ARPC3"
"3.ATP1B1",0,1.37891965326961,0.34,0.066,0,"3","ATP1B1"
"3.AGPAT2",0,1.20406051382784,0.361,0.087,0,"3","AGPAT2"
"3.BNIP2",0,0.509276809503402,0.417,0.143,0,"3","BNIP2"
"3.NTAN1",0,1.47775856141636,0.341,0.067,0,"3","NTAN1"
"3.RASGEF1B",0,0.711202291919139,0.414,0.14,0,"3","RASGEF1B"
"3.PLIN3",0,1.33913368034699,0.353,0.079,0,"3","PLIN3"
"3.IL1RN",0,2.94448379455892,0.303,0.03,0,"3","IL1RN"
"3.MTCH2",0,0.849729731396398,0.382,0.109,0,"3","MTCH2"
"3.EIF4A3",0,0.611313743258535,0.503,0.23,0,"3","EIF4A3"
"3.TGFBR2",0,0.545088172154098,0.412,0.139,0,"3","TGFBR2"
"3.ZFP36L1",0,0.535473015867667,0.842,0.57,0,"3","ZFP36L1"
"3.APP",0,1.52332391209449,0.331,0.059,0,"3","APP"
"3.MMP9",0,4.99635669229772,0.296,0.024,0,"3","MMP9"
"3.BASP1",0,1.98195802851699,0.331,0.06,0,"3","BASP1"
"3.C6orf1",0,0.910563804546976,0.378,0.107,0,"3","C6orf1"
"3.CRYL1",0,1.66312822210373,0.327,0.056,0,"3","CRYL1"
"3.MGLL",0,3.2206717280701,0.299,0.028,0,"3","MGLL"
"3.STX12",0,1.03511796471851,0.358,0.088,0,"3","STX12"
"3.LTC4S",0,2.94551806655608,0.3,0.03,0,"3","LTC4S"
"3.CYC1",0,0.583983139647767,0.442,0.172,0,"3","CYC1"
"3.SNAP23",0,0.66223652459608,0.392,0.122,0,"3","SNAP23"
"3.ATP6V0C",0,0.849517409136004,0.643,0.373,0,"3","ATP6V0C"
"3.EPHX1",0,3.3921858900179,0.288,0.018,0,"3","EPHX1"
"3.PTGS1",0,3.98970697959669,0.286,0.016,0,"3","PTGS1"
"3.AXL",0,4.03190748591591,0.284,0.014,0,"3","AXL"
"3.CD72",0,1.93477678877181,0.307,0.038,0,"3","CD72"
"3.CAMTA1",0,0.648506209896898,0.408,0.139,0,"3","CAMTA1"
"3.P2RY6",0,2.85088412639132,0.297,0.028,0,"3","P2RY6"
"3.NQO2",0,1.49329992918738,0.337,0.069,0,"3","NQO2"
"3.RNF144B",0,2.50762638005178,0.3,0.032,0,"3","RNF144B"
"3.SLIRP",0,0.578389917877542,0.423,0.155,0,"3","SLIRP"
"3.PSMA4",0,0.564796479529011,0.468,0.2,0,"3","PSMA4"
"3.TLR2",0,3.65422722541037,0.284,0.017,0,"3","TLR2"
"3.RBKS",0,1.34143181179056,0.368,0.102,0,"3","RBKS"
"3.SLC4A7",0,0.828096125725985,0.369,0.103,0,"3","SLC4A7"
"3.SH3BP2",0,1.65694381398702,0.32,0.054,0,"3","SH3BP2"
"3.ZNF106",0,0.998364288105317,0.355,0.089,0,"3","ZNF106"
"3.CYB5A",0,1.00305966849612,0.361,0.095,0,"3","CYB5A"
"3.CXCL9",0,4.17625173635299,0.293,0.027,0,"3","CXCL9"
"3.GBAS",0,1.21143423564763,0.345,0.079,0,"3","GBAS"
"3.HSPA6",0,1.08082893451715,0.342,0.077,0,"3","HSPA6"
"3.FAM20A",0,4.90052492071555,0.274,0.009,0,"3","FAM20A"
"3.C20orf27",0,1.13722135582186,0.352,0.087,0,"3","C20orf27"
"3.FNIP2",0,2.96105298435569,0.292,0.027,0,"3","FNIP2"
"3.MILR1",0,3.21134399678646,0.287,0.022,0,"3","MILR1"
"3.GUSB",0,1.0211970248107,0.37,0.106,0,"3","GUSB"
"3.PDIA4",0,0.803967890908616,0.396,0.132,0,"3","PDIA4"
"3.DNAJC3",0,0.601548979907964,0.422,0.158,0,"3","DNAJC3"
"3.RHOQ",0,2.44219757871384,0.298,0.035,0,"3","RHOQ"
"3.CXCL10",0,3.3832764582098,0.308,0.045,0,"3","CXCL10"
"3.MLEC",0,0.708765030340946,0.406,0.143,0,"3","MLEC"
"3.CYTH4",0,1.23837649781935,0.342,0.079,0,"3","CYTH4"
"3.MRPS15",0,0.554009449964371,0.41,0.148,0,"3","MRPS15"
"3.FAM120A",0,1.06035571190769,0.349,0.087,0,"3","FAM120A"
"3.DICER1",0,1.27600796585319,0.33,0.068,0,"3","DICER1"
"3.CD209",0,6.56159399145371,0.266,0.004,0,"3","CD209"
"3.IL10RB",0,1.31307702643079,0.334,0.072,0,"3","IL10RB"
"3.ST8SIA4",0,0.827783075044168,0.368,0.107,0,"3","ST8SIA4"
"3.GTF2H5",0,0.622259532651284,0.384,0.123,0,"3","GTF2H5"
"3.P4HA1",0,1.17687677743205,0.342,0.081,0,"3","P4HA1"
"3.PREX1",0,0.990895844295399,0.359,0.098,0,"3","PREX1"
"3.GNA15",0,1.00404950412234,0.34,0.079,0,"3","GNA15"
"3.LILRB3",0,2.91697624525008,0.287,0.026,0,"3","LILRB3"
"3.S100A10",0,0.666937729306148,0.827,0.567,0,"3","S100A10"
"3.PFKFB3",0,0.544125809094776,0.413,0.153,0,"3","PFKFB3"
"3.ECHS1",0,0.69873814985077,0.392,0.132,0,"3","ECHS1"
"3.MYO5A",0,1.79099699187618,0.307,0.047,0,"3","MYO5A"
"3.GBP1",0,1.23179706510961,0.407,0.148,0,"3","GBP1"
"3.STARD3NL",0,0.513610355099313,0.365,0.107,0,"3","STARD3NL"
"3.ATP6V0A1",0,2.88853828498079,0.281,0.023,0,"3","ATP6V0A1"
"3.NAA20",0,0.969613966442818,0.363,0.105,0,"3","NAA20"
"3.SRD5A3",0,2.36372153960985,0.294,0.037,0,"3","SRD5A3"
"3.ASAP1",0,1.68485143093537,0.311,0.054,0,"3","ASAP1"
"3.KIAA1033",0,1.11955065428913,0.333,0.076,0,"3","KIAA1033"
"3.SCARB1",0,3.64615984774229,0.272,0.015,0,"3","SCARB1"
"3.LYSMD2",0,0.523067343070729,0.39,0.133,0,"3","LYSMD2"
"3.ADAM10",0,0.753676950110895,0.362,0.105,0,"3","ADAM10"
"3.RHBDF2",0,1.69584022291497,0.31,0.053,0,"3","RHBDF2"
"3.MFSD12",0,2.61899273873052,0.29,0.033,0,"3","MFSD12"
"3.SOAT1",0,1.32762840686354,0.32,0.064,0,"3","SOAT1"
"3.IRF2BP2",0,0.536290019648055,0.404,0.148,0,"3","IRF2BP2"
"3.UBE2E1",0,0.93561080187728,0.343,0.087,0,"3","UBE2E1"
"3.GTF2I",0,0.710554723032686,0.38,0.124,0,"3","GTF2I"
"3.NUDT16",0,1.63840207512886,0.31,0.055,0,"3","NUDT16"
"3.FAM50A",0,0.715512648869983,0.384,0.129,0,"3","FAM50A"
"3.KDM6B",0,0.521753177109581,0.459,0.204,0,"3","KDM6B"
"3.IGFBP4",0,1.46947726138374,0.321,0.066,0,"3","IGFBP4"
"3.TFPT",0,1.40101016733893,0.318,0.063,0,"3","TFPT"
"3.NDUFV3",0,1.34396942226582,0.327,0.072,0,"3","NDUFV3"
"3.SRA1",0,0.594300406523123,0.414,0.16,0,"3","SRA1"
"3.EPB41L2",0,3.1784266765652,0.275,0.021,0,"3","EPB41L2"
"3.ARPC1A",0,0.613292347126254,0.384,0.13,0,"3","ARPC1A"
"3.BEX4",0,1.13841457438478,0.334,0.08,0,"3","BEX4"
"3.ACADVL",0,0.646144057690147,0.419,0.165,0,"3","ACADVL"
"3.SEC14L1",0,0.641142968557837,0.402,0.148,0,"3","SEC14L1"
"3.MIDN",0,0.769698380197918,0.397,0.143,0,"3","MIDN"
"3.COA3",0,0.631852223548375,0.373,0.12,0,"3","COA3"
"3.DSC2",0,3.89470139161293,0.265,0.012,0,"3","DSC2"
"3.LSM10",0,0.541390650364257,0.415,0.163,0,"3","LSM10"
"3.UQCC2",0,0.699414821667444,0.374,0.122,0,"3","UQCC2"
"3.NFKBIA",0,0.86557427504414,0.889,0.637,0,"3","NFKBIA"
"3.PYGL",0,4.22039661571625,0.264,0.012,0,"3","PYGL"
"3.SLC29A1",0,2.9442103881854,0.276,0.025,0,"3","SLC29A1"
"3.ARAP1",0,1.92375815746854,0.292,0.041,0,"3","ARAP1"
"3.SLC38A6",0,2.74257809293793,0.271,0.02,0,"3","SLC38A6"
"3.ABI3",0,0.672588197666452,0.356,0.105,0,"3","ABI3"
"3.CAMK1",0,1.74469254694888,0.303,0.053,0,"3","CAMK1"
"3.SMIM20",0,1.13177115397059,0.332,0.082,0,"3","SMIM20"
"3.OAS1",0,0.769128528048461,0.38,0.13,0,"3","OAS1"
"3.ALDOA",0,0.529683565060346,0.812,0.562,0,"3","ALDOA"
"3.PARVG",0,0.621643305967839,0.367,0.117,0,"3","PARVG"
"3.BTK",0,1.90995390561268,0.292,0.042,0,"3","BTK"
"3.MT2A",0,0.657055441583067,0.67,0.421,0,"3","MT2A"
"3.DST",0,3.36312028440934,0.268,0.019,0,"3","DST"
"3.FCGR1B",0,4.30567447774437,0.261,0.012,0,"3","FCGR1B"
"3.PHACTR2",0,1.09643190675928,0.324,0.075,0,"3","PHACTR2"
"3.TM2D2",0,1.5055967019275,0.305,0.056,0,"3","TM2D2"
"3.VEGFA",0,2.81437479430305,0.279,0.031,0,"3","VEGFA"
"3.PLXNC1",0,2.56078064212531,0.278,0.03,0,"3","PLXNC1"
"3.PLBD2",0,2.65081229895231,0.274,0.026,0,"3","PLBD2"
"3.CTBS",0,0.798290417800197,0.358,0.11,0,"3","CTBS"
"3.SLC25A24",0,1.30450972261728,0.306,0.058,0,"3","SLC25A24"
"3.TNFAIP8L2",0,2.44982082926412,0.276,0.029,0,"3","TNFAIP8L2"
"3.NCEH1",0,3.50946186232861,0.261,0.014,0,"3","NCEH1"
"3.RDX",0,1.19570420336236,0.325,0.078,0,"3","RDX"
"3.FOS",0,0.728546698044701,0.928,0.681,0,"3","FOS"
"3.GOLIM4",0,2.14895223790492,0.285,0.038,0,"3","GOLIM4"
"3.CAT",0,0.912929371471177,0.336,0.09,0,"3","CAT"
"3.CIITA",0,2.21274272806242,0.281,0.035,0,"3","CIITA"
"3.CUX1",0,1.22562689484227,0.321,0.075,0,"3","CUX1"
"3.FAM195B",0,0.542845469778765,0.366,0.12,0,"3","FAM195B"
"3.ITSN1",0,4.50835839885196,0.254,0.008,0,"3","ITSN1"
"3.CLIC4",0,2.15440328063579,0.29,0.045,0,"3","CLIC4"
"3.CCDC50",0,0.676895637988498,0.348,0.103,0,"3","CCDC50"
"3.SCD",0,3.49812962653053,0.258,0.013,0,"3","SCD"
"3.MXD1",0,1.29868650306569,0.34,0.096,0,"3","MXD1"
"3.ACSL3",0,1.01255676470671,0.325,0.081,0,"3","ACSL3"
"3.LTA4H",0,1.24514358344774,0.35,0.106,0,"3","LTA4H"
"3.ODF3B",0,1.27694105336941,0.319,0.075,0,"3","ODF3B"
"3.SNX8",0,1.94055387064775,0.285,0.041,0,"3","SNX8"
"3.INSIG1",0,0.670517361118854,0.456,0.213,0,"3","INSIG1"
"3.USP9X",0,0.841743431660055,0.333,0.09,0,"3","USP9X"
"3.PARL",0,0.641992368818791,0.354,0.112,0,"3","PARL"
"3.ZFYVE16",0,1.9035810749445,0.286,0.044,0,"3","ZFYVE16"
"3.RHOBTB3",0,3.4772927969991,0.256,0.014,0,"3","RHOBTB3"
"3.STAC3",0,3.7371188297332,0.258,0.016,0,"3","STAC3"
"3.EEA1",0,1.16792178420547,0.309,0.067,0,"3","EEA1"
"3.SNX29",0,1.36059441514247,0.299,0.057,0,"3","SNX29"
"3.MRPL27",0,0.623384055769874,0.358,0.116,0,"3","MRPL27"
"3.TLR1",0,2.96443926865536,0.26,0.019,0,"3","TLR1"
"3.CPEB4",0,1.62123529503518,0.303,0.062,0,"3","CPEB4"
"3.CALU",0,1.18826131901186,0.324,0.083,0,"3","CALU"
"3.ARF3",0,1.20506338419208,0.305,0.064,0,"3","ARF3"
"3.ABCG1",0,1.08299623829014,0.314,0.073,0,"3","ABCG1"
"3.MPV17",0,0.745152596604101,0.333,0.093,0,"3","MPV17"
"3.RALA",0,0.676331728680361,0.391,0.151,0,"3","RALA"
"3.MIF4GD",0,0.889727215424776,0.332,0.092,0,"3","MIF4GD"
"3.ADGRE2",0,2.36883350043392,0.271,0.031,0,"3","ADGRE2"
"3.HADHB",0,0.538247798480081,0.365,0.125,0,"3","HADHB"
"3.CTDNEP1",0,1.41658217380892,0.311,0.071,0,"3","CTDNEP1"
"3.BCL2L1",0,1.08346161423019,0.317,0.077,0,"3","BCL2L1"
"3.SNAP29",0,1.00112549109949,0.321,0.081,0,"3","SNAP29"
"3.RNPEP",0,1.29582379166055,0.308,0.069,0,"3","RNPEP"
"3.MTSS1",0,1.68430265641763,0.286,0.047,0,"3","MTSS1"
"3.APIP",0,1.06458501558094,0.315,0.076,0,"3","APIP"
"3.TSC22D1",0,2.1685260682424,0.289,0.05,0,"3","TSC22D1"
"3.DNAJA4",0,2.18404613377508,0.294,0.055,0,"3","DNAJA4"
"3.RANBP2",0,0.545023722846797,0.405,0.167,0,"3","RANBP2"
"3.KLF10",0,1.11618683839801,0.327,0.089,0,"3","KLF10"
"3.CHID1",0,0.987494541010996,0.327,0.089,0,"3","CHID1"
"3.REEP4",0,1.59887342153486,0.286,0.048,0,"3","REEP4"
"3.GDE1",0,1.16426143442822,0.305,0.067,0,"3","GDE1"
"3.ACER3",0,2.16686588992664,0.27,0.034,0,"3","ACER3"
"3.SCIMP",0,2.05359911336099,0.269,0.033,0,"3","SCIMP"
"3.ATF6",0,1.17846199681214,0.308,0.072,0,"3","ATF6"
"3.DEGS1",0,0.519231567160377,0.353,0.118,0,"3","DEGS1"
"3.ZDHHC12",0,0.700483249312171,0.339,0.105,0,"3","ZDHHC12"
"3.DOK3",0,2.61968773330536,0.262,0.028,0,"3","DOK3"
"3.P2RX4",0,1.93761271619714,0.276,0.042,0,"3","P2RX4"
"3.EHD4",0,0.89920604424443,0.324,0.09,0,"3","EHD4"
"3.GLB1",0,1.26787040939494,0.295,0.061,0,"3","GLB1"
"3.HLA-DQA2",0,1.81947376187166,0.359,0.125,0,"3","HLA-DQA2"
"3.ETV6",0,1.35008530647072,0.303,0.069,0,"3","ETV6"
"3.MRPL40",0,0.755960578141598,0.34,0.107,0,"3","MRPL40"
"3.RIPK2",0,0.822520471462309,0.322,0.089,0,"3","RIPK2"
"3.RALGDS",0,0.944299333068787,0.319,0.086,0,"3","RALGDS"
"3.CDV3",0,0.617997425975457,0.366,0.133,0,"3","CDV3"
"3.TNFSF10",0,0.614378855434113,0.39,0.158,0,"3","TNFSF10"
"3.CCDC47",0,0.820930193675272,0.324,0.092,0,"3","CCDC47"
"3.ATP13A3",0,1.69921830497683,0.284,0.052,0,"3","ATP13A3"
"3.WIPI2",0,0.660300368027118,0.345,0.113,0,"3","WIPI2"
"3.YWHAG",0,0.978017098689619,0.312,0.08,0,"3","YWHAG"
"3.SPAG9",0,0.755772358623295,0.352,0.12,0,"3","SPAG9"
"3.NMI",0,0.675624025058866,0.335,0.104,0,"3","NMI"
"3.TMEM205",0,0.799248035947522,0.335,0.104,0,"3","TMEM205"
"3.GBP4",0,0.860158293878246,0.345,0.114,0,"3","GBP4"
"3.PTPRJ",0,1.60159640635361,0.282,0.051,0,"3","PTPRJ"
"3.SPNS1",0,1.07921941551698,0.301,0.07,0,"3","SPNS1"
"3.ERCC1",0,0.728139797420891,0.334,0.104,0,"3","ERCC1"
"3.NADK",0,2.14023649518255,0.265,0.035,0,"3","NADK"
"3.TGFBR1",0,2.25030778798019,0.263,0.033,0,"3","TGFBR1"
"3.RNASEK",0,0.71971633201444,0.327,0.097,0,"3","RNASEK"
"3.IL6R",0,1.32906063742858,0.291,0.061,0,"3","IL6R"
"3.MAP3K2",0,0.626945743254704,0.36,0.13,0,"3","MAP3K2"
"3.ACOT13",0,1.33373794155395,0.29,0.06,0,"3","ACOT13"
"3.DHRSX",0,1.04829518853625,0.292,0.062,0,"3","DHRSX"
"3.PTPN12",0,2.09251372738381,0.261,0.032,0,"3","PTPN12"
"3.FES",0,2.86659260615163,0.251,0.022,0,"3","FES"
"3.SFT2D2",0,0.82965266889407,0.309,0.08,0,"3","SFT2D2"
"3.PTPN18",0,1.21271125977713,0.296,0.067,0,"3","PTPN18"
"3.CHCHD1",0,0.566641549959156,0.347,0.118,0,"3","CHCHD1"
"3.NUFIP2",0,0.787941296276144,0.348,0.119,0,"3","NUFIP2"
"3.WARS",0,1.11084505569692,0.332,0.104,0,"3","WARS"
"3.GBA",0,1.81408033293096,0.268,0.04,0,"3","GBA"
"3.FGD4",0,2.94591527502077,0.25,0.022,0,"3","FGD4"
"3.SCO2",0,1.36011573041578,0.308,0.08,0,"3","SCO2"
"3.SCNM1",0,0.581882465838164,0.339,0.112,0,"3","SCNM1"
"3.TUBGCP2",0,0.909033092145935,0.315,0.088,0,"3","TUBGCP2"
"3.CSRP1",0,0.515034002855859,0.35,0.123,0,"3","CSRP1"
"3.IQGAP2",0,0.546690960968114,0.353,0.126,0,"3","IQGAP2"
"3.SIL1",0,1.44286508034863,0.289,0.062,0,"3","SIL1"
"3.SUSD6",0,1.21533618825713,0.29,0.063,0,"3","SUSD6"
"3.APOL6",0,0.528371479274781,0.358,0.131,0,"3","APOL6"
"3.ELOVL1",0,0.57674445096486,0.331,0.105,0,"3","ELOVL1"
"3.LINC00116",0,0.702008769610472,0.321,0.095,0,"3","LINC00116"
"3.UBAC1",0,1.95375303511883,0.264,0.038,0,"3","UBAC1"
"3.NUP214",0,1.38812742362078,0.287,0.061,0,"3","NUP214"
"3.COQ2",0,1.88491689679756,0.261,0.036,0,"3","COQ2"
"3.BAZ2B",0,1.04990028598852,0.295,0.07,0,"3","BAZ2B"
"3.SPATS2L",0,0.903103599758571,0.304,0.079,0,"3","SPATS2L"
"3.FGR",0,1.67460660732881,0.269,0.045,0,"3","FGR"
"3.ARHGAP10",0,1.75586003457018,0.258,0.034,0,"3","ARHGAP10"
"3.SMIM15",0,0.697845558815535,0.317,0.093,0,"3","SMIM15"
"3.SORL1",0,0.657824568219248,0.322,0.098,0,"3","SORL1"
"3.BLOC1S6",0,0.734221480801835,0.325,0.101,0,"3","BLOC1S6"
"3.BAG3",0,1.42643872026962,0.352,0.128,0,"3","BAG3"
"3.SCCPDH",0,1.4897059868746,0.27,0.047,0,"3","SCCPDH"
"3.FGD2",0,1.76792355614355,0.268,0.045,0,"3","FGD2"
"3.DBNDD2",0,2.19877675123152,0.253,0.03,0,"3","DBNDD2"
"3.CHMP2B",0,0.552134494093628,0.345,0.122,0,"3","CHMP2B"
"3.SQRDL",0,1.31732767189355,0.291,0.068,0,"3","SQRDL"
"3.CTNNB1",0,0.572138740987864,0.341,0.119,0,"3","CTNNB1"
"3.COA6",0,0.793379699915429,0.317,0.095,0,"3","COA6"
"3.TCF12",0,0.877284838209725,0.299,0.077,0,"3","TCF12"
"3.NDUFS2",0,0.600849298371509,0.336,0.115,0,"3","NDUFS2"
"3.TMED3",0,0.678975639686464,0.333,0.112,0,"3","TMED3"
"3.FBXL5",0,0.635303254856081,0.308,0.087,0,"3","FBXL5"
"3.SORBS3",0,1.32491937817056,0.263,0.042,0,"3","SORBS3"
"3.PTPMT1",0,1.09200841606392,0.291,0.07,0,"3","PTPMT1"
"3.NUMB",0,0.849080186142862,0.301,0.08,0,"3","NUMB"
"3.SND1",0,0.761754355557119,0.314,0.094,0,"3","SND1"
"3.FAM46A",0,1.55319308082352,0.271,0.052,0,"3","FAM46A"
"3.ABHD2",0,1.35717585658872,0.272,0.053,0,"3","ABHD2"
"3.SVBP",0,0.841306502449279,0.308,0.089,0,"3","SVBP"
"3.ANAPC13",0,0.703547891460728,0.312,0.093,0,"3","ANAPC13"
"3.HSD17B4",0,1.96734609381777,0.257,0.038,0,"3","HSD17B4"
"3.NRIP1",0,2.07967261701609,0.251,0.032,0,"3","NRIP1"
"3.ISG15",0,0.695046305891399,0.593,0.374,0,"3","ISG15"
"3.RIN3",0,0.924472466648671,0.296,0.077,0,"3","RIN3"
"3.TPMT",0,1.21109258324993,0.274,0.056,0,"3","TPMT"
"3.MTMR14",0,0.684090417380923,0.31,0.092,0,"3","MTMR14"
"3.IRF5",0,1.9420533144946,0.256,0.038,0,"3","IRF5"
"3.IL18BP",0,2.17433370149272,0.251,0.033,0,"3","IL18BP"
"3.REEP3",0,0.801976995677156,0.294,0.076,0,"3","REEP3"
"3.FOXO3",0,1.37911342612045,0.277,0.06,0,"3","FOXO3"
"3.OSM",0,2.33851763156661,0.261,0.044,0,"3","OSM"
"3.DHRS3",0,1.39719569579682,0.258,0.041,0,"3","DHRS3"
"3.MLX",0,0.626688959274405,0.314,0.097,0,"3","MLX"
"3.HVCN1",0,0.886707523429054,0.264,0.048,0,"3","HVCN1"
"3.CMIP",0,1.10009761069598,0.281,0.065,0,"3","CMIP"
"3.SLC25A19",0,1.44549636892214,0.275,0.059,0,"3","SLC25A19"
"3.RPL26L1",0,0.914279368433286,0.298,0.082,0,"3","RPL26L1"
"3.FLII",0,1.07766723775783,0.283,0.067,0,"3","FLII"
"3.PRKCD",0,1.52984498286026,0.266,0.051,0,"3","PRKCD"
"3.TCEAL3",0,1.6123781503788,0.256,0.041,0,"3","TCEAL3"
"3.ZDHHC24",0,0.602044373833116,0.306,0.091,0,"3","ZDHHC24"
"3.RTCB",0,0.61265112180809,0.314,0.099,0,"3","RTCB"
"3.UBE2R2",0,1.14282603443474,0.286,0.071,0,"3","UBE2R2"
"3.NARS",0,0.895314699264413,0.294,0.079,0,"3","NARS"
"3.G0S2",0,3.0718797184284,0.252,0.038,0,"3","G0S2"
"3.AHCY",0,0.894652682786331,0.291,0.077,0,"3","AHCY"
"3.IFIT2",0,1.40779776332238,0.261,0.048,0,"3","IFIT2"
"3.NUP62",0,1.27461024405769,0.275,0.062,0,"3","NUP62"
"3.PLEC",0,0.823563917161788,0.304,0.091,0,"3","PLEC"
"3.QSOX1",0,1.28924717237641,0.266,0.054,0,"3","QSOX1"
"3.RALB",0,1.15616647907537,0.268,0.056,0,"3","RALB"
"3.IGF2R",0,1.52784288670655,0.257,0.045,0,"3","IGF2R"
"3.GINM1",0,0.717869162149566,0.293,0.081,0,"3","GINM1"
"3.DNM2",0,0.906203354593972,0.291,0.079,0,"3","DNM2"
"3.SH3TC1",0,1.66108020906226,0.257,0.046,0,"3","SH3TC1"
"3.ANKH",0,1.1337826361387,0.273,0.062,0,"3","ANKH"
"3.ARPC4",0,0.668959242073963,0.327,0.117,0,"3","ARPC4"
"3.LAMTOR3",0,0.517297382668094,0.319,0.109,0,"3","LAMTOR3"
"3.RAPGEF1",0,1.13202083773046,0.28,0.07,0,"3","RAPGEF1"
"3.WDR45B",0,1.04598339238919,0.281,0.071,0,"3","WDR45B"
"3.S100A6",0,0.968849049902505,0.859,0.649,0,"3","S100A6"
"3.BCAP29",0,0.649300938672663,0.291,0.081,0,"3","BCAP29"
"3.DHRS4",0,0.938625870265652,0.281,0.072,0,"3","DHRS4"
"3.GGA1",0,0.546058291266356,0.299,0.09,0,"3","GGA1"
"3.SMIM3",0,1.48672291641551,0.255,0.047,0,"3","SMIM3"
"3.MKNK2",0,0.605023874695273,0.322,0.114,0,"3","MKNK2"
"3.DOCK2",0,0.559819131755452,0.309,0.101,0,"3","DOCK2"
"3.HOOK3",0,0.646569418519573,0.302,0.094,0,"3","HOOK3"
"3.AHCYL1",0,1.31547238090519,0.261,0.054,0,"3","AHCYL1"
"3.MCFD2",0,1.07894120743765,0.269,0.062,0,"3","MCFD2"
"3.C9orf72",0,1.48791918041694,0.253,0.046,0,"3","C9orf72"
"3.HPS5",0,1.23108847168274,0.256,0.049,0,"3","HPS5"
"3.ADRBK1",0,0.639696554589551,0.31,0.103,0,"3","ADRBK1"
"3.NDUFA8",0,0.554197498284562,0.301,0.094,0,"3","NDUFA8"
"3.CYB5R4",0,0.725248738418672,0.288,0.081,0,"3","CYB5R4"
"3.MRPL17",0,0.794041132196061,0.288,0.081,0,"3","MRPL17"
"3.LARP1",0,0.988393329226221,0.276,0.07,0,"3","LARP1"
"3.CAPRIN1",0,0.519729223623094,0.303,0.097,0,"3","CAPRIN1"
"3.LINC00936",0,0.964680344860094,0.307,0.101,0,"3","LINC00936"
"3.OSTM1",0,0.968010497491684,0.269,0.064,0,"3","OSTM1"
"3.TRIM14",0,0.882864242188593,0.268,0.063,0,"3","TRIM14"
"3.PHLDA2",0,1.22420400274876,0.279,0.074,0,"3","PHLDA2"
"3.RALBP1",0,0.929097726411863,0.279,0.074,0,"3","RALBP1"
"3.SPTSSA",0,0.758317982914307,0.294,0.089,0,"3","SPTSSA"
"3.CYB5R1",0,0.923884484079226,0.263,0.059,0,"3","CYB5R1"
"3.CNIH4",0,0.641152103733511,0.308,0.104,0,"3","CNIH4"
"3.CHMP3",0,1.01501713380572,0.272,0.068,0,"3","CHMP3"
"3.DERA",0,1.13609751686875,0.262,0.058,0,"3","DERA"
"3.STAT2",0,1.0278556288391,0.271,0.067,0,"3","STAT2"
"3.TOM1",0,0.851688267598114,0.277,0.073,0,"3","TOM1"
"3.SDHD",0,0.935506635751128,0.295,0.091,0,"3","SDHD"
"3.TSEN34",0,0.588431052233413,0.292,0.088,0,"3","TSEN34"
"3.JKAMP",0,0.639419951675688,0.282,0.078,0,"3","JKAMP"
"3.ACOT9",0,0.876465192074336,0.273,0.07,0,"3","ACOT9"
"3.ADAM28",0,0.861759118779064,0.26,0.057,0,"3","ADAM28"
"3.MCUR1",0,0.846811340775061,0.289,0.086,0,"3","MCUR1"
"3.HACD4",0,0.638240306652432,0.3,0.097,0,"3","HACD4"
"3.ZNF330",0,0.909328288440341,0.272,0.07,0,"3","ZNF330"
"3.TMEM60",0,0.941072689654832,0.266,0.064,0,"3","TMEM60"
"3.ADCY7",0,1.06755490967439,0.259,0.057,0,"3","ADCY7"
"3.RP11-160E2.6",0,1.62535200774029,0.277,0.075,0,"3","RP11-160E2.6"
"3.ARSA",0,0.793866472143884,0.289,0.087,0,"3","ARSA"
"3.MAP3K11",0,1.07865620857606,0.265,0.064,0,"3","MAP3K11"
"3.DUSP6",0,1.17374400373089,0.263,0.062,0,"3","DUSP6"
"3.PSMD1",0,0.567047951897073,0.293,0.092,0,"3","PSMD1"
"3.MAPKAPK3",0,0.542226126392019,0.295,0.094,0,"3","MAPKAPK3"
"3.TMEM141",0,0.567058908190709,0.287,0.086,0,"3","TMEM141"
"3.SEC61A1",0,0.609259230102571,0.308,0.108,0,"3","SEC61A1"
"3.PAPSS1",0,0.876136728581489,0.274,0.074,0,"3","PAPSS1"
"3.FAM192A",0,0.525473289094056,0.293,0.093,0,"3","FAM192A"
"3.CD74",0,2.44262609192579,0.972,0.772,0,"3","CD74"
"3.C1orf122",0,1.07267413931952,0.265,0.066,0,"3","C1orf122"
"3.TRIP12",0,0.770155356191615,0.278,0.079,0,"3","TRIP12"
"3.KLHDC3",0,0.817663451586742,0.275,0.076,0,"3","KLHDC3"
"3.NCOR2",0,1.18676254884563,0.254,0.055,0,"3","NCOR2"
"3.CDK4",0,0.606218132311162,0.291,0.092,0,"3","CDK4"
"3.C18orf32",0,0.558715799905253,0.296,0.097,0,"3","C18orf32"
"3.TOR3A",0,0.51377318350244,0.314,0.116,0,"3","TOR3A"
"3.CTD-2336O2.1",0,1.16469560759202,0.252,0.054,0,"3","CTD-2336O2.1"
"3.CAPN1",0,0.597535852024828,0.288,0.09,0,"3","CAPN1"
"3.IKBIP",0,0.797265594388544,0.282,0.084,0,"3","IKBIP"
"3.CAB39",0,1.00460857177198,0.269,0.072,0,"3","CAB39"
"3.FGD5-AS1",0,0.841920726306998,0.268,0.071,0,"3","FGD5-AS1"
"3.MMP24-AS1",0,0.778424498834965,0.278,0.081,0,"3","MMP24-AS1"
"3.RAD23B",0,0.624688642875802,0.287,0.09,0,"3","RAD23B"
"3.FAM195A",0,1.25964499152469,0.254,0.058,0,"3","FAM195A"
"3.MKKS",0,0.681298298780078,0.292,0.096,0,"3","MKKS"
"3.FAM127A",0,0.787271743822833,0.264,0.069,0,"3","FAM127A"
"3.TM9SF3",0,0.815017338868006,0.272,0.077,0,"3","TM9SF3"
"3.COPS7A",0,1.01075825607123,0.25,0.056,0,"3","COPS7A"
"3.ISOC2",0,0.937776797452487,0.271,0.077,0,"3","ISOC2"
"3.BLOC1S1",0,0.5220675402863,0.364,0.17,0,"3","BLOC1S1"
"3.PDLIM5",0,0.81555982297056,0.259,0.066,0,"3","PDLIM5"
"3.MPDU1",0,0.745906697078215,0.273,0.08,0,"3","MPDU1"
"3.IL17RA",0,0.780002892921009,0.265,0.072,0,"3","IL17RA"
"3.MYD88",0,0.67528738782171,0.281,0.089,0,"3","MYD88"
"3.PAPD4",0,0.58260969591219,0.27,0.078,0,"3","PAPD4"
"3.STXBP2",0,0.826132843518038,0.259,0.067,0,"3","STXBP2"
"3.FNDC3A",0,0.661385310807765,0.288,0.096,0,"3","FNDC3A"
"3.CLPTM1",0,0.59974157576219,0.284,0.092,0,"3","CLPTM1"
"3.TAOK1",0,0.779939886471496,0.259,0.068,0,"3","TAOK1"
"3.PBRM1",0,0.64462999295897,0.279,0.089,0,"3","PBRM1"
"3.FCHSD2",0,0.939939508586984,0.258,0.069,0,"3","FCHSD2"
"3.ACSL4",0,0.933299216973862,0.253,0.065,0,"3","ACSL4"
"3.HK1",0,0.674094488873193,0.263,0.076,0,"3","HK1"
"3.HSD17B12",0,0.817790679172269,0.257,0.071,0,"3","HSD17B12"
"3.PTEN",0,0.978212214167401,0.252,0.066,0,"3","PTEN"
"3.IFIT3",0,1.12431207792935,0.254,0.068,0,"3","IFIT3"
"3.EIF2AK4",0,1.01922280699952,0.253,0.067,0,"3","EIF2AK4"
"3.TRPV2",0,0.639981282554628,0.252,0.066,0,"3","TRPV2"
"3.AZI2",0,0.68983011811888,0.272,0.087,0,"3","AZI2"
"3.PARP12",0,0.656488806922647,0.259,0.074,0,"3","PARP12"
"3.CYB561A3",0,0.759898322343001,0.257,0.072,0,"3","CYB561A3"
"3.DAP",0,0.533240121403508,0.28,0.096,0,"3","DAP"
"3.UBL3",0,0.513166908285863,0.274,0.091,0,"3","UBL3"
"3.SNF8",0,0.624802870783674,0.271,0.088,0,"3","SNF8"
"3.ZSWIM7",0,0.778470602502352,0.251,0.068,0,"3","ZSWIM7"
"3.SLC50A1",0,0.567931092778864,0.266,0.084,0,"3","SLC50A1"
"3.MAFF",0,0.61791336087289,0.285,0.104,0,"3","MAFF"
"3.POLDIP2",0,0.510180558554268,0.267,0.087,0,"3","POLDIP2"
"3.TMEM259",0,0.652265712382344,0.264,0.085,0,"3","TMEM259"
"3.TXNL4A",0,0.578673437546094,0.276,0.098,0,"3","TXNL4A"
"3.NBN",0,0.623393833803156,0.267,0.09,0,"3","NBN"
"3.COMMD4",0,0.52140066082808,0.259,0.082,0,"3","COMMD4"
"3.PPP1R15B",0,0.554012379577676,0.278,0.103,0,"3","PPP1R15B"
"3.MBD2",0,0.729457152984087,0.256,0.082,0,"3","MBD2"
"3.GCHFR",0,1.15398957727446,0.283,0.113,0,"3","GCHFR"
"3.ILF3-AS1",0,0.814204300364905,0.251,0.109,0,"3","ILF3-AS1"
"3.SERF2",0,0.730143821334444,0.959,0.858,0,"3","SERF2"
"3.FTL",0,3.7573858285488,1,0.924,0,"3","FTL"
"3.FTH1",0,1.79912347133606,0.999,0.938,0,"3","FTH1"
"3.MT-ND4",0,0.511599465882457,0.965,0.939,0,"3","MT-ND4"
"3.TMSB10",0,0.720232631139717,0.982,0.965,0,"3","TMSB10"
"4.GNLY",0,4.81475189418732,0.812,0.071,0,"4","GNLY"
"4.KLRD1",0,3.84014521485854,0.765,0.083,0,"4","KLRD1"
"4.NKG7",0,2.98336806901735,0.877,0.229,0,"4","NKG7"
"4.CTSW",0,2.60738026359639,0.734,0.18,0,"4","CTSW"
"4.TRDC",0,4.54679275524407,0.536,0.022,0,"4","TRDC"
"4.XCL2",0,3.23851386071965,0.579,0.069,0,"4","XCL2"
"4.GZMB",0,3.01408435936904,0.608,0.116,0,"4","GZMB"
"4.HOPX",0,2.75933144992847,0.615,0.13,0,"4","HOPX"
"4.XCL1",0,3.09484992293184,0.567,0.087,0,"4","XCL1"
"4.CST7",0,1.80364372721,0.696,0.29,0,"4","CST7"
"4.KLRC1",0,4.06779889117543,0.439,0.034,0,"4","KLRC1"
"4.CCL5",0,1.4054836797802,0.825,0.423,0,"4","CCL5"
"4.PRF1",0,3.2660267550527,0.5,0.101,0,"4","PRF1"
"4.CD7",0,1.650426029004,0.733,0.368,0,"4","CD7"
"4.GZMA",0,1.83672774937192,0.585,0.224,0,"4","GZMA"
"4.KLRB1",0,1.88826019778314,0.529,0.17,0,"4","KLRB1"
"4.CCL4",0,1.38183412522322,0.676,0.326,0,"4","CCL4"
"4.MATK",0,3.00245179886618,0.383,0.065,0,"4","MATK"
"4.AREG",0,2.4089318441152,0.533,0.234,0,"4","AREG"
"4.IL2RB",0,2.28589347810796,0.41,0.121,0,"4","IL2RB"
"4.FCER1G",0,0.764668541155958,0.49,0.206,0,"4","FCER1G"
"4.KLRF1",0,7.68222475419499,0.279,0.002,0,"4","KLRF1"
"4.IFITM2",0,1.33938642986294,0.844,0.591,0,"4","IFITM2"
"4.CLIC3",0,3.09555425013758,0.306,0.059,0,"4","CLIC3"
"4.CD247",0,1.77858038266194,0.45,0.207,0,"4","CD247"
"4.SYTL3",0,1.61434805129183,0.429,0.196,0,"4","SYTL3"
"4.ZNF683",0,1.81669972426712,0.335,0.105,0,"4","ZNF683"
"4.GZMH",0,2.07963827783912,0.331,0.101,0,"4","GZMH"
"4.CD69",0,1.05696524242273,0.755,0.529,0,"4","CD69"
"4.PLAC8",0,2.29870214854897,0.325,0.101,0,"4","PLAC8"
"4.HCST",0,1.13539832806153,0.723,0.507,0,"4","HCST"
"4.ID2",0,1.21487889579215,0.561,0.352,0,"4","ID2"
"4.TRBC1",0,0.713503717197456,0.44,0.251,0,"4","TRBC1"
"4.TNFRSF18",0,1.29724676598059,0.306,0.119,0,"4","TNFRSF18"
"4.MAFF",0,1.98989818317357,0.296,0.113,0,"4","MAFF"
"4.GZMM",0,1.45895761137527,0.345,0.162,0,"4","GZMM"
"4.CMC1",0,2.70161356897456,0.324,0.142,0,"4","CMC1"
"4.GPR65",0,1.53502607235145,0.395,0.214,0,"4","GPR65"
"4.APOBEC3G",0,1.22286840326679,0.425,0.245,0,"4","APOBEC3G"
"4.CLEC2B",0,0.944456224925444,0.57,0.393,0,"4","CLEC2B"
"4.ADGRE5",0,1.1772387716853,0.469,0.299,0,"4","ADGRE5"
"4.RUNX3",0,1.24753477670604,0.337,0.185,0,"4","RUNX3"
"4.IER2",0,0.950406137079439,0.679,0.534,0,"4","IER2"
"4.CD96",0,0.705682364913474,0.378,0.238,0,"4","CD96"
"4.LITAF",0,0.904737667135426,0.612,0.472,0,"4","LITAF"
"4.REL",0,1.0866697347997,0.57,0.431,0,"4","REL"
"4.STAT4",0,0.908871675774033,0.31,0.172,0,"4","STAT4"
"4.IFNG",0,0.714409725800978,0.269,0.135,0,"4","IFNG"
"4.PTPN22",0,0.936169694011576,0.343,0.211,0,"4","PTPN22"
"4.BIN2",0,1.23709030485541,0.341,0.209,0,"4","BIN2"
"4.PIK3R1",0,1.11399773966207,0.391,0.259,0,"4","PIK3R1"
"4.FOSL2",0,1.16995165301946,0.329,0.2,0,"4","FOSL2"
"4.SEPT7",0,0.832408098205063,0.543,0.416,0,"4","SEPT7"
"4.DDIT4",0,0.77485989326867,0.571,0.444,0,"4","DDIT4"
"4.EVL",0,0.611868255106482,0.561,0.437,0,"4","EVL"
"4.CHST12",0,1.31176764272122,0.266,0.143,0,"4","CHST12"
"4.FYN",0,0.62671840115859,0.37,0.247,0,"4","FYN"
"4.C12orf75",0,1.08404211750333,0.295,0.172,0,"4","C12orf75"
"4.VPS37B",0,0.941970089519339,0.346,0.225,0,"4","VPS37B"
"4.CDC42SE1",0,1.26845083168793,0.332,0.212,0,"4","CDC42SE1"
"4.RALGAPA1",0,1.0373039415112,0.324,0.207,0,"4","RALGAPA1"
"4.DUSP2",0,0.803325579043745,0.704,0.587,0,"4","DUSP2"
"4.RNF125",0,1.08145701623523,0.253,0.141,0,"4","RNF125"
"4.TUBA4A",0,0.782182111570638,0.437,0.325,0,"4","TUBA4A"
"4.GADD45B",0,0.729004405217624,0.534,0.424,0,"4","GADD45B"
"4.BHLHE40",0,1.18237914813263,0.304,0.194,0,"4","BHLHE40"
"4.GLIPR2",0,1.16913076055311,0.298,0.19,0,"4","GLIPR2"
"4.APMAP",0,1.59436188006534,0.255,0.149,0,"4","APMAP"
"4.CTD-3252C9.4",0,1.0276046270508,0.318,0.213,0,"4","CTD-3252C9.4"
"4.NR4A2",0,0.553781993424617,0.662,0.557,0,"4","NR4A2"
"4.STK17A",0,0.576606323203841,0.471,0.366,0,"4","STK17A"
"4.ARHGAP9",0,0.896631098801228,0.327,0.223,0,"4","ARHGAP9"
"4.SLC38A1",0,0.848051602502555,0.293,0.189,0,"4","SLC38A1"
"4.PRKCH",0,0.801960845496779,0.277,0.176,0,"4","PRKCH"
"4.SOCS1",0,0.667840869584591,0.435,0.334,0,"4","SOCS1"
"4.LDLRAD4",0,1.51600587489118,0.273,0.173,0,"4","LDLRAD4"
"4.RARRES3",0,0.616666223506504,0.534,0.437,0,"4","RARRES3"
"4.PARP8",0,0.850732861886064,0.263,0.166,0,"4","PARP8"
"4.CCND3",0,0.913614364544679,0.363,0.266,0,"4","CCND3"
"4.CCL3",0,0.743375068132274,0.277,0.182,0,"4","CCL3"
"4.IRF1",0,0.642119559677166,0.51,0.416,0,"4","IRF1"
"4.MAP3K8",0,1.08216538783946,0.313,0.219,0,"4","MAP3K8"
"4.AKNA",0,1.15503908619893,0.25,0.157,0,"4","AKNA"
"4.GABARAPL1",0,0.770192146431516,0.293,0.201,0,"4","GABARAPL1"
"4.TPST2",0,1.26181740177441,0.273,0.185,0,"4","TPST2"
"4.UBB",0,0.561045210784604,0.877,0.789,0,"4","UBB"
"4.MBP",0,0.910007263822349,0.319,0.232,0,"4","MBP"
"4.BZW1",0,0.734534103456106,0.393,0.309,0,"4","BZW1"
"4.PIM1",0,0.991207511693171,0.268,0.184,0,"4","PIM1"
"4.SRGN",0,0.569828559539511,0.954,0.871,0,"4","SRGN"
"4.PPP2R5C",0,0.598870286842845,0.383,0.306,0,"4","PPP2R5C"
"4.TBC1D10C",0,0.561066450718256,0.306,0.23,0,"4","TBC1D10C"
"4.CD55",0,0.574211769030015,0.36,0.286,0,"4","CD55"
"4.GSTP1",0,0.590648891796597,0.494,0.42,0,"4","GSTP1"
"4.MSN",0,0.706541626151881,0.416,0.342,0,"4","MSN"
"4.IDI1",0,0.684536527439582,0.296,0.223,0,"4","IDI1"
"4.MYL12A",0,0.596698426099027,0.788,0.716,0,"4","MYL12A"
"4.RSRP1",0,0.542982813342977,0.528,0.456,0,"4","RSRP1"
"4.IFRD1",0,0.757457525880574,0.334,0.263,0,"4","IFRD1"
"4.RHOF",0,0.651493733697792,0.265,0.194,0,"4","RHOF"
"4.MAPRE2",0,0.734116584067175,0.265,0.194,0,"4","MAPRE2"
"4.SLC9A3R1",0,0.610901836286044,0.351,0.281,0,"4","SLC9A3R1"
"4.MYADM",0,0.566150756265908,0.379,0.31,0,"4","MYADM"
"4.DOK2",0,0.712931787226173,0.348,0.279,0,"4","DOK2"
"4.PTPN7",0,0.73228544765753,0.271,0.205,0,"4","PTPN7"
"4.SLA",0,0.524512042842944,0.387,0.321,0,"4","SLA"
"4.SRSF2",0,0.563400641028184,0.619,0.554,0,"4","SRSF2"
"4.SYNE2",0,0.531968540586801,0.272,0.208,0,"4","SYNE2"
"4.DHRS7",0,0.761219627297388,0.335,0.271,0,"4","DHRS7"
"4.TGFB1",0,0.869383427157348,0.342,0.279,0,"4","TGFB1"
"4.ZEB2",0,0.855436703406009,0.271,0.209,0,"4","ZEB2"
"4.DDX5",0,0.537020988929141,0.764,0.703,0,"4","DDX5"
"4.OSTF1",0,0.737466456315457,0.366,0.305,0,"4","OSTF1"
"4.CNOT2",0,0.970268620759197,0.255,0.194,0,"4","CNOT2"
"4.PTP4A1",0,0.867849894826042,0.296,0.236,0,"4","PTP4A1"
"4.NR4A1",0,0.709688213264256,0.416,0.356,0,"4","NR4A1"
"4.CNOT6L",0,0.555729164818927,0.283,0.223,0,"4","CNOT6L"
"4.JAK1",0,0.654213514156465,0.475,0.416,0,"4","JAK1"
"4.LCP1",0,0.501578543001024,0.474,0.415,0,"4","LCP1"
"4.MRPS6",0,0.770097129925104,0.345,0.286,0,"4","MRPS6"
"4.FAM177A1",0,0.561136883679195,0.434,0.377,0,"4","FAM177A1"
"4.ARF6",0,0.789270480627994,0.308,0.251,0,"4","ARF6"
"4.DNAJB6",0,0.501093196007489,0.513,0.458,0,"4","DNAJB6"
"4.CD53",0,0.51070070767605,0.494,0.443,0,"4","CD53"
"4.CKLF",0,0.730975326446751,0.295,0.244,0,"4","CKLF"
"4.SERTAD1",0,0.520491682671257,0.385,0.335,0,"4","SERTAD1"
"4.NFE2L2",0,0.751065473073912,0.332,0.283,0,"4","NFE2L2"
"4.SYAP1",0,0.773650220608345,0.278,0.23,0,"4","SYAP1"
"4.ARPC5L",0,0.749849823669155,0.275,0.227,0,"4","ARPC5L"
"4.SRSF5",0,0.524561819077488,0.549,0.503,0,"4","SRSF5"
"4.BTG2",0,0.58507743414641,0.536,0.491,0,"4","BTG2"
"4.RAP1B",0,0.635954832749892,0.389,0.344,0,"4","RAP1B"
"4.IFITM1",0,0.505461523945051,0.588,0.544,0,"4","IFITM1"
"4.FOSB",0,0.540026855842856,0.549,0.507,0,"4","FOSB"
"4.RBM39",0,0.520156709852926,0.562,0.523,0,"4","RBM39"
"4.HSPE1",0,0.532219784803922,0.628,0.597,0,"4","HSPE1"
"4.H2AFX",2.22044604925031e-16,0.552887126965614,0.288,0.236,5.75894887333561e-12,"4","H2AFX"
"4.HSPA1A",2.22044604925031e-16,0.630710846864493,0.56,0.528,5.75894887333561e-12,"4","HSPA1A"
"4.AKAP13",4.44089209850063e-16,0.525794393626125,0.384,0.347,1.15178977466712e-11,"4","AKAP13"
"4.CDK2AP2",8.88178419700125e-16,0.593169778810929,0.339,0.299,2.30357954933424e-11,"4","CDK2AP2"
"4.SEC11A",1.55431223447522e-15,0.506563386279252,0.385,0.349,4.03126421133493e-11,"4","SEC11A"
"4.C9orf142",2.44249065417534e-15,0.535780798127327,0.354,0.311,6.33484376066917e-11,"4","C9orf142"
"4.KDM6B",2.66453525910038e-15,0.667912807086712,0.275,0.23,6.91073864800273e-11,"4","KDM6B"
"4.ITGB2",6.43929354282591e-15,0.540606581045284,0.439,0.401,1.67009517326733e-10,"4","ITGB2"
"4.ANKRD37",7.70272734484934e-13,0.592153653790006,0.288,0.246,1.99777936416012e-08,"4","ANKRD37"
"4.FAM49B",1.55520041289492e-12,0.509274052237633,0.373,0.346,4.03356779088426e-08,"4","FAM49B"
"4.DSTN",1.87294624254264e-12,0.762909222626732,0.252,0.219,4.85767337465859e-08,"4","DSTN"
"4.EIF4A1",3.9315217748026e-12,0.663963525745309,0.25,0.214,1.0196794875128e-07,"4","EIF4A1"
"4.FLNA",3.80959708223827e-11,0.598634692003267,0.266,0.229,9.88057099249318e-07,"4","FLNA"
"4.NR4A3",3.90194543342659e-11,0.545078333475583,0.281,0.24,1.01200856761352e-06,"4","NR4A3"
"4.TAF7",7.14313053151727e-11,0.516787321239743,0.3,0.265,1.85264233465432e-06,"4","TAF7"
"4.PPP1R18",1.03997987999094e-09,0.534629833103017,0.311,0.286,2.6972918167445e-05,"4","PPP1R18"
"4.PRMT2",1.59004986954869e-09,0.576330442947659,0.302,0.278,4.12395334166149e-05,"4","PRMT2"
"4.JUND",1.40584748953287e-07,0.808125996221198,0.388,0.375,0.00364620604885246,"4","JUND"
"4.CTSA",7.98348439579044e-07,0.575401592149805,0.261,0.241,0.0207059651289221,"4","CTSA"
"4.SCP2",2.97237421897911e-06,0.509999373171484,0.278,0.265,0.0770914977434423,"4","SCP2"
"4.PRDX5",2.22302487116188e-05,0.50170784330479,0.344,0.348,0.576563730584546,"4","PRDX5"
"5.MS4A1",0,7.27849712314322,0.843,0.015,0,"5","MS4A1"
"5.CD79A",0,4.53047494350294,0.799,0.08,0,"5","CD79A"
"5.HLA-DRA",0,1.61860529194533,0.988,0.415,0,"5","HLA-DRA"
"5.BANK1",0,8.01082708836766,0.529,0.008,0,"5","BANK1"
"5.HLA-DQA1",0,1.41931015557025,0.809,0.298,0,"5","HLA-DQA1"
"5.HLA-DQB1",0,1.71455452378513,0.822,0.326,0,"5","HLA-DQB1"
"5.HLA-DPB1",0,1.30195882678285,0.925,0.462,0,"5","HLA-DPB1"
"5.HLA-DPA1",0,1.12626776207564,0.933,0.48,0,"5","HLA-DPA1"
"5.HLA-DRB5",0,1.07807255289273,0.798,0.372,0,"5","HLA-DRB5"
"5.CD83",0,2.74384061287867,0.652,0.23,0,"5","CD83"
"5.VPREB3",0,8.60089684092873,0.414,0.003,0,"5","VPREB3"
"5.HLA-DRB1",0,0.74568360519121,0.882,0.479,0,"5","HLA-DRB1"
"5.CD79B",0,4.17545125872047,0.454,0.059,0,"5","CD79B"
"5.SMIM14",0,3.99728894242031,0.476,0.081,0,"5","SMIM14"
"5.ARHGAP24",0,5.33341536383503,0.397,0.025,0,"5","ARHGAP24"
"5.MEF2C",0,3.61329670967701,0.477,0.11,0,"5","MEF2C"
"5.RALGPS2",0,5.07130463374253,0.391,0.03,0,"5","RALGPS2"
"5.LINC00926",0,7.97064787516,0.366,0.005,0,"5","LINC00926"
"5.ADAM28",0,4.34073433255369,0.4,0.059,0,"5","ADAM28"
"5.IRF8",0,3.08046050921796,0.427,0.099,0,"5","IRF8"
"5.CD37",0,2.1809409066812,0.905,0.579,0,"5","CD37"
"5.IGHM",0,1.55646009807151,0.365,0.042,0,"5","IGHM"
"5.FCMR",0,2.21786705952784,0.454,0.132,0,"5","FCMR"
"5.CD19",0,6.66601401482698,0.33,0.009,0,"5","CD19"
"5.HLA-DQA2",0,2.0962039557107,0.452,0.132,0,"5","HLA-DQA2"
"5.HLA-DMA",0,1.25234539046681,0.597,0.287,0,"5","HLA-DMA"
"5.CD24",0,1.72306548556252,0.406,0.114,0,"5","CD24"
"5.POU2F2",0,2.75523381401569,0.411,0.121,0,"5","POU2F2"
"5.TNFRSF13C",0,6.27529991745291,0.281,0.008,0,"5","TNFRSF13C"
"5.HVCN1",0,4.11514665405947,0.325,0.056,0,"5","HVCN1"
"5.FCRLA",0,7.48978236062133,0.273,0.006,0,"5","FCRLA"
"5.SWAP70",0,3.5505533791579,0.33,0.07,0,"5","SWAP70"
"5.LTB",0,0.692837841022329,0.621,0.362,0,"5","LTB"
"5.LY9",0,2.96164748074687,0.329,0.079,0,"5","LY9"
"5.BLK",0,6.15288804466246,0.253,0.006,0,"5","BLK"
"5.PKIG",0,5.27350667128378,0.262,0.015,0,"5","PKIG"
"5.CD55",0,1.66739723956308,0.519,0.275,0,"5","CD55"
"5.SNX2",0,2.07882954409639,0.423,0.18,0,"5","SNX2"
"5.PDLIM1",0,3.74968612429841,0.279,0.037,0,"5","PDLIM1"
"5.TCF4",0,3.11136402869223,0.334,0.093,0,"5","TCF4"
"5.SELL",0,1.37896157034724,0.428,0.187,0,"5","SELL"
"5.HLA-DMB",0,1.66777995503654,0.407,0.167,0,"5","HLA-DMB"
"5.NCF1",0,1.88656081871118,0.451,0.212,0,"5","NCF1"
"5.MARCH1",0,3.08826817338929,0.323,0.092,0,"5","MARCH1"
"5.CD40",0,3.14764659192061,0.306,0.077,0,"5","CD40"
"5.CCR7",0,1.15422916326636,0.395,0.17,0,"5","CCR7"
"5.CD52",0,0.82214695053228,0.84,0.62,0,"5","CD52"
"5.CD74",0,1.63876569395745,1,0.781,0,"5","CD74"
"5.TMEM243",0,1.4537154675175,0.419,0.228,0,"5","TMEM243"
"5.LY86",0,2.53469988513348,0.282,0.094,0,"5","LY86"
"5.FAM65B",0,1.7185120328033,0.28,0.098,0,"5","FAM65B"
"5.IFT57",0,2.47678852077644,0.263,0.081,0,"5","IFT57"
"5.LIMD2",0,0.943962283935615,0.639,0.457,0,"5","LIMD2"
"5.SYNGR2",0,1.2641701984112,0.52,0.339,0,"5","SYNGR2"
"5.LAPTM5",0,0.946204953429089,0.834,0.658,0,"5","LAPTM5"
"5.SYPL1",0,1.49373318176075,0.358,0.183,0,"5","SYPL1"
"5.TXNIP",0,0.963133185838176,0.702,0.527,0,"5","TXNIP"
"5.REL",0,0.904799778949028,0.6,0.429,0,"5","REL"
"5.ORAI2",0,2.32048158621315,0.258,0.093,0,"5","ORAI2"
"5.PLAC8",0,1.14660125484214,0.262,0.105,0,"5","PLAC8"
"5.STX7",0,2.20768371241356,0.271,0.124,0,"5","STX7"
"5.LAT2",0,1.95395624580389,0.268,0.121,0,"5","LAT2"
"5.LYN",0,2.156930635356,0.255,0.113,0,"5","LYN"
"5.PPM1K",0,1.3494104483629,0.313,0.172,0,"5","PPM1K"
"5.GLTSCR2",0,0.959600612649756,0.625,0.485,0,"5","GLTSCR2"
"5.UVRAG",0,1.78286201981153,0.273,0.135,0,"5","UVRAG"
"5.SP140",0,1.26220344860514,0.289,0.154,0,"5","SP140"
"5.POLD4",0,1.48272932116882,0.364,0.231,0,"5","POLD4"
"5.ID3",0,1.18769959005926,0.303,0.172,0,"5","ID3"
"5.RCSD1",0,1.4978231494413,0.32,0.191,0,"5","RCSD1"
"5.STK17A",0,0.715601115911983,0.494,0.365,0,"5","STK17A"
"5.PNISR",0,0.879067237946457,0.52,0.393,0,"5","PNISR"
"5.CD69",0,0.541600837923126,0.662,0.535,0,"5","CD69"
"5.PARP14",0,1.54365151498099,0.301,0.178,0,"5","PARP14"
"5.PTPN6",0,1.42620262394733,0.312,0.191,0,"5","PTPN6"
"5.MARCKSL1",0,1.0974140370719,0.337,0.219,0,"5","MARCKSL1"
"5.NFKBID",0,1.55438977553004,0.294,0.176,0,"5","NFKBID"
"5.CTSH",0,0.964839218166018,0.302,0.185,0,"5","CTSH"
"5.PRDM2",0,1.44154539951871,0.255,0.139,0,"5","PRDM2"
"5.DRAM2",0,1.56904256403178,0.275,0.16,0,"5","DRAM2"
"5.EEF2",0,0.770239933170213,0.79,0.675,0,"5","EEF2"
"5.RNASET2",0,0.627568492170174,0.48,0.369,0,"5","RNASET2"
"5.RPS11",0,1.02591819536795,0.885,0.774,0,"5","RPS11"
"5.RPS2",0,0.955231080923114,0.912,0.803,0,"5","RPS2"
"5.SMCHD1",0,0.88410084095522,0.462,0.355,0,"5","SMCHD1"
"5.SLC25A6",0,0.718697251356082,0.714,0.607,0,"5","SLC25A6"
"5.ZFAS1",0,0.781854621703979,0.641,0.535,0,"5","ZFAS1"
"5.SF1",0,0.712467516684573,0.536,0.433,0,"5","SF1"
"5.IFI44L",0,1.0237352544065,0.31,0.207,0,"5","IFI44L"
"5.RPL13A",0,1.06121143059039,0.873,0.771,0,"5","RPL13A"
"5.OFD1",0,1.04695662524847,0.265,0.164,0,"5","OFD1"
"5.ANKRD44",0,1.07575199324784,0.29,0.189,0,"5","ANKRD44"
"5.CMTM6",0,1.03978029424079,0.415,0.315,0,"5","CMTM6"
"5.TAF1D",0,0.86477910427052,0.408,0.308,0,"5","TAF1D"
"5.EEF1B2",0,0.823474605102298,0.92,0.822,0,"5","EEF1B2"
"5.ITSN2",0,1.12440312612632,0.318,0.221,0,"5","ITSN2"
"5.CD48",0,0.543046193096682,0.493,0.396,0,"5","CD48"
"5.SP100",0,0.787822475555126,0.45,0.355,0,"5","SP100"
"5.ATP2B1",0,1.01558664683706,0.325,0.232,0,"5","ATP2B1"
"5.C6orf48",0,0.988680762072327,0.286,0.193,0,"5","C6orf48"
"5.PARP1",0,1.11410257780141,0.323,0.231,0,"5","PARP1"
"5.SMARCB1",0,1.37475498856488,0.253,0.161,0,"5","SMARCB1"
"5.HERPUD1",0,0.678909168632507,0.603,0.513,0,"5","HERPUD1"
"5.EIF2S3",0,0.925277783358913,0.339,0.25,0,"5","EIF2S3"
"5.FOXP1",0,0.958068417645817,0.299,0.211,0,"5","FOXP1"
"5.TNFAIP8",0,0.756119344403559,0.351,0.263,0,"5","TNFAIP8"
"5.MYCBP2",0,1.00060112615894,0.326,0.24,0,"5","MYCBP2"
"5.SNX3",0,0.755193876172327,0.449,0.364,0,"5","SNX3"
"5.CD53",0,0.629166909044963,0.525,0.441,0,"5","CD53"
"5.TNRC6B",0,0.978478969313477,0.279,0.195,0,"5","TNRC6B"
"5.ERP29",0,0.783723325925157,0.502,0.419,0,"5","ERP29"
"5.CNPY3",0,0.940195297436069,0.332,0.252,0,"5","CNPY3"
"5.LSM7",0,0.968287065257975,0.393,0.313,0,"5","LSM7"
"5.RGS19",0,1.06655100976199,0.278,0.201,0,"5","RGS19"
"5.RPSA",0,0.743481213601592,0.952,0.877,0,"5","RPSA"
"5.BCL2A1",0,0.583386783057366,0.251,0.178,0,"5","BCL2A1"
"5.RPL18",0,0.696450130992829,0.985,0.912,0,"5","RPL18"
"5.RPL36A",0,0.558173687685466,0.519,0.447,0,"5","RPL36A"
"5.RPL8",0,0.745472212055852,0.986,0.914,0,"5","RPL8"
"5.TRIM22",0,0.754467807225717,0.305,0.234,0,"5","TRIM22"
"5.RPL27A",0,0.789478543180739,0.853,0.782,0,"5","RPL27A"
"5.KMT2E",0,0.593147315517769,0.5,0.43,0,"5","KMT2E"
"5.RPS20",0,0.753169248226488,0.654,0.585,0,"5","RPS20"
"5.DDX17",0,0.687313871098605,0.425,0.358,0,"5","DDX17"
"5.RPL4",0,0.545353914552944,0.868,0.801,0,"5","RPL4"
"5.RPS15",0,0.50952720545527,0.987,0.92,0,"5","RPS15"
"5.CHCHD10",0,0.800952319968935,0.386,0.32,0,"5","CHCHD10"
"5.RPLP2",0,0.919974506930854,0.974,0.909,0,"5","RPLP2"
"5.RPS5",0,0.933992371152777,0.971,0.906,0,"5","RPS5"
"5.CD82",0,0.633364427682493,0.298,0.234,0,"5","CD82"
"5.RPS21",0,0.61989565057707,0.946,0.882,0,"5","RPS21"
"5.RPL37A",0,0.547729120432764,0.893,0.83,0,"5","RPL37A"
"5.RPL26",0,0.541347825312726,0.89,0.827,0,"5","RPL26"
"5.RPL23",0,0.652889288726204,0.698,0.635,0,"5","RPL23"
"5.MTPN",0,0.984854196263066,0.274,0.212,0,"5","MTPN"
"5.SNHG8",0,0.625072641124322,0.416,0.355,0,"5","SNHG8"
"5.ANXA6",0,0.596382489710274,0.304,0.244,0,"5","ANXA6"
"5.GRB2",0,0.645733172596535,0.386,0.327,0,"5","GRB2"
"5.NR4A1",0,0.767870941792671,0.414,0.356,0,"5","NR4A1"
"5.RPL22",0,0.583084861515964,0.919,0.862,0,"5","RPL22"
"5.TAF7",0,0.66597190645072,0.321,0.264,0,"5","TAF7"
"5.RSRP1",0,0.534992810947908,0.513,0.457,0,"5","RSRP1"
"5.LUC7L3",0,0.811935064890209,0.299,0.243,0,"5","LUC7L3"
"5.RPL10A",0,0.606115836659789,0.939,0.883,0,"5","RPL10A"
"5.WSB1",0,0.584726891582478,0.49,0.435,0,"5","WSB1"
"5.RPS10",0,0.668035723467955,0.449,0.397,0,"5","RPS10"
"5.RPS16",0,0.603525657338403,0.955,0.908,0,"5","RPS16"
"5.PTPN1",0,0.911053440338113,0.253,0.208,0,"5","PTPN1"
"5.EIF3L",0,0.527187845053857,0.436,0.391,0,"5","EIF3L"
"5.RPL13",0,0.684681318885068,0.996,0.952,0,"5","RPL13"
"5.ARGLU1",0,0.594256304150517,0.363,0.319,0,"5","ARGLU1"
"5.EIF1B",0,0.645496196139055,0.343,0.3,0,"5","EIF1B"
"5.RPL18A",0,0.825053031377081,0.992,0.949,0,"5","RPL18A"
"5.RPL22L1",0,0.532711749376987,0.478,0.435,0,"5","RPL22L1"
"5.RPL5",0,0.505459715592578,0.959,0.917,0,"5","RPL5"
"5.RBM39",0,0.508658679094135,0.565,0.523,0,"5","RBM39"
"5.RPL29",0,0.57335067398485,0.983,0.943,0,"5","RPL29"
"5.BTG1",0,0.545704256465892,0.928,0.888,0,"5","BTG1"
"5.RPL9",0,0.607941110521299,0.977,0.938,0,"5","RPL9"
"5.GNB2L1",0,0.507497136178528,0.945,0.906,0,"5","GNB2L1"
"5.RPL23A",0,0.553638485987442,0.958,0.921,0,"5","RPL23A"
"5.RPS9",0,0.597635786553283,0.968,0.932,0,"5","RPS9"
"5.RPS6",0,0.676504868051929,0.99,0.956,0,"5","RPS6"
"5.RPL21",0,0.662689753933031,0.964,0.93,0,"5","RPL21"
"5.MT-ND4L",0,0.56994930093623,0.762,0.795,0,"5","MT-ND4L"
"5.RPL37",0,0.52975991114457,0.962,0.93,0,"5","RPL37"
"5.RPS17",0,0.673399870222635,0.568,0.54,0,"5","RPS17"
"5.RPL15",0,0.565080041938316,0.975,0.948,0,"5","RPL15"
"5.RPS23",0,0.837557195871591,0.996,0.969,0,"5","RPS23"
"5.RPL12",0,0.578990799247096,0.987,0.96,0,"5","RPL12"
"5.FAU",0,0.539118819335093,0.985,0.958,0,"5","FAU"
"5.RPS8",0,0.879997877983256,0.994,0.968,0,"5","RPS8"
"5.RPL11",0,0.594417664962668,0.997,0.973,0,"5","RPL11"
"5.RPL3",0,0.568703164341267,0.979,0.955,0,"5","RPL3"
"5.RPS3A",0,0.530805552064452,0.991,0.968,0,"5","RPS3A"
"5.RPL19",0,0.574233892792048,0.997,0.977,0,"5","RPL19"
"5.RPL32",0,0.586215198095276,0.996,0.977,0,"5","RPL32"
"5.RPS18",0,0.634658458153189,0.996,0.978,0,"5","RPS18"
"5.RPS27",0,0.507132103302206,0.994,0.977,0,"5","RPS27"
"5.NAP1L1",2.22044604925031e-16,0.519215367770397,0.448,0.414,5.75894887333561e-12,"5","NAP1L1"
"5.DDX21",4.44089209850063e-16,0.78101006652207,0.283,0.241,1.15178977466712e-11,"5","DDX21"
"5.CSK",2.90878432451791e-14,0.691529900221212,0.261,0.218,7.54422302406965e-10,"5","CSK"
"5.FNBP4",9.70334923522387e-14,0.673544950608247,0.256,0.213,2.51666065764766e-09,"5","FNBP4"
"5.PNN",5.21582776968899e-13,0.67237809275121,0.263,0.223,1.35277709034654e-08,"5","PNN"
"5.C11orf31",6.00941518769105e-11,0.505158835237984,0.408,0.397,1.55860192307955e-06,"5","C11orf31"
"5.VPS37B",2.80335088476136e-10,0.561651383153637,0.267,0.231,7.27077085471706e-06,"5","VPS37B"
"5.MAP3K8",3.29072546989551e-10,0.754204043115837,0.254,0.223,8.53482557872098e-06,"5","MAP3K8"
"5.GDI2",1.30931887554198e-09,0.532254079878738,0.325,0.302,3.39584943560567e-05,"5","GDI2"
"5.PHB2",4.34934421811306e-09,0.565386043427034,0.314,0.292,0.00011280459164098,"5","PHB2"
"5.TCEA1",4.51139503532261e-09,0.549932987196155,0.325,0.304,0.000117007541636127,"5","TCEA1"
"5.SMDT1",5.48753931184365e-09,0.517030015444626,0.359,0.346,0.000142324819591977,"5","SMDT1"
"5.SCAF11",1.85394388729776e-08,0.540547596620928,0.304,0.282,0.000480838886609547,"5","SCAF11"
"5.MX1",3.40216898431223e-07,0.547470187594308,0.253,0.228,0.00882386547771219,"5","MX1"
"5.SRSF10",7.26647728654939e-07,0.508319311055296,0.287,0.267,0.0188463354903945,"5","SRSF10"
"6.LYZ",0,3.86584008546756,0.95,0.149,0,"6","LYZ"
"6.AIF1",0,2.96027125396219,0.931,0.152,0,"6","AIF1"
"6.CST3",0,2.85659593338745,0.97,0.193,0,"6","CST3"
"6.FCER1G",0,2.50915242698019,0.954,0.186,0,"6","FCER1G"
"6.TYROBP",0,2.59674814673154,0.968,0.209,0,"6","TYROBP"
"6.LST1",0,3.76087033400308,0.872,0.132,0,"6","LST1"
"6.PLAUR",0,3.52877811705013,0.872,0.144,0,"6","PLAUR"
"6.SERPINA1",0,3.72448316404856,0.773,0.1,0,"6","SERPINA1"
"6.MS4A6A",0,2.36536859161932,0.779,0.13,0,"6","MS4A6A"
"6.FCN1",0,6.80068058535963,0.654,0.015,0,"6","FCN1"
"6.SPI1",0,2.90180451849703,0.751,0.127,0,"6","SPI1"
"6.C1orf162",0,2.52340102755099,0.794,0.175,0,"6","C1orf162"
"6.IL1B",0,4.47689073251263,0.675,0.06,0,"6","IL1B"
"6.CD68",0,1.72337425515043,0.762,0.151,0,"6","CD68"
"6.FGL2",0,3.01089758325063,0.729,0.12,0,"6","FGL2"
"6.GRN",0,2.06825114712748,0.818,0.21,0,"6","GRN"
"6.TIMP1",0,3.82495793235077,0.809,0.206,0,"6","TIMP1"
"6.NPC2",0,2.02418242463027,0.907,0.307,0,"6","NPC2"
"6.S100A9",0,5.2198205404595,0.675,0.086,0,"6","S100A9"
"6.RNF130",0,2.38239078081805,0.717,0.13,0,"6","RNF130"
"6.NAMPT",0,2.41984879397479,0.844,0.259,0,"6","NAMPT"
"6.FCGRT",0,1.71058928324095,0.748,0.164,0,"6","FCGRT"
"6.CTSS",0,2.32371619341945,0.859,0.276,0,"6","CTSS"
"6.CYBB",0,2.46964817003037,0.695,0.119,0,"6","CYBB"
"6.SOD2",0,2.37491437814413,0.854,0.282,0,"6","SOD2"
"6.CTSB",0,1.26385251664403,0.844,0.274,0,"6","CTSB"
"6.RAB31",0,2.79601400333944,0.677,0.108,0,"6","RAB31"
"6.PSAP",0,1.6962836032566,0.925,0.357,0,"6","PSAP"
"6.GLUL",0,1.7970414807057,0.79,0.229,0,"6","GLUL"
"6.IER3",0,2.58943830700015,0.731,0.173,0,"6","IER3"
"6.MNDA",0,3.4444953161107,0.639,0.085,0,"6","MNDA"
"6.HLA-DRA",0,2.24841432082816,0.972,0.423,0,"6","HLA-DRA"
"6.PLEK",0,2.62495613622774,0.687,0.14,0,"6","PLEK"
"6.TYMP",0,2.12502035677782,0.881,0.335,0,"6","TYMP"
"6.KLF4",0,2.5994367345345,0.647,0.107,0,"6","KLF4"
"6.TNFSF13B",0,2.46581397632636,0.671,0.137,0,"6","TNFSF13B"
"6.BCL2A1",0,2.73977352240602,0.69,0.157,0,"6","BCL2A1"
"6.CSTA",0,4.42350659029876,0.578,0.048,0,"6","CSTA"
"6.CTSH",0,2.291293845783,0.696,0.166,0,"6","CTSH"
"6.S100A8",0,5.16784064340473,0.568,0.042,0,"6","S100A8"
"6.HBEGF",0,3.30042978193066,0.605,0.082,0,"6","HBEGF"
"6.IGSF6",0,2.71914548361329,0.602,0.086,0,"6","IGSF6"
"6.AP1S2",0,2.38415421195275,0.695,0.181,0,"6","AP1S2"
"6.CLEC7A",0,2.93115734174697,0.599,0.088,0,"6","CLEC7A"
"6.HLA-DMA",0,1.75338769147257,0.791,0.281,0,"6","HLA-DMA"
"6.MS4A7",0,1.66435119780498,0.619,0.111,0,"6","MS4A7"
"6.PYCARD",0,1.93968670263309,0.746,0.238,0,"6","PYCARD"
"6.FAM26F",0,2.86047867188201,0.608,0.105,0,"6","FAM26F"
"6.LGALS2",0,4.7113618750209,0.527,0.025,0,"6","LGALS2"
"6.FCGR2A",0,2.14112795703162,0.602,0.102,0,"6","FCGR2A"
"6.IFI30",0,3.2014317652045,0.566,0.075,0,"6","IFI30"
"6.GPX1",0,2.08773500321342,0.914,0.427,0,"6","GPX1"
"6.CD14",0,2.06044164147946,0.589,0.105,0,"6","CD14"
"6.C15orf48",0,3.15123752499325,0.564,0.08,0,"6","C15orf48"
"6.NCF2",0,3.35830987205805,0.554,0.071,0,"6","NCF2"
"6.IFITM3",0,2.17948000380682,0.801,0.323,0,"6","IFITM3"
"6.CTSZ",0,1.37544004532562,0.643,0.167,0,"6","CTSZ"
"6.HLA-DQB1",0,1.97754263860518,0.808,0.333,0,"6","HLA-DQB1"
"6.LGALS1",0,1.48118500821516,0.895,0.423,0,"6","LGALS1"
"6.IFNGR2",0,2.34582220831411,0.604,0.132,0,"6","IFNGR2"
"6.SAMHD1",0,1.72579306053285,0.684,0.213,0,"6","SAMHD1"
"6.AP2S1",0,1.7794673671361,0.727,0.257,0,"6","AP2S1"
"6.HCK",0,3.23228912664788,0.542,0.074,0,"6","HCK"
"6.CEBPD",0,2.52136206776613,0.566,0.103,0,"6","CEBPD"
"6.C5AR1",0,3.14485926878903,0.541,0.081,0,"6","C5AR1"
"6.ANXA5",0,1.36263140834498,0.765,0.306,0,"6","ANXA5"
"6.RAC1",0,1.4387957830815,0.823,0.365,0,"6","RAC1"
"6.LILRB2",0,3.7448935796915,0.517,0.061,0,"6","LILRB2"
"6.PPT1",0,1.84307872172747,0.622,0.17,0,"6","PPT1"
"6.PTPRE",0,2.40593903596139,0.568,0.116,0,"6","PTPRE"
"6.HLA-DRB5",0,1.98124318260441,0.825,0.376,0,"6","HLA-DRB5"
"6.HLA-DMB",0,1.80617302704833,0.608,0.159,0,"6","HLA-DMB"
"6.CFD",0,2.31659575840561,0.544,0.096,0,"6","CFD"
"6.APLP2",0,1.79436706857709,0.613,0.166,0,"6","APLP2"
"6.OLR1",0,3.59606727954911,0.5,0.054,0,"6","OLR1"
"6.FPR1",0,4.2424700105786,0.487,0.041,0,"6","FPR1"
"6.CPVL",0,2.88165093343558,0.514,0.074,0,"6","CPVL"
"6.CXCL16",0,2.15517946071887,0.555,0.117,0,"6","CXCL16"
"6.ANXA2",0,1.47312332976385,0.788,0.351,0,"6","ANXA2"
"6.HLA-DPB1",0,2.18776402348716,0.904,0.469,0,"6","HLA-DPB1"
"6.SMCO4",0,2.62730732244319,0.531,0.097,0,"6","SMCO4"
"6.TSPO",0,1.57869811449122,0.825,0.391,0,"6","TSPO"
"6.HLA-DRB1",0,1.96233459391913,0.914,0.482,0,"6","HLA-DRB1"
"6.MAFB",0,2.06532248633005,0.538,0.108,0,"6","MAFB"
"6.PLSCR1",0,1.55600018217413,0.625,0.195,0,"6","PLSCR1"
"6.TGFBI",0,2.25797669571083,0.526,0.097,0,"6","TGFBI"
"6.PPIF",0,2.95273317895035,0.551,0.122,0,"6","PPIF"
"6.VCAN",0,6.04603287351817,0.443,0.014,0,"6","VCAN"
"6.CD83",0,1.23112437941574,0.663,0.235,0,"6","CD83"
"6.ZEB2",0,1.51752699219164,0.62,0.192,0,"6","ZEB2"
"6.GNAI2",0,1.37746971511923,0.678,0.251,0,"6","GNAI2"
"6.SERPINB1",0,1.56430684325457,0.683,0.257,0,"6","SERPINB1"
"6.RGS2",0,1.58294858771394,0.779,0.355,0,"6","RGS2"
"6.GSTP1",0,1.26523996902948,0.828,0.404,0,"6","GSTP1"
"6.ATP1B3",0,1.35014146667522,0.721,0.298,0,"6","ATP1B3"
"6.HSBP1",0,1.44405911927909,0.659,0.237,0,"6","HSBP1"
"6.ATP6V0B",0,1.28463080242978,0.759,0.337,0,"6","ATP6V0B"
"6.CSF1R",0,2.21239895473226,0.51,0.089,0,"6","CSF1R"
"6.GRINA",0,1.64330095268324,0.63,0.21,0,"6","GRINA"
"6.ETS2",0,2.61772901869324,0.511,0.091,0,"6","ETS2"
"6.PLXDC2",0,2.59588705595115,0.501,0.081,0,"6","PLXDC2"
"6.H2AFY",0,1.44930734755576,0.636,0.217,0,"6","H2AFY"
"6.ARPC1B",0,1.25114082322176,0.793,0.374,0,"6","ARPC1B"
"6.HLA-DPA1",0,2.11619570767588,0.904,0.487,0,"6","HLA-DPA1"
"6.CD63",0,0.977416515472762,0.79,0.373,0,"6","CD63"
"6.FCGR3A",0,1.80723856194773,0.545,0.129,0,"6","FCGR3A"
"6.MGAT1",0,1.64072117834688,0.62,0.205,0,"6","MGAT1"
"6.HLA-DQA1",0,1.88071412808954,0.723,0.309,0,"6","HLA-DQA1"
"6.CEBPB",0,2.13355533931679,0.566,0.152,0,"6","CEBPB"
"6.FGR",0,3.41846748347008,0.462,0.05,0,"6","FGR"
"6.GSN",0,2.18961317431766,0.533,0.121,0,"6","GSN"
"6.ITGB2",0,1.25607650290111,0.795,0.383,0,"6","ITGB2"
"6.ATG3",0,1.68290423955049,0.587,0.179,0,"6","ATG3"
"6.PILRA",0,2.79447787482561,0.48,0.072,0,"6","PILRA"
"6.SGK1",0,1.58264795932641,0.591,0.184,0,"6","SGK1"
"6.CLEC10A",0,4.84122437509725,0.434,0.027,0,"6","CLEC10A"
"6.THEMIS2",0,2.32858262627076,0.509,0.103,0,"6","THEMIS2"
"6.GSTO1",0,1.50197345003354,0.612,0.207,0,"6","GSTO1"
"6.ALDH2",0,2.84468873349982,0.479,0.074,0,"6","ALDH2"
"6.SNX10",0,1.78206696386004,0.546,0.142,0,"6","SNX10"
"6.PRELID1",0,1.44019685456612,0.781,0.378,0,"6","PRELID1"
"6.GK",0,1.80089056759546,0.528,0.126,0,"6","GK"
"6.ARRB2",0,1.35457508196704,0.617,0.215,0,"6","ARRB2"
"6.LYN",0,2.21154877432587,0.503,0.102,0,"6","LYN"
"6.FKBP1A",0,1.10391073803847,0.768,0.367,0,"6","FKBP1A"
"6.ATP6V1F",0,1.07628478080767,0.745,0.345,0,"6","ATP6V1F"
"6.NEAT1",0,1.67985407318853,0.954,0.554,0,"6","NEAT1"
"6.ARPC5",0,1.11866090602314,0.762,0.363,0,"6","ARPC5"
"6.UPP1",0,1.88323316928665,0.559,0.161,0,"6","UPP1"
"6.CD86",0,2.63985403407755,0.483,0.085,0,"6","CD86"
"6.MXD1",0,2.36649085255149,0.5,0.104,0,"6","MXD1"
"6.KCTD12",0,2.47293188003613,0.481,0.085,0,"6","KCTD12"
"6.SLC11A1",0,3.70232269427111,0.446,0.052,0,"6","SLC11A1"
"6.CSTB",0,0.936069604918671,0.788,0.395,0,"6","CSTB"
"6.TKT",0,1.66787795973663,0.613,0.222,0,"6","TKT"
"6.COTL1",0,1.5436341866815,0.923,0.532,0,"6","COTL1"
"6.LGALS3",0,1.02374754496919,0.685,0.295,0,"6","LGALS3"
"6.LAP3",0,1.66924798610177,0.617,0.227,0,"6","LAP3"
"6.TMEM176B",0,1.71884758145796,0.495,0.105,0,"6","TMEM176B"
"6.SOCS3",0,1.52456037783843,0.663,0.273,0,"6","SOCS3"
"6.CXCL2",0,3.41678138055992,0.465,0.076,0,"6","CXCL2"
"6.PGLS",0,1.37687422752327,0.624,0.236,0,"6","PGLS"
"6.CMTM6",0,1.03037064871177,0.69,0.302,0,"6","CMTM6"
"6.PEA15",0,2.10640187105318,0.514,0.127,0,"6","PEA15"
"6.DSE",0,2.58137830732452,0.467,0.08,0,"6","DSE"
"6.LAMTOR2",0,1.35070413294847,0.594,0.209,0,"6","LAMTOR2"
"6.SLC7A7",0,2.65753212250382,0.467,0.082,0,"6","SLC7A7"
"6.LIMS1",0,1.48952784487539,0.585,0.205,0,"6","LIMS1"
"6.ASAH1",0,1.20912042126996,0.565,0.187,0,"6","ASAH1"
"6.VAMP8",0,1.17340281573165,0.796,0.419,0,"6","VAMP8"
"6.EREG",0,5.82242100755485,0.389,0.012,0,"6","EREG"
"6.LAMTOR1",0,1.25200689970281,0.645,0.269,0,"6","LAMTOR1"
"6.RNASE6",0,2.18810199506352,0.481,0.107,0,"6","RNASE6"
"6.CCDC88A",0,2.13851019720154,0.478,0.105,0,"6","CCDC88A"
"6.G0S2",0,3.67794996950626,0.416,0.044,0,"6","G0S2"
"6.NLRP3",0,3.11231564992338,0.428,0.056,0,"6","NLRP3"
"6.WARS",0,2.5606392061829,0.483,0.111,0,"6","WARS"
"6.LAMTOR4",0,0.970554977245076,0.737,0.366,0,"6","LAMTOR4"
"6.ACTR2",0,1.05544604354438,0.645,0.276,0,"6","ACTR2"
"6.CAPG",0,1.06408229237663,0.613,0.244,0,"6","CAPG"
"6.NR4A3",0,1.23122860657757,0.593,0.224,0,"6","NR4A3"
"6.TPP1",0,1.39713899436517,0.53,0.161,0,"6","TPP1"
"6.CLEC4A",0,3.45625723328838,0.418,0.049,0,"6","CLEC4A"
"6.GNG5",0,1.1468539788713,0.816,0.447,0,"6","GNG5"
"6.ZNF385A",0,3.14817227568831,0.425,0.057,0,"6","ZNF385A"
"6.VASP",0,1.30257745282525,0.59,0.222,0,"6","VASP"
"6.CECR1",0,1.90439452821534,0.494,0.126,0,"6","CECR1"
"6.LY86",0,2.2587185403561,0.453,0.087,0,"6","LY86"
"6.ATP6V1B2",0,1.91944552395081,0.488,0.122,0,"6","ATP6V1B2"
"6.RTN4",0,1.00084898459472,0.65,0.285,0,"6","RTN4"
"6.S100A11",0,1.65620720608752,0.971,0.606,0,"6","S100A11"
"6.YWHAH",0,1.83655417072968,0.566,0.201,0,"6","YWHAH"
"6.EFHD2",0,1.6719011956043,0.506,0.142,0,"6","EFHD2"
"6.ITGAX",0,3.33129790431806,0.415,0.052,0,"6","ITGAX"
"6.ICAM1",0,2.3162493147162,0.487,0.124,0,"6","ICAM1"
"6.MFSD1",0,1.42450783384054,0.512,0.15,0,"6","MFSD1"
"6.POMP",0,1.01570836073259,0.773,0.412,0,"6","POMP"
"6.TMEM176A",0,1.79883029706578,0.461,0.1,0,"6","TMEM176A"
"6.RHOG",0,0.987533981478265,0.691,0.33,0,"6","RHOG"
"6.VEGFA",0,3.6977051422346,0.401,0.041,0,"6","VEGFA"
"6.FLOT1",0,1.56684053227589,0.53,0.17,0,"6","FLOT1"
"6.TALDO1",0,1.1520543544829,0.605,0.245,0,"6","TALDO1"
"6.ATF3",0,0.896010337861519,0.614,0.255,0,"6","ATF3"
"6.PHACTR1",0,2.38270163610726,0.436,0.078,0,"6","PHACTR1"
"6.FCGR1A",0,2.52396034863614,0.431,0.074,0,"6","FCGR1A"
"6.MARCKS",0,1.58198916931883,0.486,0.129,0,"6","MARCKS"
"6.RASSF4",0,1.79023844528424,0.455,0.098,0,"6","RASSF4"
"6.SLC31A2",0,2.6546658044202,0.428,0.073,0,"6","SLC31A2"
"6.LCP1",0,0.773723211825134,0.756,0.401,0,"6","LCP1"
"6.HIF1A",0,1.32258053967657,0.574,0.221,0,"6","HIF1A"
"6.BLVRB",0,1.75293082606701,0.478,0.125,0,"6","BLVRB"
"6.BID",0,1.97177243516486,0.477,0.124,0,"6","BID"
"6.STX11",0,1.828243370243,0.492,0.14,0,"6","STX11"
"6.IL1RN",0,3.87062324013545,0.394,0.043,0,"6","IL1RN"
"6.TPM4",0,1.12096820728763,0.668,0.317,0,"6","TPM4"
"6.IFNGR1",0,1.43466026070851,0.507,0.157,0,"6","IFNGR1"
"6.SLC43A2",0,3.11722881771329,0.41,0.06,0,"6","SLC43A2"
"6.CNPY3",0,1.04274145131987,0.589,0.24,0,"6","CNPY3"
"6.RNASET2",0,0.89904533817947,0.707,0.358,0,"6","RNASET2"
"6.GNB2",0,0.948581925101036,0.644,0.296,0,"6","GNB2"
"6.ZFAND5",0,1.08680540425465,0.686,0.338,0,"6","ZFAND5"
"6.VAMP5",0,1.60792719152621,0.589,0.241,0,"6","VAMP5"
"6.CXCL8",0,2.58254936172838,0.406,0.059,0,"6","CXCL8"
"6.GPX4",0,0.997300678683454,0.827,0.48,0,"6","GPX4"
"6.NINJ1",0,1.28576645398297,0.562,0.216,0,"6","NINJ1"
"6.MAP3K8",0,1.2216437491091,0.552,0.207,0,"6","MAP3K8"
"6.KDM6B",0,1.28929697315462,0.561,0.216,0,"6","KDM6B"
"6.CSF3R",0,3.71885341233017,0.389,0.044,0,"6","CSF3R"
"6.BNIP3L",0,1.40368503064859,0.539,0.194,0,"6","BNIP3L"
"6.ZYX",0,0.933722426652854,0.652,0.308,0,"6","ZYX"
"6.YBX3",0,2.08816093329971,0.445,0.101,0,"6","YBX3"
"6.LILRB4",0,1.75246348771889,0.436,0.092,0,"6","LILRB4"
"6.ATOX1",0,1.06788122999654,0.553,0.21,0,"6","ATOX1"
"6.JAML",0,1.73467271510068,0.461,0.118,0,"6","JAML"
"6.GRB2",0,0.920906883550135,0.657,0.314,0,"6","GRB2"
"6.MPEG1",0,2.83535970331559,0.409,0.067,0,"6","MPEG1"
"6.SLC16A3",0,1.47032949894425,0.499,0.157,0,"6","SLC16A3"
"6.GLRX",0,0.958264804167881,0.602,0.261,0,"6","GLRX"
"6.LGALS9",0,1.58306507458556,0.469,0.129,0,"6","LGALS9"
"6.SNX3",0,0.772495350690023,0.691,0.352,0,"6","SNX3"
"6.LILRB1",0,3.00024641937089,0.408,0.069,0,"6","LILRB1"
"6.C10orf54",0,1.02507967975499,0.613,0.275,0,"6","C10orf54"
"6.PAK1",0,2.3949263081925,0.417,0.08,0,"6","PAK1"
"6.CDKN1A",0,0.810519713332785,0.687,0.351,0,"6","CDKN1A"
"6.IL13RA1",0,2.6932345315674,0.401,0.065,0,"6","IL13RA1"
"6.AREG",0,2.09807651903825,0.571,0.236,0,"6","AREG"
"6.CARD16",0,0.637058117390559,0.601,0.266,0,"6","CARD16"
"6.SLC8A1",0,3.06101227405976,0.39,0.056,0,"6","SLC8A1"
"6.LILRB3",0,3.74614943991726,0.373,0.039,0,"6","LILRB3"
"6.PLBD1",0,3.0655885549781,0.39,0.058,0,"6","PLBD1"
"6.NAIP",0,2.18140700579308,0.411,0.079,0,"6","NAIP"
"6.RNH1",0,1.11652981461798,0.569,0.237,0,"6","RNH1"
"6.S100A10",0,1.23266513140421,0.911,0.58,0,"6","S100A10"
"6.FAM49A",0,2.57249977851766,0.402,0.071,0,"6","FAM49A"
"6.CAP1",0,0.701129129984577,0.705,0.374,0,"6","CAP1"
"6.GCA",0,2.31160398433804,0.421,0.09,0,"6","GCA"
"6.THBD",0,3.59526453058027,0.374,0.045,0,"6","THBD"
"6.PTTG1IP",0,1.49232951077045,0.461,0.132,0,"6","PTTG1IP"
"6.LY96",0,1.39518415713071,0.477,0.148,0,"6","LY96"
"6.APOBEC3A",0,5.89275388642407,0.34,0.012,0,"6","APOBEC3A"
"6.COX8A",0,0.704548700274755,0.794,0.467,0,"6","COX8A"
"6.ATP6V0D1",0,1.12957001206643,0.527,0.2,0,"6","ATP6V0D1"
"6.SAT1",0,1.94549680019328,0.982,0.655,0,"6","SAT1"
"6.PKM",0,0.62776067295728,0.733,0.406,0,"6","PKM"
"6.TMEM219",0,0.933960309572099,0.623,0.297,0,"6","TMEM219"
"6.CD300E",0,6.01969403027446,0.333,0.007,0,"6","CD300E"
"6.FAM49B",0,0.749576519222616,0.657,0.332,0,"6","FAM49B"
"6.RIPK2",0,1.84378711708397,0.424,0.099,0,"6","RIPK2"
"6.CHMP1B",0,1.34166119138985,0.592,0.267,0,"6","CHMP1B"
"6.MAT2A",0,1.12109008688936,0.557,0.233,0,"6","MAT2A"
"6.ACSL1",0,2.95776071399734,0.394,0.07,0,"6","ACSL1"
"6.SEC11A",0,0.778457605014164,0.659,0.335,0,"6","SEC11A"
"6.COMT",0,1.09943833244651,0.506,0.182,0,"6","COMT"
"6.MARCH1",0,1.91259465884428,0.413,0.09,0,"6","MARCH1"
"6.ALOX5",0,2.45451085792791,0.393,0.071,0,"6","ALOX5"
"6.CRTAP",0,1.29227997093493,0.497,0.176,0,"6","CRTAP"
"6.ENY2",0,0.702901786188844,0.638,0.318,0,"6","ENY2"
"6.MTPN",0,1.10616946125551,0.519,0.2,0,"6","MTPN"
"6.CD93",0,2.77476225981611,0.368,0.049,0,"6","CD93"
"6.SYK",0,2.16932943968643,0.412,0.093,0,"6","SYK"
"6.GNS",0,2.01761257027307,0.414,0.095,0,"6","GNS"
"6.GLIPR2",0,1.09014822969854,0.499,0.181,0,"6","GLIPR2"
"6.CASP1",0,1.16443699806287,0.492,0.174,0,"6","CASP1"
"6.RGS10",0,0.736796127133642,0.695,0.377,0,"6","RGS10"
"6.RHOB",0,0.995181399392204,0.564,0.247,0,"6","RHOB"
"6.CD4",0,1.13538417368083,0.48,0.163,0,"6","CD4"
"6.COX5B",0,0.734618836598086,0.749,0.433,0,"6","COX5B"
"6.RILPL2",0,0.767779060830066,0.572,0.256,0,"6","RILPL2"
"6.RAB20",0,2.62165462664914,0.386,0.071,0,"6","RAB20"
"6.ADAP2",0,1.67597057332368,0.404,0.091,0,"6","ADAP2"
"6.CFP",0,5.03254879434314,0.327,0.014,0,"6","CFP"
"6.RNF149",0,0.716895384211147,0.62,0.308,0,"6","RNF149"
"6.SLC25A37",0,2.83581110470311,0.379,0.067,0,"6","SLC25A37"
"6.MOB1A",0,0.700708280700082,0.587,0.275,0,"6","MOB1A"
"6.SYNGR2",0,0.783779046431902,0.645,0.335,0,"6","SYNGR2"
"6.BRK1",0,0.545299869784427,0.739,0.43,0,"6","BRK1"
"6.LINC00936",0,2.1478796575089,0.418,0.109,0,"6","LINC00936"
"6.LITAF",0,0.879352694395802,0.775,0.466,0,"6","LITAF"
"6.NDUFB2",0,0.719676324109162,0.712,0.403,0,"6","NDUFB2"
"6.SUPT4H1",0,0.819516510309771,0.536,0.228,0,"6","SUPT4H1"
"6.HNMT",0,2.05860514811388,0.389,0.081,0,"6","HNMT"
"6.SPG21",0,1.1226175380967,0.492,0.184,0,"6","SPG21"
"6.SH3BGRL",0,0.596802895055965,0.705,0.397,0,"6","SH3BGRL"
"6.CLTA",0,0.686711813559328,0.607,0.3,0,"6","CLTA"
"6.FBP1",0,2.87944907659864,0.364,0.058,0,"6","FBP1"
"6.ENO1",0,0.670074369346683,0.714,0.409,0,"6","ENO1"
"6.NOP10",0,0.764777956307629,0.637,0.332,0,"6","NOP10"
"6.C20orf27",0,1.69851839903265,0.405,0.102,0,"6","C20orf27"
"6.STXBP2",0,2.98655100380883,0.377,0.074,0,"6","STXBP2"
"6.DBI",0,0.57924519496018,0.735,0.433,0,"6","DBI"
"6.FAM96A",0,0.902934836280794,0.539,0.238,0,"6","FAM96A"
"6.THBS1",0,4.22392642392827,0.33,0.03,0,"6","THBS1"
"6.CYBA",0,1.15570790786818,0.887,0.587,0,"6","CYBA"
"6.FOSB",0,0.524078848109836,0.794,0.494,0,"6","FOSB"
"6.SUMO3",0,0.860488680614427,0.527,0.227,0,"6","SUMO3"
"6.C1QA",0,0.826452482758789,0.438,0.138,0,"6","C1QA"
"6.S100A6",0,1.72230102151592,0.958,0.658,0,"6","S100A6"
"6.NFE2L2",0,0.728428617459303,0.571,0.271,0,"6","NFE2L2"
"6.FPR3",0,2.42412573328584,0.368,0.069,0,"6","FPR3"
"6.FOSL2",0,1.05442228625659,0.491,0.193,0,"6","FOSL2"
"6.LRRFIP1",0,0.606541522205222,0.721,0.423,0,"6","LRRFIP1"
"6.C14orf2",0,0.733832478936963,0.626,0.328,0,"6","C14orf2"
"6.LINC01272",0,3.51908284022185,0.338,0.041,0,"6","LINC01272"
"6.KYNU",0,2.86780215077482,0.352,0.055,0,"6","KYNU"
"6.LAT2",0,1.50445175815849,0.412,0.115,0,"6","LAT2"
"6.TNFAIP2",0,2.85909160910416,0.364,0.067,0,"6","TNFAIP2"
"6.CHCHD10",0,0.926041107448033,0.606,0.309,0,"6","CHCHD10"
"6.RNF13",0,1.06238699820908,0.464,0.169,0,"6","RNF13"
"6.TPM3",0,0.663921298709577,0.827,0.533,0,"6","TPM3"
"6.ATF5",0,1.87242478927456,0.406,0.113,0,"6","ATF5"
"6.NAGK",0,1.45722792799207,0.428,0.136,0,"6","NAGK"
"6.RGS19",0,0.979306721871287,0.483,0.191,0,"6","RGS19"
"6.AKR1A1",0,0.82392785040489,0.522,0.231,0,"6","AKR1A1"
"6.COX6B1",0,0.573426387884697,0.807,0.516,0,"6","COX6B1"
"6.RBX1",0,0.602363545351496,0.637,0.346,0,"6","RBX1"
"6.ADGRE2",0,3.25047600364952,0.334,0.044,0,"6","ADGRE2"
"6.C4orf48",0,0.934282707383449,0.499,0.21,0,"6","C4orf48"
"6.CANX",0,0.861048762016564,0.539,0.25,0,"6","CANX"
"6.UQCRC1",0,1.02042505492544,0.474,0.185,0,"6","UQCRC1"
"6.ANAPC11",0,0.594569117680115,0.608,0.319,0,"6","ANAPC11"
"6.MYD88",0,1.7006340960009,0.385,0.097,0,"6","MYD88"
"6.RNF144B",0,3.05697419936709,0.336,0.048,0,"6","RNF144B"
"6.SPINT2",0,1.11294769719732,0.455,0.167,0,"6","SPINT2"
"6.COX7B",0,0.545973346385344,0.704,0.416,0,"6","COX7B"
"6.GNAQ",0,2.17174096121171,0.36,0.072,0,"6","GNAQ"
"6.ATP5H",0,0.542606540861872,0.612,0.324,0,"6","ATP5H"
"6.SKAP2",0,1.50290929406791,0.396,0.109,0,"6","SKAP2"
"6.NFKBIZ",0,0.991239525679919,0.592,0.305,0,"6","NFKBIZ"
"6.TREM1",0,3.90846146267415,0.311,0.024,0,"6","TREM1"
"6.UQCR11",0,0.542268314193384,0.695,0.408,0,"6","UQCR11"
"6.RAB7A",0,0.640742076460349,0.579,0.293,0,"6","RAB7A"
"6.GPR183",0,0.730130281138567,0.587,0.301,0,"6","GPR183"
"6.VMP1",0,0.957511191944654,0.563,0.277,0,"6","VMP1"
"6.MTDH",0,0.595211438531537,0.687,0.402,0,"6","MTDH"
"6.TCEB2",0,0.518085643346176,0.755,0.47,0,"6","TCEB2"
"6.EMP3",0,0.725106195755589,0.757,0.473,0,"6","EMP3"
"6.LAIR1",0,1.48356957161437,0.4,0.116,0,"6","LAIR1"
"6.EIF4EBP1",0,1.49025384663769,0.406,0.124,0,"6","EIF4EBP1"
"6.RBM47",0,2.43195167402069,0.354,0.072,0,"6","RBM47"
"6.TMEM167A",0,0.972429423306027,0.483,0.201,0,"6","TMEM167A"
"6.GBP1",0,1.70956514662772,0.444,0.164,0,"6","GBP1"
"6.ATP6AP2",0,0.787185830672374,0.516,0.236,0,"6","ATP6AP2"
"6.M6PR",0,0.653136942641833,0.529,0.249,0,"6","M6PR"
"6.PPA1",0,1.2470272514939,0.538,0.259,0,"6","PPA1"
"6.LTA4H",0,1.66881022003842,0.399,0.12,0,"6","LTA4H"
"6.NCOA4",0,1.18309212916861,0.415,0.136,0,"6","NCOA4"
"6.LAPTM4A",0,0.727996511258643,0.539,0.261,0,"6","LAPTM4A"
"6.NAAA",0,1.39093153769522,0.402,0.124,0,"6","NAAA"
"6.TNFRSF1A",0,1.30779780811408,0.402,0.124,0,"6","TNFRSF1A"
"6.VPS35",0,1.10885881408289,0.432,0.154,0,"6","VPS35"
"6.CFLAR",0,0.66679888015996,0.583,0.305,0,"6","CFLAR"
"6.RNF181",0,0.616429699384143,0.526,0.249,0,"6","RNF181"
"6.CD300A",0,1.65990064451172,0.366,0.089,0,"6","CD300A"
"6.ATP5G3",0,0.576347078626666,0.708,0.431,0,"6","ATP5G3"
"6.RP11-1143G9.4",0,4.53671695995818,0.305,0.028,0,"6","RP11-1143G9.4"
"6.PSMB3",0,0.605245505784953,0.6,0.323,0,"6","PSMB3"
"6.ARF5",0,0.63774688288799,0.582,0.306,0,"6","ARF5"
"6.CAPZA2",0,0.560337652488324,0.522,0.248,0,"6","CAPZA2"
"6.ATP2B1",0,1.03903772096764,0.498,0.224,0,"6","ATP2B1"
"6.UQCRQ",0,0.542283619264032,0.617,0.343,0,"6","UQCRQ"
"6.CTSL",0,1.24524489829087,0.41,0.136,0,"6","CTSL"
"6.CSF2RA",0,2.97003766717462,0.322,0.049,0,"6","CSF2RA"
"6.TNFRSF1B",0,0.539903172669093,0.569,0.296,0,"6","TNFRSF1B"
"6.UBE2D1",0,0.938673866216239,0.438,0.166,0,"6","UBE2D1"
"6.ARPC3",0,0.864997831894824,0.901,0.63,0,"6","ARPC3"
"6.IL18",0,1.9554818136439,0.35,0.079,0,"6","IL18"
"6.GDI2",0,0.665251187913623,0.56,0.29,0,"6","GDI2"
"6.INSIG1",0,1.47048545895438,0.497,0.227,0,"6","INSIG1"
"6.FUOM",0,1.65149003695046,0.377,0.107,0,"6","FUOM"
"6.BASP1",0,2.30602889104782,0.347,0.077,0,"6","BASP1"
"6.LILRA5",0,5.55915985873299,0.285,0.015,0,"6","LILRA5"
"6.YBX1",0,0.982943479276085,0.89,0.621,0,"6","YBX1"
"6.PLEKHO1",0,1.52204297880939,0.382,0.113,0,"6","PLEKHO1"
"6.FLNA",0,0.802570405753582,0.487,0.218,0,"6","FLNA"
"6.DDX21",0,0.604525587364957,0.499,0.231,0,"6","DDX21"
"6.HNRNPU",0,0.601360190597055,0.595,0.327,0,"6","HNRNPU"
"6.ANPEP",0,4.03532530216835,0.295,0.027,0,"6","ANPEP"
"6.AGTRAP",0,1.21888729606197,0.418,0.151,0,"6","AGTRAP"
"6.PGD",0,1.36616530689141,0.386,0.12,0,"6","PGD"
"6.CREG1",0,1.02796602562387,0.394,0.128,0,"6","CREG1"
"6.C7orf73",0,0.761569766571015,0.482,0.216,0,"6","C7orf73"
"6.MMP19",0,2.82479281810604,0.315,0.049,0,"6","MMP19"
"6.CCL3",0,0.969836398281832,0.441,0.175,0,"6","CCL3"
"6.MT2A",0,1.14665808284941,0.702,0.436,0,"6","MT2A"
"6.C1QB",0,0.640993652386835,0.405,0.14,0,"6","C1QB"
"6.HEXB",0,1.02897827895736,0.425,0.161,0,"6","HEXB"
"6.MEF2C",0,1.23415138350162,0.383,0.119,0,"6","MEF2C"
"6.CHD1",0,0.60019156871376,0.514,0.25,0,"6","CHD1"
"6.LCP2",0,0.591053776297247,0.539,0.275,0,"6","LCP2"
"6.ARHGAP18",0,0.954243559572687,0.417,0.153,0,"6","ARHGAP18"
"6.NME2",0,1.04154301075216,0.458,0.194,0,"6","NME2"
"6.SIRPA",0,2.11885620013669,0.334,0.07,0,"6","SIRPA"
"6.HMOX1",0,1.41023015157104,0.367,0.103,0,"6","HMOX1"
"6.HMGA1",0,0.866144053498201,0.479,0.216,0,"6","HMGA1"
"6.SERPING1",0,1.66499731124283,0.356,0.093,0,"6","SERPING1"
"6.BANF1",0,0.500323729906435,0.536,0.273,0,"6","BANF1"
"6.C19orf38",0,3.69600529434793,0.298,0.035,0,"6","C19orf38"
"6.JMJD1C",0,0.628874022213475,0.541,0.279,0,"6","JMJD1C"
"6.GABARAP",0,1.28581215309884,0.705,0.443,0,"6","GABARAP"
"6.POLE4",0,0.946972333203424,0.428,0.167,0,"6","POLE4"
"6.SERP1",0,0.575432838687261,0.857,0.596,0,"6","SERP1"
"6.BLVRA",0,1.516220733097,0.376,0.115,0,"6","BLVRA"
"6.PSME2",0,0.794375718087186,0.751,0.49,0,"6","PSME2"
"6.VPS29",0,0.543880010515378,0.537,0.277,0,"6","VPS29"
"6.LPCAT2",0,2.76017012287131,0.306,0.046,0,"6","LPCAT2"
"6.FCGR2B",0,2.17811455277573,0.345,0.085,0,"6","FCGR2B"
"6.TNFSF10",0,1.4680262625636,0.431,0.172,0,"6","TNFSF10"
"6.QKI",0,1.62413422891292,0.362,0.103,0,"6","QKI"
"6.TLN1",0,0.761062176841199,0.461,0.203,0,"6","TLN1"
"6.SCIMP",0,2.5525379208817,0.305,0.047,0,"6","SCIMP"
"6.CD36",0,3.2457519512314,0.282,0.024,0,"6","CD36"
"6.UBE2E2",0,2.38549869203609,0.32,0.064,0,"6","UBE2E2"
"6.SERPINB9",0,0.764199416114125,0.458,0.202,0,"6","SERPINB9"
"6.RAB32",0,2.31548383619053,0.32,0.064,0,"6","RAB32"
"6.GNA13",0,1.27282322072658,0.386,0.13,0,"6","GNA13"
"6.TPI1",0,0.516167667072534,0.814,0.558,0,"6","TPI1"
"6.PLEKHB2",0,0.886616329125571,0.418,0.163,0,"6","PLEKHB2"
"6.AOAH",0,1.17738598731347,0.353,0.098,0,"6","AOAH"
"6.PRCP",0,1.32847436110525,0.381,0.126,0,"6","PRCP"
"6.ASGR1",0,4.31118357794989,0.278,0.023,0,"6","ASGR1"
"6.NDUFS7",0,0.604758479024212,0.526,0.271,0,"6","NDUFS7"
"6.TWF2",0,0.771561563546169,0.458,0.204,0,"6","TWF2"
"6.PSMA4",0,0.805484030395466,0.472,0.218,0,"6","PSMA4"
"6.HAVCR2",0,1.14240040201456,0.374,0.121,0,"6","HAVCR2"
"6.RAB5C",0,1.02383264945048,0.399,0.146,0,"6","RAB5C"
"6.CD33",0,2.91702041406565,0.3,0.047,0,"6","CD33"
"6.LILRA2",0,4.06428466607823,0.272,0.019,0,"6","LILRA2"
"6.ODF3B",0,1.85881439600945,0.343,0.09,0,"6","ODF3B"
"6.PTAFR",0,2.54828540973541,0.308,0.056,0,"6","PTAFR"
"6.SRA1",0,0.847993755147601,0.429,0.177,0,"6","SRA1"
"6.SSR1",0,0.651760542236418,0.467,0.215,0,"6","SSR1"
"6.GPCPD1",0,1.07940156496256,0.403,0.151,0,"6","GPCPD1"
"6.ARL8B",0,1.24358626606937,0.379,0.128,0,"6","ARL8B"
"6.SLC25A5",0,0.513338099274473,0.743,0.492,0,"6","SLC25A5"
"6.OSM",0,2.75009955573153,0.306,0.056,0,"6","OSM"
"6.OGFRL1",0,2.15533976712157,0.315,0.066,0,"6","OGFRL1"
"6.PRDX3",0,0.691740084919184,0.449,0.2,0,"6","PRDX3"
"6.CHMP4B",0,1.3709506941804,0.37,0.121,0,"6","CHMP4B"
"6.C1QC",0,0.676881146486304,0.382,0.134,0,"6","C1QC"
"6.P4HB",0,0.545686919406483,0.577,0.329,0,"6","P4HB"
"6.LAPTM5",0,0.51219757234673,0.903,0.656,0,"6","LAPTM5"
"6.NUDT16",0,2.0322437350985,0.318,0.071,0,"6","NUDT16"
"6.SLC25A6",0,0.739065708513183,0.848,0.601,0,"6","SLC25A6"
"6.VMA21",0,1.09438675514125,0.383,0.136,0,"6","VMA21"
"6.CYC1",0,0.806702268925115,0.437,0.19,0,"6","CYC1"
"6.DNAJC15",0,0.521504361036114,0.505,0.258,0,"6","DNAJC15"
"6.NDUFB7",0,0.548907631594623,0.521,0.274,0,"6","NDUFB7"
"6.NUDT3",0,1.66630127754707,0.334,0.088,0,"6","NUDT3"
"6.TCIRG1",0,0.814803778980931,0.428,0.182,0,"6","TCIRG1"
"6.CLEC4E",0,3.3477971171733,0.273,0.028,0,"6","CLEC4E"
"6.PARP14",0,0.988958046875512,0.419,0.174,0,"6","PARP14"
"6.TBXAS1",0,1.99701130871651,0.323,0.078,0,"6","TBXAS1"
"6.BRI3",0,1.47016205949057,0.346,0.101,0,"6","BRI3"
"6.POLD4",0,0.686720845094935,0.472,0.227,0,"6","POLD4"
"6.RHEB",0,0.618059652547234,0.506,0.262,0,"6","RHEB"
"6.VSIG4",0,1.69619778270144,0.317,0.073,0,"6","VSIG4"
"6.PVRL2",0,2.38604450107565,0.3,0.056,0,"6","PVRL2"
"6.DUSP23",0,0.984039478828428,0.392,0.149,0,"6","DUSP23"
"6.TIMM13",0,1.01481174665661,0.392,0.149,0,"6","TIMM13"
"6.LTBR",0,2.25638592049705,0.307,0.064,0,"6","LTBR"
"6.ALDOA",0,0.539158118815525,0.822,0.579,0,"6","ALDOA"
"6.SPAG9",0,1.29108317204572,0.377,0.134,0,"6","SPAG9"
"6.IFI6",0,0.881348985015723,0.55,0.308,0,"6","IFI6"
"6.GNA15",0,1.36264400845865,0.339,0.097,0,"6","GNA15"
"6.SLAMF8",0,2.10430216503794,0.307,0.065,0,"6","SLAMF8"
"6.RAB10",0,0.745540636119896,0.437,0.195,0,"6","RAB10"
"6.TMEM14C",0,0.663974923182793,0.463,0.222,0,"6","TMEM14C"
"6.MYO1F",0,0.856715169366407,0.387,0.146,0,"6","MYO1F"
"6.NDUFS6",0,0.586713388102547,0.512,0.271,0,"6","NDUFS6"
"6.C20orf24",0,0.671338031977361,0.479,0.238,0,"6","C20orf24"
"6.IRAK3",0,3.63169304967562,0.268,0.028,0,"6","IRAK3"
"6.LYSMD2",0,0.852740863908663,0.391,0.151,0,"6","LYSMD2"
"6.NFKBIA",0,1.21157933519298,0.894,0.654,0,"6","NFKBIA"
"6.ATP13A3",0,2.30577347436205,0.306,0.067,0,"6","ATP13A3"
"6.ITM2B",0,0.556815701541884,0.885,0.646,0,"6","ITM2B"
"6.PICALM",0,1.54152608872436,0.335,0.097,0,"6","PICALM"
"6.CHMP2A",0,0.585526726365268,0.451,0.213,0,"6","CHMP2A"
"6.NDUFAB1",0,0.5435036572948,0.489,0.251,0,"6","NDUFAB1"
"6.IRF8",0,0.982306429025566,0.345,0.107,0,"6","IRF8"
"6.EMILIN2",0,2.54319764202933,0.29,0.052,0,"6","EMILIN2"
"6.STAT1",0,0.527065587959223,0.542,0.305,0,"6","STAT1"
"6.SERPINB6",0,1.529700731173,0.327,0.09,0,"6","SERPINB6"
"6.SAT2",0,0.887237313539906,0.406,0.169,0,"6","SAT2"
"6.RAB13",0,1.76794374726158,0.322,0.085,0,"6","RAB13"
"6.TET2",0,2.10794316912916,0.302,0.065,0,"6","TET2"
"6.CLEC12A",0,4.00748661732418,0.26,0.024,0,"6","CLEC12A"
"6.CAPNS1",0,1.39722485159461,0.343,0.108,0,"6","CAPNS1"
"6.FIBP",0,0.746666610482542,0.406,0.171,0,"6","FIBP"
"6.MAN2B1",0,1.32467864544278,0.344,0.109,0,"6","MAN2B1"
"6.SFT2D1",0,0.598328802236769,0.446,0.212,0,"6","SFT2D1"
"6.TMEM147",0,0.649267300836225,0.444,0.21,0,"6","TMEM147"
"6.DBNL",0,0.741074085637174,0.418,0.184,0,"6","DBNL"
"6.PHPT1",0,0.508643911211328,0.489,0.255,0,"6","PHPT1"
"6.LACTB",0,2.07403338788306,0.301,0.067,0,"6","LACTB"
"6.PTGS2",0,3.9642958490549,0.26,0.027,0,"6","PTGS2"
"6.ANKRD22",0,3.32277313024098,0.265,0.032,0,"6","ANKRD22"
"6.LRRC25",0,2.75399949340595,0.285,0.052,0,"6","LRRC25"
"6.PABPC4",0,1.02681532087758,0.395,0.163,0,"6","PABPC4"
"6.C9orf72",0,2.19465381110158,0.29,0.058,0,"6","C9orf72"
"6.LSM4",0,0.538005354600092,0.444,0.213,0,"6","LSM4"
"6.WASF2",0,0.538882146046985,0.471,0.24,0,"6","WASF2"
"6.PTPN6",0,0.632135966604398,0.418,0.187,0,"6","PTPN6"
"6.ETV6",0,1.66566601695942,0.315,0.084,0,"6","ETV6"
"6.MANBA",0,1.41342845898344,0.323,0.093,0,"6","MANBA"
"6.ATP6AP1",0,0.823584084889428,0.399,0.169,0,"6","ATP6AP1"
"6.TXNDC17",0,0.598202661672629,0.436,0.206,0,"6","TXNDC17"
"6.GNB1",0,1.07865691829098,0.37,0.14,0,"6","GNB1"
"6.TFEC",0,2.23710410701708,0.29,0.06,0,"6","TFEC"
"6.FERMT3",0,0.57997896477182,0.428,0.198,0,"6","FERMT3"
"6.CD163",0,1.56474421709225,0.309,0.079,0,"6","CD163"
"6.NAGA",0,1.87259706696008,0.306,0.076,0,"6","NAGA"
"6.PTP4A2",0,0.656131317129798,0.432,0.203,0,"6","PTP4A2"
"6.STX7",0,1.00701733608665,0.35,0.121,0,"6","STX7"
"6.TNFSF13",0,2.18319827421384,0.285,0.056,0,"6","TNFSF13"
"6.MEF2A",0,1.31837120921667,0.338,0.11,0,"6","MEF2A"
"6.EIF4E2",0,0.742604775836934,0.381,0.153,0,"6","EIF4E2"
"6.CXCL10",0,3.11419684974912,0.292,0.064,0,"6","CXCL10"
"6.THAP2",0,1.90620724694687,0.303,0.075,0,"6","THAP2"
"6.SKIL",0,0.623342369843936,0.405,0.179,0,"6","SKIL"
"6.ARPC2",0,0.720588856014943,0.91,0.684,0,"6","ARPC2"
"6.CNDP2",0,0.9854033869393,0.358,0.132,0,"6","CNDP2"
"6.NCF1",0,0.79700830489055,0.44,0.215,0,"6","NCF1"
"6.TIMM8B",0,0.795454017798358,0.383,0.158,0,"6","TIMM8B"
"6.CAMK1",0,1.88345612351737,0.295,0.07,0,"6","CAMK1"
"6.POLR2E",0,0.50663647341259,0.463,0.239,0,"6","POLR2E"
"6.TXN2",0,0.639859902573914,0.404,0.18,0,"6","TXN2"
"6.DPYSL2",0,2.02016603568357,0.289,0.065,0,"6","DPYSL2"
"6.SCPEP1",0,1.16526513785376,0.332,0.109,0,"6","SCPEP1"
"6.NDUFB5",0,0.574876829982571,0.433,0.21,0,"6","NDUFB5"
"6.RASGEF1B",0,0.691970141660131,0.383,0.16,0,"6","RASGEF1B"
"6.CPPED1",0,2.53921139688624,0.271,0.049,0,"6","CPPED1"
"6.TLR2",0,3.26325422415898,0.259,0.037,0,"6","TLR2"
"6.PLIN2",0,0.913930952614865,0.443,0.221,0,"6","PLIN2"
"6.CLTC",0,0.912359818185064,0.363,0.141,0,"6","CLTC"
"6.GNB4",0,1.90584839730431,0.292,0.07,0,"6","GNB4"
"6.CYSTM1",0,0.929273261060564,0.355,0.134,0,"6","CYSTM1"
"6.TGOLN2",0,0.563142388051957,0.427,0.207,0,"6","TGOLN2"
"6.RBKS",0,1.33344099044796,0.34,0.121,0,"6","RBKS"
"6.SH2B3",0,2.1473194551664,0.28,0.061,0,"6","SH2B3"
"6.YIF1B",0,1.09454506331795,0.34,0.121,0,"6","YIF1B"
"6.MIDN",0,0.845921932115394,0.38,0.161,0,"6","MIDN"
"6.APEX1",0,0.64913670539647,0.407,0.188,0,"6","APEX1"
"6.ACTN1",0,1.93653986390778,0.287,0.068,0,"6","ACTN1"
"6.SNX2",0,0.532734847753809,0.402,0.184,0,"6","SNX2"
"6.DDAH2",0,1.05070868265889,0.337,0.119,0,"6","DDAH2"
"6.GNG10",0,1.27620223125944,0.322,0.104,0,"6","GNG10"
"6.CAMTA1",0,0.852224723718451,0.377,0.159,0,"6","CAMTA1"
"6.NFKB1",0,1.03443559270398,0.347,0.129,0,"6","NFKB1"
"6.TAOK3",0,0.515850269948727,0.417,0.199,0,"6","TAOK3"
"6.S100A4",0,0.94883882241841,0.917,0.7,0,"6","S100A4"
"6.DMXL2",0,2.51013335002552,0.275,0.058,0,"6","DMXL2"
"6.IL6R",0,1.68923555982669,0.293,0.076,0,"6","IL6R"
"6.LRP1",0,1.80518621417325,0.287,0.07,0,"6","LRP1"
"6.PHLDA2",0,1.4768659800826,0.303,0.087,0,"6","PHLDA2"
"6.PSTPIP2",0,2.38599484901045,0.258,0.042,0,"6","PSTPIP2"
"6.CD302",0,2.78506382201418,0.26,0.045,0,"6","CD302"
"6.STX4",0,1.36327792794465,0.32,0.105,0,"6","STX4"
"6.ABCA1",0,1.4149636891777,0.298,0.083,0,"6","ABCA1"
"6.NUP214",0,1.88656734548642,0.291,0.076,0,"6","NUP214"
"6.NQO2",0,1.43653651066889,0.303,0.089,0,"6","NQO2"
"6.NDUFB1",0,0.613294834041138,0.431,0.217,0,"6","NDUFB1"
"6.PNRC1",0,0.66362413993285,0.844,0.63,0,"6","PNRC1"
"6.C3AR1",0,1.55978526935742,0.291,0.077,0,"6","C3AR1"
"6.CXCL3",0,3.15385277244609,0.256,0.043,0,"6","CXCL3"
"6.GLA",0,0.849396880911666,0.381,0.168,0,"6","GLA"
"6.PCBD1",0,0.821743318935175,0.361,0.148,0,"6","PCBD1"
"6.NUMB",0,1.42759900074647,0.308,0.095,0,"6","NUMB"
"6.MPP1",0,1.66318916638515,0.297,0.084,0,"6","MPP1"
"6.GNAI3",0,0.723590370878478,0.387,0.175,0,"6","GNAI3"
"6.BHLHE40",0,0.526562876913807,0.403,0.191,0,"6","BHLHE40"
"6.ERCC1",0,0.949946477320116,0.332,0.12,0,"6","ERCC1"
"6.BACH1",0,1.094408610834,0.335,0.123,0,"6","BACH1"
"6.ETF1",0,0.733740689813871,0.379,0.167,0,"6","ETF1"
"6.PRKCB",0,1.08712895421259,0.31,0.098,0,"6","PRKCB"
"6.BLOC1S1",0,0.764409202089626,0.393,0.182,0,"6","BLOC1S1"
"6.PTPN2",0,0.583246386784243,0.397,0.186,0,"6","PTPN2"
"6.RAB8A",0,0.559063110248938,0.407,0.196,0,"6","RAB8A"
"6.CIITA",0,2.02232842248463,0.263,0.053,0,"6","CIITA"
"6.EPB41L3",0,2.41632149017519,0.261,0.051,0,"6","EPB41L3"
"6.RTN3",0,0.750178095194874,0.372,0.162,0,"6","RTN3"
"6.BNIP2",0,0.571625977624151,0.374,0.164,0,"6","BNIP2"
"6.CTNNB1",0,1.0787770611615,0.344,0.134,0,"6","CTNNB1"
"6.KLF10",0,1.12647610590135,0.315,0.106,0,"6","KLF10"
"6.CTNNA1",0,1.5368889804791,0.295,0.086,0,"6","CTNNA1"
"6.JOSD2",0,0.871030933193458,0.344,0.135,0,"6","JOSD2"
"6.CCRL2",0,2.31496250245702,0.263,0.055,0,"6","CCRL2"
"6.B4GALT1",0,0.61889162168313,0.388,0.18,0,"6","B4GALT1"
"6.PARVG",0,0.828296196410335,0.343,0.135,0,"6","PARVG"
"6.IRF2BP2",0,0.660384906297041,0.375,0.167,0,"6","IRF2BP2"
"6.SNAP23",0,0.674069970138627,0.35,0.142,0,"6","SNAP23"
"6.SNX17",0,0.502467505882677,0.41,0.202,0,"6","SNX17"
"6.LSM6",0,0.525955772771337,0.399,0.192,0,"6","LSM6"
"6.ACSL3",0,1.5151480710034,0.305,0.098,0,"6","ACSL3"
"6.CUX1",0,1.37151538225394,0.299,0.092,0,"6","CUX1"
"6.NABP1",0,0.639983755123252,0.407,0.2,0,"6","NABP1"
"6.PIK3AP1",0,1.64330873553181,0.287,0.08,0,"6","PIK3AP1"
"6.BAG1",0,0.550602285762446,0.394,0.188,0,"6","BAG1"
"6.LIPA",0,0.733018325781777,0.327,0.121,0,"6","LIPA"
"6.DRAM2",0,0.625377875823066,0.363,0.157,0,"6","DRAM2"
"6.AHR",0,0.641843764085404,0.357,0.151,0,"6","AHR"
"6.ETHE1",0,0.601091386581715,0.363,0.157,0,"6","ETHE1"
"6.TUBA1B",0,0.649640871542037,0.742,0.536,0,"6","TUBA1B"
"6.ACAA1",0,0.975525879062943,0.333,0.128,0,"6","ACAA1"
"6.HACD4",0,1.03346520793368,0.315,0.11,0,"6","HACD4"
"6.PIM3",0,0.530938055889716,0.475,0.271,0,"6","PIM3"
"6.ZFYVE16",0,2.1800532175652,0.264,0.061,0,"6","ZFYVE16"
"6.PFKFB3",0,0.66841204317279,0.375,0.172,0,"6","PFKFB3"
"6.DUSP3",0,1.91177857799172,0.264,0.061,0,"6","DUSP3"
"6.SDHB",0,0.743563159240616,0.354,0.151,0,"6","SDHB"
"6.ISG15",0,1.32823583928428,0.592,0.389,0,"6","ISG15"
"6.MAP2K1",0,1.21669506114142,0.3,0.098,0,"6","MAP2K1"
"6.APPL1",0,0.775473756650061,0.336,0.135,0,"6","APPL1"
"6.RNPEP",0,1.25177963148208,0.287,0.086,0,"6","RNPEP"
"6.TACC1",0,0.66471006480459,0.36,0.159,0,"6","TACC1"
"6.SCO2",0,1.32611682233132,0.297,0.096,0,"6","SCO2"
"6.ZNF106",0,1.11928012761169,0.309,0.109,0,"6","ZNF106"
"6.MX2",0,0.992413896294903,0.332,0.132,0,"6","MX2"
"6.VAMP3",0,1.2288066722891,0.295,0.095,0,"6","VAMP3"
"6.BCKDK",0,1.32883844637936,0.295,0.095,0,"6","BCKDK"
"6.SHKBP1",0,0.569176176061686,0.364,0.164,0,"6","SHKBP1"
"6.EPN1",0,0.768707201207058,0.35,0.15,0,"6","EPN1"
"6.DPYD",0,0.864429099713183,0.307,0.108,0,"6","DPYD"
"6.CEP170",0,1.56849419993669,0.28,0.081,0,"6","CEP170"
"6.NMI",0,0.894634204579144,0.319,0.12,0,"6","NMI"
"6.FGD2",0,1.82976608499814,0.259,0.06,0,"6","FGD2"
"6.SLC25A39",0,0.518803545302271,0.398,0.199,0,"6","SLC25A39"
"6.FAM120A",0,1.18568308252504,0.305,0.107,0,"6","FAM120A"
"6.MRC1",0,1.51402630235512,0.261,0.063,0,"6","MRC1"
"6.CCL3L3",0,1.37249480237414,0.29,0.092,0,"6","CCL3L3"
"6.C6orf62",0,0.622836377281819,0.378,0.181,0,"6","C6orf62"
"6.BLOC1S6",0,0.941868521583204,0.314,0.117,0,"6","BLOC1S6"
"6.IRS2",0,1.27030809687379,0.288,0.091,0,"6","IRS2"
"6.RIN3",0,1.18465782713911,0.289,0.092,0,"6","RIN3"
"6.LSM10",0,0.520270368644008,0.378,0.182,0,"6","LSM10"
"6.ARPC4",0,0.982820831294507,0.328,0.132,0,"6","ARPC4"
"6.FAM105A",0,0.993234471635643,0.302,0.106,0,"6","FAM105A"
"6.TPMT",0,1.56438962377438,0.267,0.071,0,"6","TPMT"
"6.IL4I1",0,1.9883137726964,0.253,0.057,0,"6","IL4I1"
"6.PTRHD1",0,0.779951903337389,0.332,0.137,0,"6","PTRHD1"
"6.MGST2",0,1.55476453154412,0.272,0.077,0,"6","MGST2"
"6.ENG",0,1.41564223659133,0.277,0.082,0,"6","ENG"
"6.BTK",0,1.88817713052067,0.255,0.061,0,"6","BTK"
"6.MAP2K3",0,0.715205496911309,0.354,0.16,0,"6","MAP2K3"
"6.OS9",0,0.642939959523895,0.365,0.172,0,"6","OS9"
"6.MYO9B",0,1.19301243704134,0.298,0.105,0,"6","MYO9B"
"6.PECAM1",0,1.46956118209161,0.294,0.101,0,"6","PECAM1"
"6.CD74",0,1.62912344985601,0.978,0.785,0,"6","CD74"
"6.HLA-DQA2",0,1.57261006609172,0.334,0.142,0,"6","HLA-DQA2"
"6.SRSF9",0,0.503967505834993,0.394,0.202,0,"6","SRSF9"
"6.ADPGK",0,0.922209072894784,0.313,0.121,0,"6","ADPGK"
"6.METRNL",0,1.10705124275766,0.295,0.103,0,"6","METRNL"
"6.ARL5B",0,1.21628125934468,0.286,0.094,0,"6","ARL5B"
"6.ACOT9",0,1.28598904767579,0.275,0.084,0,"6","ACOT9"
"6.NAA38",0,0.506997535517271,0.379,0.188,0,"6","NAA38"
"6.TIMP2",0,1.42062722174678,0.273,0.082,0,"6","TIMP2"
"6.STX10",0,0.84783991166826,0.315,0.124,0,"6","STX10"
"6.IER5",0,0.839091603598416,0.346,0.156,0,"6","IER5"
"6.SH3BP2",0,1.41062296892275,0.264,0.075,0,"6","SH3BP2"
"6.DRAM1",0,1.68247514711031,0.261,0.072,0,"6","DRAM1"
"6.FUCA2",0,1.27339317402967,0.287,0.098,0,"6","FUCA2"
"6.PQLC3",0,0.568924993431451,0.331,0.143,0,"6","PQLC3"
"6.NCKAP1L",0,0.60148321836671,0.332,0.144,0,"6","NCKAP1L"
"6.CISD3",0,0.676110973312065,0.33,0.142,0,"6","CISD3"
"6.MAPKAPK3",0,0.902825059734189,0.296,0.108,0,"6","MAPKAPK3"
"6.GAA",0,1.40308256455712,0.267,0.079,0,"6","GAA"
"6.HSPB1",0,0.548360204196086,0.615,0.428,0,"6","HSPB1"
"6.SLIRP",0,0.588200010127908,0.363,0.176,0,"6","SLIRP"
"6.PLIN3",0,1.08562450740401,0.288,0.101,0,"6","PLIN3"
"6.PARVB",0,1.16706727548384,0.287,0.101,0,"6","PARVB"
"6.IDH3G",0,0.594470014898058,0.327,0.142,0,"6","IDH3G"
"6.UBE2R2",0,1.48043910074271,0.271,0.086,0,"6","UBE2R2"
"6.FNDC3B",0,1.2613455410002,0.301,0.116,0,"6","FNDC3B"
"6.SCARB2",0,0.987399316090615,0.292,0.107,0,"6","SCARB2"
"6.RB1",0,0.864965090386919,0.313,0.128,0,"6","RB1"
"6.CMIP",0,1.30037712807229,0.266,0.081,0,"6","CMIP"
"6.MIF4GD",0,0.844404089477239,0.295,0.11,0,"6","MIF4GD"
"6.MARCKSL1",0,0.614946696504142,0.401,0.217,0,"6","MARCKSL1"
"6.MS4A4A",0,1.07067119189963,0.266,0.082,0,"6","MS4A4A"
"6.ABI3",0,0.780075986728882,0.309,0.125,0,"6","ABI3"
"6.RAB24",0,1.01068017360883,0.284,0.1,0,"6","RAB24"
"6.SPTLC2",0,1.19059048839643,0.262,0.079,0,"6","SPTLC2"
"6.SEC14L1",0,0.593067319393067,0.35,0.167,0,"6","SEC14L1"
"6.ECHS1",0,0.550854013962059,0.335,0.153,0,"6","ECHS1"
"6.QSOX1",0,1.46628222513963,0.251,0.069,0,"6","QSOX1"
"6.IMPDH1",0,1.0816040953839,0.269,0.088,0,"6","IMPDH1"
"6.MINOS1",0,0.577069118206329,0.375,0.194,0,"6","MINOS1"
"6.RAB1A",0,0.612389509411617,0.359,0.178,0,"6","RAB1A"
"6.RNASEK",0,0.844723140466772,0.295,0.114,0,"6","RNASEK"
"6.MAP3K2",0,0.712107283435728,0.328,0.148,0,"6","MAP3K2"
"6.SH3BP5",0,0.793387636874866,0.298,0.118,0,"6","SH3BP5"
"6.EGR1",0,0.663974610088126,0.385,0.207,0,"6","EGR1"
"6.LEPROT",0,0.804696690761485,0.304,0.127,0,"6","LEPROT"
"6.CAT",0,0.890838282581825,0.285,0.109,0,"6","CAT"
"6.MTCH2",0,0.724432257523332,0.307,0.131,0,"6","MTCH2"
"6.PEPD",0,0.817297639274723,0.292,0.116,0,"6","PEPD"
"6.RUNX1",0,0.929239448134431,0.29,0.115,0,"6","RUNX1"
"6.PNPLA8",0,0.701365483247942,0.326,0.152,0,"6","PNPLA8"
"6.CD40",0,1.1313892215224,0.257,0.083,0,"6","CD40"
"6.PLAC8",0,0.861820662886564,0.279,0.106,0,"6","PLAC8"
"6.OAZ2",0,1.29785897186828,0.26,0.087,0,"6","OAZ2"
"6.HDLBP",0,0.532673929017617,0.336,0.164,0,"6","HDLBP"
"6.TFRC",0,1.24325651309229,0.29,0.118,0,"6","TFRC"
"6.POU2F2",0,0.852695540842207,0.302,0.13,0,"6","POU2F2"
"6.MKKS",0,0.851719307964414,0.281,0.11,0,"6","MKKS"
"6.HSPA6",0,0.666905657054554,0.27,0.099,0,"6","HSPA6"
"6.EVI2B",0,0.677099555032733,0.337,0.166,0,"6","EVI2B"
"6.CD151",0,0.836632121333654,0.287,0.116,0,"6","CD151"
"6.SVBP",0,0.775281178529761,0.276,0.106,0,"6","SVBP"
"6.AK2",0,0.533291254566889,0.315,0.145,0,"6","AK2"
"6.GNPTG",0,0.588327536052339,0.325,0.155,0,"6","GNPTG"
"6.YWHAG",0,0.870793216085632,0.267,0.098,0,"6","YWHAG"
"6.NCF4",0,0.603483620916584,0.331,0.162,0,"6","NCF4"
"6.COMMD9",0,0.991472210701712,0.256,0.088,0,"6","COMMD9"
"6.NDUFV3",0,1.17196136987615,0.261,0.093,0,"6","NDUFV3"
"6.IFI35",0,0.598704049965871,0.345,0.178,0,"6","IFI35"
"6.SORL1",0,0.735905405701759,0.281,0.115,0,"6","SORL1"
"6.IFT20",0,0.991747755826201,0.265,0.099,0,"6","IFT20"
"6.VIM",0,0.607994612255703,0.955,0.789,0,"6","VIM"
"6.LAMP2",0,0.843598997250963,0.286,0.121,0,"6","LAMP2"
"6.RRBP1",0,0.566661965162506,0.305,0.14,0,"6","RRBP1"
"6.ITPR2",0,0.864714961616013,0.28,0.116,0,"6","ITPR2"
"6.HK1",0,0.973216720065177,0.253,0.089,0,"6","HK1"
"6.AGPAT2",0,0.798014643052116,0.273,0.11,0,"6","AGPAT2"
"6.TOM1",0,1.01403029846257,0.251,0.088,0,"6","TOM1"
"6.RP5-1171I10.5",0,0.580386162782002,0.286,0.123,0,"6","RP5-1171I10.5"
"6.UBE2E1",0,0.668314014137588,0.27,0.108,0,"6","UBE2E1"
"6.KMT2C",0,0.535265219800168,0.302,0.141,0,"6","KMT2C"
"6.PPP1R15B",0,0.950644514102186,0.275,0.115,0,"6","PPP1R15B"
"6.PARL",0,0.531289872368559,0.292,0.132,0,"6","PARL"
"6.SLC25A11",0,0.579871471747321,0.295,0.135,0,"6","SLC25A11"
"6.GBAS",0,0.873428822388183,0.26,0.101,0,"6","GBAS"
"6.PFKL",0,0.543344256006607,0.295,0.136,0,"6","PFKL"
"6.SH3BGRL3",0,0.869094288739797,0.959,0.8,0,"6","SH3BGRL3"
"6.IL10RB",0,1.06873445447934,0.252,0.094,0,"6","IL10RB"
"6.GBP4",0,0.827484752352576,0.291,0.133,0,"6","GBP4"
"6.H3F3A",0,1.03473724057659,0.956,0.799,0,"6","H3F3A"
"6.FBXL5",0,0.836443639305198,0.261,0.105,0,"6","FBXL5"
"6.TRIM44",0,0.806278940310996,0.259,0.103,0,"6","TRIM44"
"6.ADRBK1",0,0.711349509551635,0.275,0.119,0,"6","ADRBK1"
"6.CYB5R4",0,0.823779784135297,0.253,0.097,0,"6","CYB5R4"
"6.HOOK3",0,0.61896511708448,0.265,0.11,0,"6","HOOK3"
"6.SFT2D2",0,0.773726251499344,0.253,0.098,0,"6","SFT2D2"
"6.OAS1",0,0.577401179013367,0.306,0.151,0,"6","OAS1"
"6.SDCCAG8",0,0.847790378598829,0.25,0.097,0,"6","SDCCAG8"
"6.HNRNPD",0,0.619283324380861,0.3,0.147,0,"6","HNRNPD"
"6.ABHD12",0,0.612046486228134,0.283,0.131,0,"6","ABHD12"
"6.ARFGAP3",0,0.597898969543713,0.282,0.13,0,"6","ARFGAP3"
"6.FNIP1",0,0.591519315804172,0.262,0.111,0,"6","FNIP1"
"6.TMEM30A",0,0.867294057441186,0.258,0.107,0,"6","TMEM30A"
"6.TSEN34",0,0.682055773041752,0.255,0.104,0,"6","TSEN34"
"6.TPRKB",0,0.513564139318416,0.264,0.115,0,"6","TPRKB"
"6.COA3",0,0.502180037360041,0.29,0.141,0,"6","COA3"
"6.CACUL1",0,0.655098879048812,0.253,0.105,0,"6","CACUL1"
"6.JOSD1",0,0.735526741393907,0.263,0.115,0,"6","JOSD1"
"6.MTMR14",0,0.54788278590205,0.257,0.11,0,"6","MTMR14"
"6.DOCK2",0,0.625580199452305,0.264,0.117,0,"6","DOCK2"
"6.ERICH1",0,0.571317987517625,0.264,0.117,0,"6","ERICH1"
"6.RAP2B",0,0.539617338985383,0.282,0.136,0,"6","RAP2B"
"6.CD9",0,0.592945394345497,0.272,0.128,0,"6","CD9"
"6.OAZ1",0,0.793936752205567,0.967,0.823,0,"6","OAZ1"
"6.ATP5E",0,0.564497387858907,0.955,0.811,0,"6","ATP5E"
"6.GUSB",0,0.553348936317547,0.271,0.129,0,"6","GUSB"
"6.CBR1",0,0.69608624293909,0.251,0.11,0,"6","CBR1"
"6.TM9SF2",0,0.570159738079831,0.278,0.139,0,"6","TM9SF2"
"6.IFNAR1",0,0.621401754703371,0.265,0.127,0,"6","IFNAR1"
"6.EIF4G1",0,0.523740947814448,0.258,0.121,0,"6","EIF4G1"
"6.EIF4E",0,0.559324476123491,0.312,0.175,0,"6","EIF4E"
"6.PFN1",0,0.606306231691589,0.953,0.817,0,"6","PFN1"
"6.TMEM205",0,0.505519549097414,0.256,0.123,0,"6","TMEM205"
"6.ADAM10",0,0.526369891067426,0.26,0.128,0,"6","ADAM10"
"6.CNIH4",0,0.575239448969208,0.252,0.121,0,"6","CNIH4"
"6.MYL6",0,0.532882476664627,0.938,0.815,0,"6","MYL6"
"6.NDUFA11",0,0.689090130146345,0.252,0.129,0,"6","NDUFA11"
"6.NDUFA13",0,0.505364909489502,0.261,0.149,0,"6","NDUFA13"
"6.SRGN",0,0.640171598710371,0.977,0.871,0,"6","SRGN"
"6.SERF2",0,0.908880161514664,0.97,0.865,0,"6","SERF2"
"6.FTL",0,1.47949480217001,0.997,0.929,0,"6","FTL"
"6.FTH1",0,1.68231977448729,1,0.942,0,"6","FTH1"
"6.ACTB",0,0.803572243957923,0.994,0.941,0,"6","ACTB"
"6.TMSB10",0,0.94778473476102,0.992,0.966,0,"6","TMSB10"
"7.MZB1",0,4.88361240141502,0.942,0.066,0,"7","MZB1"
"7.DERL3",0,5.12650680997987,0.834,0.037,0,"7","DERL3"
"7.IGHG1",0,5.84298696110027,0.884,0.101,0,"7","IGHG1"
"7.IGKC",0,7.37900330629358,0.982,0.218,0,"7","IGKC"
"7.IGHG4",0,5.36368631389994,0.796,0.052,0,"7","IGHG4"
"7.FKBP11",0,3.45922849234534,0.839,0.116,0,"7","FKBP11"
"7.JCHAIN",0,4.90643377767122,0.771,0.081,0,"7","JCHAIN"
"7.CD79A",0,2.5893390990195,0.779,0.093,0,"7","CD79A"
"7.IGKV4-1",0,7.80368612775108,0.77,0.089,0,"7","IGKV4-1"
"7.IGKV3-15",0,9.04607131013294,0.739,0.07,0,"7","IGKV3-15"
"7.IGKV3-11",0,8.29325186563659,0.765,0.1,0,"7","IGKV3-11"
"7.ITM2C",0,2.95433922698995,0.818,0.154,0,"7","ITM2C"
"7.IGKV3-20",0,8.17140368370137,0.757,0.104,0,"7","IGKV3-20"
"7.IGKV1-9",0,8.61737297985911,0.723,0.072,0,"7","IGKV1-9"
"7.PRDX4",0,3.56327917673482,0.781,0.134,0,"7","PRDX4"
"7.IGLL5",0,4.10558564749996,0.65,0.019,0,"7","IGLL5"
"7.IGKV1-5",0,7.79064737747165,0.735,0.108,0,"7","IGKV1-5"
"7.SEC11C",0,2.89219883432935,0.862,0.242,0,"7","SEC11C"
"7.XBP1",0,3.39833895995987,0.939,0.326,0,"7","XBP1"
"7.IGKV1-12",0,8.62888378613903,0.61,0.01,0,"7","IGKV1-12"
"7.FKBP2",0,2.42009860173558,0.793,0.228,0,"7","FKBP2"
"7.IGHG3",0,4.598225767335,0.609,0.065,0,"7","IGHG3"
"7.IGKV3D-11",0,9.25448138326019,0.528,0.01,0,"7","IGKV3D-11"
"7.IGKV1-8",0,9.11786426463511,0.517,0.011,0,"7","IGKV1-8"
"7.SDF2L1",0,2.08768857846235,0.705,0.202,0,"7","SDF2L1"
"7.PLPP5",0,2.38960889489761,0.603,0.112,0,"7","PLPP5"
"7.HSP90B1",0,2.18722915713768,0.894,0.405,0,"7","HSP90B1"
"7.ERLEC1",0,2.32780461675191,0.639,0.155,0,"7","ERLEC1"
"7.CRELD2",0,2.37914647483068,0.622,0.138,0,"7","CRELD2"
"7.JSRP1",0,5.84987917177842,0.492,0.013,0,"7","JSRP1"
"7.VIMP",0,1.93400642634036,0.694,0.216,0,"7","VIMP"
"7.LMAN1",0,2.01089109508338,0.666,0.196,0,"7","LMAN1"
"7.SSR3",0,1.79564920681188,0.755,0.296,0,"7","SSR3"
"7.RRBP1",0,2.71439474758683,0.584,0.127,0,"7","RRBP1"
"7.SELM",0,1.82444764019235,0.613,0.163,0,"7","SELM"
"7.IGKV1-27",0,8.61260121264919,0.456,0.007,0,"7","IGKV1-27"
"7.SPCS3",0,1.75638582122184,0.679,0.236,0,"7","SPCS3"
"7.TNFRSF17",0,4.83248420821588,0.456,0.016,0,"7","TNFRSF17"
"7.IGKV1D-39",0,8.90339937524821,0.444,0.006,0,"7","IGKV1D-39"
"7.UBE2J1",0,1.82425763206367,0.645,0.209,0,"7","UBE2J1"
"7.SSR4",0,3.42897481781857,0.993,0.557,0,"7","SSR4"
"7.SDC1",0,5.18948107172022,0.448,0.014,0,"7","SDC1"
"7.SPCS2",0,1.33528901526585,0.769,0.342,0,"7","SPCS2"
"7.IGHV3-21",0,6.42273866997203,0.469,0.042,0,"7","IGHV3-21"
"7.MYDGF",0,1.62900588403862,0.69,0.265,0,"7","MYDGF"
"7.CD24",0,2.03941631840265,0.535,0.112,0,"7","CD24"
"7.IGHV3-30",0,5.66987362169787,0.459,0.039,0,"7","IGHV3-30"
"7.POU2AF1",0,3.37672396994815,0.452,0.035,0,"7","POU2AF1"
"7.IGKV1-17",0,8.89990819090109,0.423,0.01,0,"7","IGKV1-17"
"7.CD38",0,2.21199506261851,0.522,0.11,0,"7","CD38"
"7.KDELR1",0,1.64261254444583,0.667,0.255,0,"7","KDELR1"
"7.IGHV3-23",0,6.54005352725136,0.441,0.042,0,"7","IGHV3-23"
"7.HERPUD1",0,1.73911452851317,0.892,0.501,0,"7","HERPUD1"
"7.IGHA1",0,5.07430787998046,0.462,0.072,0,"7","IGHA1"
"7.CHPF",0,3.47841560990199,0.425,0.036,0,"7","CHPF"
"7.PIM2",0,1.38086345544792,0.585,0.196,0,"7","PIM2"
"7.IGHV6-1",0,8.70062313721896,0.411,0.024,0,"7","IGHV6-1"
"7.IGKV1-16",0,9.18012448879604,0.406,0.021,0,"7","IGKV1-16"
"7.TXNDC15",0,1.96321015088278,0.495,0.115,0,"7","TXNDC15"
"7.HDLBP",0,1.97518277365682,0.529,0.155,0,"7","HDLBP"
"7.SPCS1",0,1.26106003215016,0.805,0.435,0,"7","SPCS1"
"7.RABAC1",0,1.13762069183627,0.734,0.364,0,"7","RABAC1"
"7.NUCB2",0,1.33794888685257,0.527,0.163,0,"7","NUCB2"
"7.HM13",0,1.26827388242698,0.608,0.244,0,"7","HM13"
"7.KDELR2",0,1.35217864451924,0.604,0.245,0,"7","KDELR2"
"7.ST6GALNAC4",0,2.74254432480628,0.423,0.065,0,"7","ST6GALNAC4"
"7.DNAJC1",0,1.33432565252088,0.559,0.207,0,"7","DNAJC1"
"7.MANF",0,1.50536157080526,0.51,0.161,0,"7","MANF"
"7.RP11-16E12.2",0,5.41548927204246,0.358,0.01,0,"7","RP11-16E12.2"
"7.IGKV1-6",0,8.55504341160606,0.358,0.012,0,"7","IGKV1-6"
"7.SEC61B",0,1.12565954926732,0.832,0.487,0,"7","SEC61B"
"7.ERGIC3",0,1.16544125886057,0.604,0.259,0,"7","ERGIC3"
"7.PDIA6",0,0.864619421731251,0.675,0.331,0,"7","PDIA6"
"7.GSTP1",0,0.741426936930205,0.748,0.409,0,"7","GSTP1"
"7.P4HB",0,0.883104794838037,0.656,0.326,0,"7","P4HB"
"7.IGKV3D-15",0,9.80355064023171,0.326,0.002,0,"7","IGKV3D-15"
"7.SPATS2",0,2.80736577669865,0.375,0.051,0,"7","SPATS2"
"7.IGKV1-39",0,9.24577951995301,0.329,0.006,0,"7","IGKV1-39"
"7.CPNE5",0,3.70280619001004,0.342,0.019,0,"7","CPNE5"
"7.TMEM258",0,0.701510774756202,0.718,0.396,0,"7","TMEM258"
"7.EAF2",0,2.30785552360965,0.38,0.061,0,"7","EAF2"
"7.ZBP1",0,2.09649505689555,0.387,0.068,0,"7","ZBP1"
"7.TXNDC11",0,2.13956278386591,0.419,0.1,0,"7","TXNDC11"
"7.SEL1L",0,2.00214298324761,0.412,0.094,0,"7","SEL1L"
"7.IGHV4-39",0,6.69854323951641,0.359,0.042,0,"7","IGHV4-39"
"7.ARSA",0,1.95868923001947,0.41,0.095,0,"7","ARSA"
"7.LMAN2",0,0.822197691046054,0.595,0.281,0,"7","LMAN2"
"7.FCRL5",0,3.33405827753984,0.333,0.02,0,"7","FCRL5"
"7.FAM46C",0,0.576060108701708,0.522,0.211,0,"7","FAM46C"
"7.CAV1",0,3.00499302063124,0.337,0.026,0,"7","CAV1"
"7.SPAG4",0,3.94377500391029,0.321,0.016,0,"7","SPAG4"
"7.IGHV1-46",0,4.88268199673926,0.33,0.029,0,"7","IGHV1-46"
"7.SEC62",0,0.566491012376747,0.622,0.324,0,"7","SEC62"
"7.TMED9",0,0.768875601576843,0.552,0.256,0,"7","TMED9"
"7.KRTCAP2",0,0.689827102674093,0.608,0.312,0,"7","KRTCAP2"
"7.SLAMF7",0,1.91343491785303,0.37,0.077,0,"7","SLAMF7"
"7.TMEM208",0,1.03175232134113,0.469,0.178,0,"7","TMEM208"
"7.DNAJC4",0,1.22401514016427,0.457,0.167,0,"7","DNAJC4"
"7.IGHV3-7",0,6.4795541688442,0.312,0.022,0,"7","IGHV3-7"
"7.IGHG2",0,4.42496302832657,0.306,0.017,0,"7","IGHG2"
"7.RP11-290F5.1",0,5.4547099320544,0.297,0.008,0,"7","RP11-290F5.1"
"7.IFNAR2",0,1.28022461097688,0.443,0.155,0,"7","IFNAR2"
"7.FNDC3B",0,1.90079909018502,0.398,0.112,0,"7","FNDC3B"
"7.TMED10",0,0.588580689450613,0.59,0.304,0,"7","TMED10"
"7.ZNF706",0,0.687812108586317,0.629,0.344,0,"7","ZNF706"
"7.TRIB1",0,2.50000408406196,0.351,0.071,0,"7","TRIB1"
"7.ANKRD28",0,0.777921009598013,0.43,0.152,0,"7","ANKRD28"
"7.MTDH",0,0.967811113688968,0.682,0.404,0,"7","MTDH"
"7.IDH2",0,0.770256219550414,0.54,0.262,0,"7","IDH2"
"7.C11orf24",0,2.31679712696004,0.334,0.059,0,"7","C11orf24"
"7.RP11-160E2.6",0,2.21071094816027,0.358,0.086,0,"7","RP11-160E2.6"
"7.PECAM1",0,2.1316437739183,0.369,0.098,0,"7","PECAM1"
"7.KIAA0125",0,3.90389807364925,0.292,0.021,0,"7","KIAA0125"
"7.SEC61G",0,0.580569319336915,0.647,0.377,0,"7","SEC61G"
"7.CHCHD10",0,0.506643634381716,0.581,0.311,0,"7","CHCHD10"
"7.MEI1",0,1.6679949746057,0.347,0.079,0,"7","MEI1"
"7.SRPRB",0,1.54638862571571,0.353,0.086,0,"7","SRPRB"
"7.RPN2",0,0.672542037497225,0.523,0.256,0,"7","RPN2"
"7.IGKV3D-20",0,8.66315170498326,0.266,0.002,0,"7","IGKV3D-20"
"7.ELL2",0,0.798452907966416,0.455,0.191,0,"7","ELL2"
"7.PDIA4",0,1.3256212500164,0.413,0.15,0,"7","PDIA4"
"7.TPST2",0,0.902556258329053,0.44,0.178,0,"7","TPST2"
"7.TMEM59",0,0.551723668928845,0.696,0.434,0,"7","TMEM59"
"7.ATP5G1",0,0.634565958418761,0.508,0.248,0,"7","ATP5G1"
"7.RAB30",0,2.31744401008787,0.302,0.044,0,"7","RAB30"
"7.GMPPB",0,2.16591822569135,0.315,0.058,0,"7","GMPPB"
"7.SEC14L1",0,0.957536712297986,0.422,0.165,0,"7","SEC14L1"
"7.SEC61A1",0,1.40657133557288,0.375,0.119,0,"7","SEC61A1"
"7.DNAJC3",0,0.981080423515419,0.432,0.176,0,"7","DNAJC3"
"7.APOA1BP",0,0.936030718860788,0.418,0.163,0,"7","APOA1BP"
"7.PPIB",0,0.653753313156129,0.802,0.547,0,"7","PPIB"
"7.IGHV1-18",0,4.42046891311174,0.282,0.029,0,"7","IGHV1-18"
"7.IGHV3-48",0,6.08878480120234,0.262,0.012,0,"7","IGHV3-48"
"7.AC093818.1",0,3.40663327148266,0.268,0.019,0,"7","AC093818.1"
"7.PNOC",0,3.49112832625978,0.266,0.017,0,"7","PNOC"
"7.TOR3A",0,1.53995467760023,0.375,0.127,0,"7","TOR3A"
"7.TSPAN13",0,1.20400223798022,0.304,0.056,0,"7","TSPAN13"
"7.CH17-224D4.2",0,3.81410523495801,0.27,0.026,0,"7","CH17-224D4.2"
"7.TMEM147",0,0.758002239099071,0.453,0.21,0,"7","TMEM147"
"7.SRM",0,2.29753486162893,0.302,0.062,0,"7","SRM"
"7.AKR1A1",0,0.520220689376465,0.474,0.234,0,"7","AKR1A1"
"7.MLEC",0,1.01488971902916,0.401,0.162,0,"7","MLEC"
"7.CHID1",0,1.42910420516151,0.344,0.105,0,"7","CHID1"
"7.MUCL1",0,1.61881051397943,0.292,0.055,0,"7","MUCL1"
"7.DERL1",0,0.61325007394398,0.417,0.181,0,"7","DERL1"
"7.ALG5",0,1.24468641216624,0.343,0.108,0,"7","ALG5"
"7.PDK1",0,2.66725614339478,0.265,0.032,0,"7","PDK1"
"7.ICAM2",0,0.676223382993807,0.354,0.121,0,"7","ICAM2"
"7.IGHV1-3",0,6.11250711773779,0.263,0.031,0,"7","IGHV1-3"
"7.PRDM1",0,0.740954109406492,0.427,0.197,0,"7","PRDM1"
"7.KLF13",0,1.5615876719414,0.302,0.072,0,"7","KLF13"
"7.YIF1A",0,0.815925589783347,0.391,0.163,0,"7","YIF1A"
"7.SERP1",0,0.518323498868922,0.824,0.598,0,"7","SERP1"
"7.RPN1",0,0.568635311637671,0.473,0.25,0,"7","RPN1"
"7.FNDC3A",0,1.06663302792689,0.328,0.108,0,"7","FNDC3A"
"7.DNAJB11",0,0.821427008670088,0.378,0.158,0,"7","DNAJB11"
"7.B4GALT3",0,0.865491498405309,0.33,0.112,0,"7","B4GALT3"
"7.SEC13",0,0.681375744409913,0.389,0.172,0,"7","SEC13"
"7.CCPG1",0,0.997142872706224,0.341,0.126,0,"7","CCPG1"
"7.SEL1L3",0,1.22549675093075,0.29,0.075,0,"7","SEL1L3"
"7.SRPRA",0,0.551894138377856,0.377,0.163,0,"7","SRPRA"
"7.TAPBPL",0,1.13696167349132,0.303,0.089,0,"7","TAPBPL"
"7.WIPI1",0,1.83740640787329,0.277,0.066,0,"7","WIPI1"
"7.YIPF3",0,0.828226258843705,0.365,0.154,0,"7","YIPF3"
"7.HSH2D",0,1.03218334558665,0.29,0.081,0,"7","HSH2D"
"7.B4GALT7",0,1.87367800094706,0.272,0.066,0,"7","B4GALT7"
"7.PREB",0,1.29931695797512,0.305,0.099,0,"7","PREB"
"7.SIL1",0,1.65525597565301,0.285,0.079,0,"7","SIL1"
"7.CREB3L2",0,1.48346642379529,0.288,0.083,0,"7","CREB3L2"
"7.IGHM",0,3.13638031023518,0.257,0.053,0,"7","IGHM"
"7.LRRC59",0,0.861922554756772,0.342,0.139,0,"7","LRRC59"
"7.TMEM205",0,0.876007031047159,0.324,0.121,0,"7","TMEM205"
"7.ST6GAL1",0,1.30565487845324,0.285,0.088,0,"7","ST6GAL1"
"7.SLC35B1",0,0.999284798947705,0.3,0.104,0,"7","SLC35B1"
"7.FAM174A",0,1.72429356905254,0.252,0.057,0,"7","FAM174A"
"7.GORASP2",0,0.699228862785662,0.315,0.127,0,"7","GORASP2"
"7.MT-ND6",0,0.871135126894968,0.478,0.292,0,"7","MT-ND6"
"7.MEF2C",0,0.599195994646301,0.306,0.124,0,"7","MEF2C"
"7.ALG3",0,1.00298710698664,0.271,0.095,0,"7","ALG3"
"7.LMO4",0,0.674668361630657,0.302,0.128,0,"7","LMO4"
"7.RPS6KB2",0,0.62236674591642,0.297,0.123,0,"7","RPS6KB2"
"7.HIST1H2AC",0,1.38125284561671,0.264,0.091,0,"7","HIST1H2AC"
"7.MRPS31",0,0.890849937160538,0.25,0.077,0,"7","MRPS31"
"7.POU2F2",0,0.502718228781068,0.304,0.131,0,"7","POU2F2"
"7.MIR155HG",0,1.2536063070042,0.293,0.12,0,"7","MIR155HG"
"7.IRF4",0,0.863555138526873,0.25,0.079,0,"7","IRF4"
"7.DAP",0,0.928219078265007,0.279,0.11,0,"7","DAP"
"7.SLC38A10",0,0.922984286698354,0.261,0.094,0,"7","SLC38A10"
"7.WDR45",0,0.767698983297681,0.269,0.103,0,"7","WDR45"
"7.ZNF593",0,0.813989623308691,0.274,0.11,0,"7","ZNF593"
"7.MRPL40",0,0.664056303918595,0.289,0.126,0,"7","MRPL40"
"7.EBAG9",0,0.752532991657153,0.256,0.098,0,"7","EBAG9"
"7.IFNAR1",0,0.690816099403666,0.284,0.127,0,"7","IFNAR1"
"7.DUSP5",0,0.532546017467807,0.266,0.112,0,"7","DUSP5"
"7.TSPAN3",0,0.817341336260672,0.259,0.105,0,"7","TSPAN3"
"7.MAN1A2",0,0.717314450117214,0.268,0.117,0,"7","MAN1A2"
"7.JUN",0,0.690579210580859,0.813,0.676,0,"7","JUN"
"8.STMN1",0,4.36442313941292,0.897,0.181,0,"8","STMN1"
"8.TYMS",0,6.48432701253598,0.675,0.016,0,"8","TYMS"
"8.MKI67",0,6.5068859408158,0.624,0.013,0,"8","MKI67"
"8.HMGB2",0,2.83341851536859,0.854,0.305,0,"8","HMGB2"
"8.TUBB",0,3.45011959838663,0.9,0.353,0,"8","TUBB"
"8.PTTG1",0,2.83178429203003,0.683,0.143,0,"8","PTTG1"
"8.RRM2",0,7.0591137632724,0.546,0.008,0,"8","RRM2"
"8.SMC4",0,2.94940829293094,0.626,0.11,0,"8","SMC4"
"8.TMPO",0,2.81308163804594,0.626,0.11,0,"8","TMPO"
"8.NUSAP1",0,4.61754275367263,0.546,0.033,0,"8","NUSAP1"
"8.CKS1B",0,3.74004964772649,0.576,0.066,0,"8","CKS1B"
"8.CENPF",0,4.79341688835288,0.53,0.028,0,"8","CENPF"
"8.CENPM",0,4.08391802231813,0.527,0.033,0,"8","CENPM"
"8.UBE2C",0,6.28636355917583,0.502,0.013,0,"8","UBE2C"
"8.DUT",0,2.60655246624059,0.719,0.237,0,"8","DUT"
"8.TMEM106C",0,3.15223448129532,0.557,0.076,0,"8","TMEM106C"
"8.RPA3",0,2.25036935940329,0.633,0.156,0,"8","RPA3"
"8.RANBP1",0,2.3324872493877,0.714,0.241,0,"8","RANBP1"
"8.C12orf75",0,1.83374728552483,0.634,0.165,0,"8","C12orf75"
"8.TOP2A",0,5.88089364954625,0.479,0.012,0,"8","TOP2A"
"8.HMGN2",0,2.90075639988378,0.93,0.465,0,"8","HMGN2"
"8.ZWINT",0,5.36267795964696,0.479,0.015,0,"8","ZWINT"
"8.DEK",0,1.95812886278315,0.751,0.289,0,"8","DEK"
"8.SMC2",0,3.65755203337189,0.507,0.046,0,"8","SMC2"
"8.CALM3",0,1.91382888206321,0.807,0.349,0,"8","CALM3"
"8.HIST1H4C",0,3.47051346432428,0.775,0.317,0,"8","HIST1H4C"
"8.ANP32E",0,2.25722056341931,0.602,0.144,0,"8","ANP32E"
"8.H2AFV",0,2.1129307340082,0.802,0.349,0,"8","H2AFV"
"8.NUDT1",0,2.53656135199535,0.56,0.108,0,"8","NUDT1"
"8.CARHSP1",0,2.30097648723124,0.582,0.131,0,"8","CARHSP1"
"8.CDKN3",0,5.0312202899627,0.46,0.017,0,"8","CDKN3"
"8.CLSPN",0,5.35724157755016,0.452,0.013,0,"8","CLSPN"
"8.SNRPD1",0,1.73768574646623,0.673,0.235,0,"8","SNRPD1"
"8.PCNA",0,2.92863793565086,0.519,0.087,0,"8","PCNA"
"8.CDK1",0,4.96639891715246,0.449,0.019,0,"8","CDK1"
"8.CENPW",0,4.10349955454931,0.465,0.036,0,"8","CENPW"
"8.RAD21",0,1.79929903832971,0.635,0.207,0,"8","RAD21"
"8.IDH2",0,1.87556050666054,0.688,0.261,0,"8","IDH2"
"8.TPX2",0,5.84751270820194,0.435,0.011,0,"8","TPX2"
"8.UBE2T",0,4.33264242837311,0.442,0.019,0,"8","UBE2T"
"8.LSM2",0,1.58535316410775,0.649,0.227,0,"8","LSM2"
"8.ANP32B",0,1.7864000269514,0.827,0.406,0,"8","ANP32B"
"8.ASF1B",0,5.46237939765201,0.433,0.013,0,"8","ASF1B"
"8.MCM7",0,3.67001538958267,0.458,0.04,0,"8","MCM7"
"8.BANF1",0,1.47103927999306,0.692,0.274,0,"8","BANF1"
"8.CCDC167",0,1.87876031293727,0.559,0.142,0,"8","CCDC167"
"8.PGAM1",0,1.72198590310393,0.765,0.348,0,"8","PGAM1"
"8.DNAJC9",0,2.29807590586601,0.508,0.093,0,"8","DNAJC9"
"8.CENPK",0,3.09820953444264,0.452,0.038,0,"8","CENPK"
"8.USP1",0,2.24801794059043,0.517,0.105,0,"8","USP1"
"8.SIVA1",0,1.67668381814248,0.688,0.28,0,"8","SIVA1"
"8.NUCKS1",0,1.66404097956279,0.643,0.236,0,"8","NUCKS1"
"8.PSIP1",0,1.60882503002747,0.592,0.185,0,"8","PSIP1"
"8.SNRPB",0,1.50596720009039,0.727,0.32,0,"8","SNRPB"
"8.DDX39A",0,1.84530536046874,0.563,0.156,0,"8","DDX39A"
"8.CENPU",0,4.89896913083292,0.424,0.018,0,"8","CENPU"
"8.BIRC5",0,5.42838136463453,0.416,0.01,0,"8","BIRC5"
"8.H2AFY",0,1.65861011796056,0.631,0.226,0,"8","H2AFY"
"8.BUB3",0,1.37000234356141,0.662,0.257,0,"8","BUB3"
"8.ASPM",0,6.57787431600801,0.411,0.007,0,"8","ASPM"
"8.KIF22",0,3.1470064278685,0.466,0.063,0,"8","KIF22"
"8.PKM",0,1.68790542299686,0.812,0.41,0,"8","PKM"
"8.DTYMK",0,3.05815665225326,0.464,0.062,0,"8","DTYMK"
"8.ANAPC11",0,1.51772352138857,0.723,0.321,0,"8","ANAPC11"
"8.SMC1A",0,2.06520141628269,0.531,0.13,0,"8","SMC1A"
"8.SMC3",0,1.88730524075507,0.534,0.134,0,"8","SMC3"
"8.FABP5",0,1.26687655643238,0.633,0.235,0,"8","FABP5"
"8.PPM1G",0,1.50881779700168,0.642,0.245,0,"8","PPM1G"
"8.SNRPD3",0,1.3232043888404,0.673,0.276,0,"8","SNRPD3"
"8.DNMT1",0,1.9371760989885,0.552,0.156,0,"8","DNMT1"
"8.HSPB11",0,1.63902375742771,0.576,0.18,0,"8","HSPB11"
"8.TK1",0,4.9669133504016,0.414,0.018,0,"8","TK1"
"8.PHF19",0,3.24534646564012,0.442,0.047,0,"8","PHF19"
"8.PPP1CA",0,1.48444499051605,0.758,0.364,0,"8","PPP1CA"
"8.RALY",0,1.45223883912385,0.726,0.333,0,"8","RALY"
"8.LSM5",0,1.51372170868621,0.615,0.223,0,"8","LSM5"
"8.ATAD2",0,3.4415104501183,0.428,0.037,0,"8","ATAD2"
"8.SKA2",0,2.24652557816643,0.488,0.097,0,"8","SKA2"
"8.MRPL51",0,1.52103854617482,0.639,0.249,0,"8","MRPL51"
"8.EZH2",0,3.15438168565306,0.44,0.051,0,"8","EZH2"
"8.TUBA1B",0,2.54757908244347,0.923,0.534,0,"8","TUBA1B"
"8.PTPN7",0,1.24439178229752,0.586,0.198,0,"8","PTPN7"
"8.LSM3",0,1.51272823423306,0.622,0.236,0,"8","LSM3"
"8.LCK",0,0.925617882395866,0.682,0.297,0,"8","LCK"
"8.KIF20B",0,2.69320681468346,0.449,0.064,0,"8","KIF20B"
"8.STRA13",0,1.83197102344451,0.536,0.151,0,"8","STRA13"
"8.MCM3",0,3.34040755072545,0.43,0.046,0,"8","MCM3"
"8.ARPC5L",0,1.47272058178811,0.603,0.219,0,"8","ARPC5L"
"8.MAD2L2",0,2.14378502893968,0.497,0.114,0,"8","MAD2L2"
"8.COX5A",0,1.51895533283007,0.788,0.405,0,"8","COX5A"
"8.LSM4",0,1.57612193351988,0.595,0.212,0,"8","LSM4"
"8.MAD2L1",0,3.94484708397365,0.406,0.024,0,"8","MAD2L1"
"8.WDR1",0,1.3983720738685,0.657,0.277,0,"8","WDR1"
"8.LMNB1",0,2.37313269347233,0.453,0.073,0,"8","LMNB1"
"8.SRP9",0,1.1644461765023,0.678,0.299,0,"8","SRP9"
"8.APOBEC3G",0,1.22540971589378,0.623,0.244,0,"8","APOBEC3G"
"8.HNRNPA3",0,1.25834711739028,0.769,0.391,0,"8","HNRNPA3"
"8.PSMB8",0,1.22519580574291,0.768,0.39,0,"8","PSMB8"
"8.PA2G4",0,1.33493607635615,0.609,0.231,0,"8","PA2G4"
"8.SNRPG",0,1.22857552445671,0.753,0.376,0,"8","SNRPG"
"8.SSRP1",0,2.09461925987388,0.481,0.104,0,"8","SSRP1"
"8.HNRNPR",0,1.38794102890304,0.603,0.228,0,"8","HNRNPR"
"8.CBX3",0,1.34620559054283,0.603,0.228,0,"8","CBX3"
"8.ENO1",0,1.50411518356841,0.787,0.413,0,"8","ENO1"
"8.ATP5G3",0,1.30809257379745,0.807,0.433,0,"8","ATP5G3"
"8.CCNA2",0,6.41288905946134,0.379,0.006,0,"8","CCNA2"
"8.NUDT21",0,1.56605144999187,0.533,0.16,0,"8","NUDT21"
"8.NDUFA6",0,1.17969763389056,0.671,0.299,0,"8","NDUFA6"
"8.DHFR",0,4.65557010258553,0.391,0.02,0,"8","DHFR"
"8.SNRPC",0,1.4774167397942,0.588,0.218,0,"8","SNRPC"
"8.ERH",0,1.20552809047672,0.717,0.347,0,"8","ERH"
"8.CENPN",0,3.80542768684044,0.396,0.026,0,"8","CENPN"
"8.LINC00152",0,1.09602622368673,0.605,0.236,0,"8","LINC00152"
"8.PSMB9",0,1.44652356749942,0.881,0.512,0,"8","PSMB9"
"8.TALDO1",0,1.18076151674305,0.62,0.251,0,"8","TALDO1"
"8.DUSP4",0,0.868282548730866,0.695,0.327,0,"8","DUSP4"
"8.CDK2AP2",0,1.32467216445319,0.656,0.29,0,"8","CDK2AP2"
"8.UBE2I",0,1.21000029055381,0.685,0.32,0,"8","UBE2I"
"8.MT2A",0,0.921974879447598,0.803,0.438,0,"8","MT2A"
"8.FEN1",0,3.87249651914484,0.391,0.026,0,"8","FEN1"
"8.SSNA1",0,1.38676830354695,0.58,0.216,0,"8","SSNA1"
"8.GNG5",0,1.18403040307876,0.819,0.455,0,"8","GNG5"
"8.PSMB6",0,1.13443307967389,0.68,0.317,0,"8","PSMB6"
"8.PKMYT1",0,6.60262849484739,0.368,0.005,0,"8","PKMYT1"
"8.FKBP1A",0,1.02378790025519,0.738,0.375,0,"8","FKBP1A"
"8.PSMC3",0,1.7086448800591,0.518,0.156,0,"8","PSMC3"
"8.PRDX3",0,1.57713814703574,0.562,0.201,0,"8","PRDX3"
"8.ANXA6",0,1.08863006926513,0.596,0.236,0,"8","ANXA6"
"8.ATP5J2",0,1.08189499494836,0.716,0.356,0,"8","ATP5J2"
"8.SNRPF",0,1.20587504405972,0.603,0.243,0,"8","SNRPF"
"8.SAE1",0,2.37192147150707,0.438,0.078,0,"8","SAE1"
"8.PSMB2",0,1.33244194823017,0.586,0.227,0,"8","PSMB2"
"8.NASP",0,1.25304683549469,0.579,0.22,0,"8","NASP"
"8.SLC9A3R1",0,0.923832553837336,0.633,0.274,0,"8","SLC9A3R1"
"8.PIN1",0,1.45235263044513,0.553,0.196,0,"8","PIN1"
"8.SRSF10",0,1.16317847504067,0.614,0.258,0,"8","SRSF10"
"8.PDCD5",0,1.46646603897341,0.55,0.195,0,"8","PDCD5"
"8.TRAPPC1",0,0.974707125153707,0.713,0.358,0,"8","TRAPPC1"
"8.COX8A",0,1.38646161082281,0.827,0.473,0,"8","COX8A"
"8.H2AFX",0,1.43134254159413,0.582,0.229,0,"8","H2AFX"
"8.YWHAH",0,0.996781209307868,0.561,0.209,0,"8","YWHAH"
"8.PARK7",0,1.2578859037456,0.804,0.452,0,"8","PARK7"
"8.BATF",0,0.928321008606132,0.55,0.2,0,"8","BATF"
"8.PARP1",0,1.36972661643048,0.576,0.226,0,"8","PARP1"
"8.PSMB3",0,1.12726741247334,0.675,0.326,0,"8","PSMB3"
"8.LAT",0,0.882958456082258,0.584,0.235,0,"8","LAT"
"8.MCM5",0,2.9178358959308,0.422,0.073,0,"8","MCM5"
"8.RBX1",0,1.12167990504137,0.699,0.35,0,"8","RBX1"
"8.ATP5J",0,1.2256079113129,0.745,0.396,0,"8","ATP5J"
"8.SNRNP25",0,2.49070911834681,0.432,0.084,0,"8","SNRNP25"
"8.ILF2",0,1.22300156829777,0.578,0.232,0,"8","ILF2"
"8.CXCR3",0,1.22681562057844,0.502,0.156,0,"8","CXCR3"
"8.RNPS1",0,1.16498051515151,0.626,0.28,0,"8","RNPS1"
"8.ARPC5",0,1.02682706686217,0.717,0.372,0,"8","ARPC5"
"8.HNRNPF",0,1.141521764842,0.729,0.384,0,"8","HNRNPF"
"8.MEA1",0,1.37190806732379,0.532,0.188,0,"8","MEA1"
"8.SLBP",0,1.32814783450017,0.568,0.224,0,"8","SLBP"
"8.PDIA6",0,1.21290050533371,0.679,0.336,0,"8","PDIA6"
"8.HP1BP3",0,1.25202081628091,0.594,0.251,0,"8","HP1BP3"
"8.DCTN3",0,1.45386585901745,0.555,0.213,0,"8","DCTN3"
"8.ANXA5",0,1.03536516897794,0.66,0.318,0,"8","ANXA5"
"8.RBM17",0,1.25439430857107,0.578,0.236,0,"8","RBM17"
"8.APOBEC3C",0,1.36075968471573,0.497,0.155,0,"8","APOBEC3C"
"8.HMGN1",0,1.2957821921969,0.828,0.486,0,"8","HMGN1"
"8.GINS2",0,5.0171494324364,0.352,0.011,0,"8","GINS2"
"8.TPM4",0,1.06724238586278,0.664,0.324,0,"8","TPM4"
"8.MIR4435-2HG",0,1.43773705519058,0.469,0.129,0,"8","MIR4435-2HG"
"8.KIFC1",0,6.03967364288902,0.347,0.007,0,"8","KIFC1"
"8.YWHAQ",0,0.964113305144054,0.709,0.37,0,"8","YWHAQ"
"8.VDAC3",0,1.52228979767549,0.504,0.165,0,"8","VDAC3"
"8.HIST1H1E",0,3.81553516238672,0.403,0.065,0,"8","HIST1H1E"
"8.THRAP3",0,1.13721780547955,0.588,0.25,0,"8","THRAP3"
"8.PSMA5",0,1.08771837112311,0.582,0.245,0,"8","PSMA5"
"8.H2AFZ",0,1.6953440534488,0.936,0.6,0,"8","H2AFZ"
"8.CKS2",0,0.927793979864489,0.638,0.302,0,"8","CKS2"
"8.CDT1",0,5.81419407209821,0.342,0.007,0,"8","CDT1"
"8.TAF15",0,1.41339044577279,0.485,0.151,0,"8","TAF15"
"8.HN1",0,1.1896084704492,0.694,0.36,0,"8","HN1"
"8.SNRPE",0,1.44301697734745,0.528,0.195,0,"8","SNRPE"
"8.TAP1",0,1.05818554866772,0.645,0.312,0,"8","TAP1"
"8.PLP2",0,1.03001151265351,0.72,0.387,0,"8","PLP2"
"8.NDUFB3",0,1.32759335632024,0.548,0.216,0,"8","NDUFB3"
"8.LSP1",0,1.07532860352281,0.809,0.477,0,"8","LSP1"
"8.NDUFS6",0,1.11857203026165,0.605,0.273,0,"8","NDUFS6"
"8.PSME2",0,1.10460110253296,0.825,0.493,0,"8","PSME2"
"8.PSMD8",0,1.12353939196822,0.637,0.306,0,"8","PSMD8"
"8.EWSR1",0,0.992119030900195,0.622,0.291,0,"8","EWSR1"
"8.NDUFS8",0,1.04260795070121,0.6,0.269,0,"8","NDUFS8"
"8.VDAC1",0,1.06149101639176,0.613,0.283,0,"8","VDAC1"
"8.SET",0,1.14028957827436,0.624,0.294,0,"8","SET"
"8.SNRPA",0,1.57315725025342,0.467,0.137,0,"8","SNRPA"
"8.XRCC5",0,1.15085544053761,0.596,0.266,0,"8","XRCC5"
"8.SLC25A5",0,1.11229268539954,0.825,0.495,0,"8","SLC25A5"
"8.UQCRQ",0,0.890625597078054,0.676,0.347,0,"8","UQCRQ"
"8.SHFM1",0,0.932406036343706,0.685,0.356,0,"8","SHFM1"
"8.CDCA8",0,5.77872779904788,0.336,0.007,0,"8","CDCA8"
"8.NDUFA12",0,1.09128286454206,0.586,0.257,0,"8","NDUFA12"
"8.ATPIF1",0,1.02662766095198,0.683,0.355,0,"8","ATPIF1"
"8.BAZ1B",0,1.59988153138991,0.454,0.126,0,"8","BAZ1B"
"8.NUTF2",0,1.22518619479766,0.527,0.2,0,"8","NUTF2"
"8.CEP57",0,1.49374415119185,0.454,0.129,0,"8","CEP57"
"8.RNASEH2A",0,2.95250753021971,0.372,0.047,0,"8","RNASEH2A"
"8.SF3A2",0,1.27872804348666,0.485,0.16,0,"8","SF3A2"
"8.RAD51AP1",0,4.45136694264892,0.344,0.02,0,"8","RAD51AP1"
"8.AP2S1",0,0.721125284636524,0.594,0.27,0,"8","AP2S1"
"8.NAP1L4",0,0.983124124785181,0.506,0.183,0,"8","NAP1L4"
"8.SF3B2",0,0.990890896686438,0.62,0.297,0,"8","SF3B2"
"8.CCNB2",0,5.69499601472221,0.332,0.009,0,"8","CCNB2"
"8.ITGB1BP1",0,1.4272009035391,0.483,0.16,0,"8","ITGB1BP1"
"8.CDCA5",0,6.25939894283843,0.327,0.005,0,"8","CDCA5"
"8.EIF5A",0,1.19000926190005,0.696,0.375,0,"8","EIF5A"
"8.SEPT1",0,0.791298518549635,0.541,0.221,0,"8","SEPT1"
"8.NONO",0,1.17956057123175,0.513,0.193,0,"8","NONO"
"8.GTSE1",0,6.45762140839831,0.325,0.005,0,"8","GTSE1"
"8.TPI1",0,1.43197506678431,0.881,0.561,0,"8","TPI1"
"8.PSMA7",0,1.04243551191457,0.848,0.529,0,"8","PSMA7"
"8.IFI16",0,0.780956269894427,0.672,0.354,0,"8","IFI16"
"8.SRSF4",0,1.08532064158808,0.519,0.201,0,"8","SRSF4"
"8.FDPS",0,1.50411300126423,0.452,0.134,0,"8","FDPS"
"8.TOMM5",0,1.18493193716268,0.506,0.188,0,"8","TOMM5"
"8.MZT1",0,1.57240907617463,0.43,0.112,0,"8","MZT1"
"8.HMGB3",0,3.78970129120863,0.347,0.029,0,"8","HMGB3"
"8.PPP4C",0,1.08564545030923,0.555,0.238,0,"8","PPP4C"
"8.SKAP1",0,0.650404567698876,0.529,0.212,0,"8","SKAP1"
"8.COX17",0,1.07798278396486,0.572,0.255,0,"8","COX17"
"8.NHP2",0,1.20197894205334,0.537,0.221,0,"8","NHP2"
"8.FIBP",0,1.36016991693713,0.489,0.173,0,"8","FIBP"
"8.PRDX2",0,1.16711797009232,0.57,0.254,0,"8","PRDX2"
"8.RAC2",0,1.11208986648193,0.862,0.546,0,"8","RAC2"
"8.NDUFA2",0,0.86242679753921,0.615,0.3,0,"8","NDUFA2"
"8.GNB2",0,0.900843562466131,0.618,0.303,0,"8","GNB2"
"8.RRM1",0,2.50678568476355,0.369,0.054,0,"8","RRM1"
"8.ATP5C1",0,0.983443525129221,0.618,0.303,0,"8","ATP5C1"
"8.ITGAE",0,1.21077796660208,0.456,0.142,0,"8","ITGAE"
"8.ARF5",0,0.798697347479819,0.624,0.31,0,"8","ARF5"
"8.POMP",0,0.799637304046012,0.734,0.42,0,"8","POMP"
"8.MZT2A",0,1.31263689307605,0.478,0.164,0,"8","MZT2A"
"8.UQCC2",0,1.61561003294372,0.454,0.141,0,"8","UQCC2"
"8.PPIH",0,1.47612100989857,0.421,0.108,0,"8","PPIH"
"8.CMC2",0,0.921679454380101,0.534,0.222,0,"8","CMC2"
"8.TIGIT",0,0.714363546527373,0.492,0.18,0,"8","TIGIT"
"8.CENPE",0,4.72377217960038,0.326,0.014,0,"8","CENPE"
"8.SEPT7",0,0.74750192715414,0.726,0.414,0,"8","SEPT7"
"8.PDAP1",0,1.17379917837344,0.5,0.188,0,"8","PDAP1"
"8.NDUFB2",0,0.907102938420471,0.721,0.409,0,"8","NDUFB2"
"8.HELLS",0,3.36480394217092,0.338,0.026,0,"8","HELLS"
"8.RAD23A",0,1.02976469523555,0.597,0.285,0,"8","RAD23A"
"8.UQCR10",0,0.772382938576587,0.741,0.429,0,"8","UQCR10"
"8.TPR",0,0.958849554091375,0.568,0.256,0,"8","TPR"
"8.RAB27A",0,1.16819628028946,0.452,0.141,0,"8","RAB27A"
"8.ATP5F1",0,0.878014923974355,0.612,0.301,0,"8","ATP5F1"
"8.CLTA",0,0.741772084880579,0.616,0.305,0,"8","CLTA"
"8.TXN",0,0.746282191336256,0.729,0.418,0,"8","TXN"
"8.UBE2N",0,0.764073794718777,0.593,0.282,0,"8","UBE2N"
"8.UBE2L3",0,0.901148723940561,0.609,0.298,0,"8","UBE2L3"
"8.PRELID1",0,1.0276237571186,0.699,0.388,0,"8","PRELID1"
"8.MPC2",0,0.980794858496797,0.55,0.24,0,"8","MPC2"
"8.GTF3C6",0,1.06156712808006,0.532,0.222,0,"8","GTF3C6"
"8.ILF3",0,1.17162887242575,0.517,0.207,0,"8","ILF3"
"8.CBX5",0,2.01958734357429,0.383,0.073,0,"8","CBX5"
"8.SERBP1",0,0.956927689380482,0.708,0.398,0,"8","SERBP1"
"8.MDH1",0,1.19210345014168,0.515,0.206,0,"8","MDH1"
"8.PSMA3",0,1.03961090138148,0.529,0.22,0,"8","PSMA3"
"8.CKAP2L",0,6.37605928842963,0.313,0.004,0,"8","CKAP2L"
"8.COTL1",0,1.20354963432656,0.851,0.542,0,"8","COTL1"
"8.PSMA4",0,1.27540074893879,0.529,0.221,0,"8","PSMA4"
"8.RNF167",0,1.06708647722527,0.517,0.209,0,"8","RNF167"
"8.CDCA7",0,3.99615755268843,0.323,0.015,0,"8","CDCA7"
"8.CAP1",0,0.879034785742948,0.689,0.381,0,"8","CAP1"
"8.DBI",0,0.727825095373571,0.746,0.439,0,"8","DBI"
"8.RBBP7",0,1.61036930639729,0.431,0.124,0,"8","RBBP7"
"8.NDUFB10",0,0.917910111366987,0.622,0.315,0,"8","NDUFB10"
"8.TSTD1",0,0.752234373760772,0.567,0.26,0,"8","TSTD1"
"8.RNASEH2B",0,1.25929944643104,0.471,0.164,0,"8","RNASEH2B"
"8.PSMB10",0,0.978418904800628,0.584,0.277,0,"8","PSMB10"
"8.COX6A1",0,0.845595095361653,0.795,0.489,0,"8","COX6A1"
"8.POLR2E",0,1.05330145661177,0.546,0.24,0,"8","POLR2E"
"8.LSM6",0,1.05639826649283,0.499,0.193,0,"8","LSM6"
"8.TMUB1",0,1.11446939576239,0.483,0.177,0,"8","TMUB1"
"8.ZDHHC12",0,1.8017111368191,0.428,0.122,0,"8","ZDHHC12"
"8.UBE2L6",0,0.915891525547687,0.637,0.331,0,"8","UBE2L6"
"8.LCP1",0,0.791674067661561,0.715,0.409,0,"8","LCP1"
"8.ITM2A",0,1.00560663977961,0.562,0.257,0,"8","ITM2A"
"8.SNRPA1",0,1.3336122233051,0.44,0.135,0,"8","SNRPA1"
"8.PSMB1",0,0.862139189511066,0.689,0.384,0,"8","PSMB1"
"8.C14orf166",0,0.794999058750407,0.656,0.352,0,"8","C14orf166"
"8.NABP2",0,2.22699090809357,0.374,0.07,0,"8","NABP2"
"8.TPM3",0,0.931376703970888,0.843,0.539,0,"8","TPM3"
"8.STOML2",0,1.48453814781822,0.458,0.155,0,"8","STOML2"
"8.SEPT6",0,0.654733855370056,0.652,0.35,0,"8","SEPT6"
"8.RAN",0,1.37156666407562,0.87,0.568,0,"8","RAN"
"8.NDUFV2",0,0.82722142321118,0.679,0.377,0,"8","NDUFV2"
"8.C20orf24",0,1.01705082804505,0.542,0.241,0,"8","C20orf24"
"8.NAA38",0,1.26284093125565,0.489,0.188,0,"8","NAA38"
"8.AURKB",0,6.25405616845826,0.306,0.005,0,"8","AURKB"
"8.XRCC6",0,0.969308261616102,0.587,0.286,0,"8","XRCC6"
"8.GMNN",0,2.85142458862289,0.34,0.04,0,"8","GMNN"
"8.MRPL57",0,1.05295201804885,0.555,0.255,0,"8","MRPL57"
"8.AURKAIP1",0,1.00087747610894,0.591,0.291,0,"8","AURKAIP1"
"8.PHB2",0,0.894227090816014,0.584,0.284,0,"8","PHB2"
"8.BARD1",0,2.61383813036119,0.341,0.042,0,"8","BARD1"
"8.CAPZB",0,0.744174356122747,0.74,0.441,0,"8","CAPZB"
"8.SRSF3",0,0.758910030240307,0.759,0.46,0,"8","SRSF3"
"8.ARHGDIA",0,0.89724809720051,0.635,0.336,0,"8","ARHGDIA"
"8.LY6E",0,1.20260373081026,0.799,0.501,0,"8","LY6E"
"8.TBCB",0,0.896394470861625,0.556,0.258,0,"8","TBCB"
"8.SIT1",0,1.23965890286223,0.43,0.132,0,"8","SIT1"
"8.SYNE2",0,0.616216442084558,0.501,0.203,0,"8","SYNE2"
"8.NDUFAB1",0,1.05637090909505,0.551,0.254,0,"8","NDUFAB1"
"8.CDC20",0,5.93431323360718,0.305,0.008,0,"8","CDC20"
"8.HIST1H1D",0,2.84066182578983,0.354,0.057,0,"8","HIST1H1D"
"8.HINT2",0,1.4877286522451,0.433,0.136,0,"8","HINT2"
"8.POLR2G",0,1.09089867306907,0.476,0.179,0,"8","POLR2G"
"8.UHRF1",0,5.99697275161661,0.304,0.007,0,"8","UHRF1"
"8.CORO1A",0,1.328813177415,0.856,0.559,0,"8","CORO1A"
"8.SH2D1A",0,0.758503586959118,0.442,0.146,0,"8","SH2D1A"
"8.KPNB1",0,0.994481751301997,0.511,0.215,0,"8","KPNB1"
"8.MTHFD2",0,0.928159957488338,0.532,0.237,0,"8","MTHFD2"
"8.IL2RG",0,0.666094463321571,0.772,0.477,0,"8","IL2RG"
"8.FAM96A",0,0.952687693456099,0.539,0.244,0,"8","FAM96A"
"8.PSMG2",0,0.975060395479144,0.508,0.213,0,"8","PSMG2"
"8.UBE2D2",0,0.86035672981789,0.744,0.449,0,"8","UBE2D2"
"8.RPL39L",0,2.5527599969547,0.338,0.044,0,"8","RPL39L"
"8.CXCL13",0,1.94545809116183,0.386,0.092,0,"8","CXCL13"
"8.MIS18BP1",0,1.34031388975267,0.447,0.153,0,"8","MIS18BP1"
"8.TCEB2",0,0.663996080181499,0.769,0.475,0,"8","TCEB2"
"8.HIRIP3",0,2.98826830099292,0.33,0.036,0,"8","HIRIP3"
"8.TPGS2",0,1.66871193364129,0.389,0.095,0,"8","TPGS2"
"8.HIST1H1B",0,6.36120663564283,0.301,0.007,0,"8","HIST1H1B"
"8.CYC1",0,1.15121449545409,0.487,0.193,0,"8","CYC1"
"8.ATP5A1",0,0.850547133078927,0.609,0.315,0,"8","ATP5A1"
"8.LSM7",0,0.816534693560968,0.603,0.309,0,"8","LSM7"
"8.DNPH1",0,1.16099490018582,0.538,0.245,0,"8","DNPH1"
"8.PSMD7",0,1.05470108122846,0.503,0.21,0,"8","PSMD7"
"8.ACTN4",0,1.19576513384756,0.458,0.165,0,"8","ACTN4"
"8.BOLA3",0,1.5514783416255,0.407,0.114,0,"8","BOLA3"
"8.NCAPH",0,4.53329972056755,0.304,0.011,0,"8","NCAPH"
"8.HNRNPAB",0,1.24152598513515,0.471,0.178,0,"8","HNRNPAB"
"8.RPS27L",0,0.675650341163577,0.702,0.409,0,"8","RPS27L"
"8.MRPS34",0,1.22769773796343,0.494,0.201,0,"8","MRPS34"
"8.ARL6IP4",0,0.769835322163424,0.698,0.405,0,"8","ARL6IP4"
"8.WDR83OS",0,0.61584625710059,0.688,0.395,0,"8","WDR83OS"
"8.KIF2A",0,1.01742673432127,0.442,0.15,0,"8","KIF2A"
"8.COX6C",0,0.774748117330673,0.809,0.517,0,"8","COX6C"
"8.AIP",0,0.98470827056348,0.498,0.206,0,"8","AIP"
"8.CNN2",0,0.845671337689315,0.652,0.36,0,"8","CNN2"
"8.LBR",0,1.40273715993898,0.412,0.12,0,"8","LBR"
"8.CCT5",0,1.19247706502937,0.47,0.178,0,"8","CCT5"
"8.TCF19",0,4.25750804466541,0.308,0.016,0,"8","TCF19"
"8.RAB1B",0,1.0302156030393,0.484,0.192,0,"8","RAB1B"
"8.KIAA0101",0,5.56192962593754,0.302,0.01,0,"8","KIAA0101"
"8.KHDRBS1",0,0.962987120677166,0.522,0.231,0,"8","KHDRBS1"
"8.RBBP4",0,1.41401918159732,0.456,0.165,0,"8","RBBP4"
"8.FAM111A",0,1.82105230598744,0.39,0.099,0,"8","FAM111A"
"8.MRPL11",0,1.36765361347337,0.439,0.148,0,"8","MRPL11"
"8.SF3B5",0,0.724140523229746,0.625,0.334,0,"8","SF3B5"
"8.C14orf2",0,0.726344049701219,0.624,0.333,0,"8","C14orf2"
"8.NDC80",0,3.38423746322573,0.311,0.02,0,"8","NDC80"
"8.ENSA",0,0.728519155598936,0.566,0.275,0,"8","ENSA"
"8.ABRACL",0,0.688147703604347,0.688,0.397,0,"8","ABRACL"
"8.TMEM258",0,0.822133260544863,0.693,0.402,0,"8","TMEM258"
"8.PSMC5",0,0.911567664223549,0.517,0.227,0,"8","PSMC5"
"8.ADRM1",0,1.03550171959932,0.533,0.243,0,"8","ADRM1"
"8.MCM4",0,4.14913587127172,0.308,0.018,0,"8","MCM4"
"8.NAP1L1",0,0.794583954978799,0.698,0.408,0,"8","NAP1L1"
"8.PSMA6",0,1.18535608798319,0.483,0.193,0,"8","PSMA6"
"8.EID1",0,0.851904528707511,0.595,0.305,0,"8","EID1"
"8.CACYBP",0,0.512149973251063,0.657,0.368,0,"8","CACYBP"
"8.MCM6",0,2.71480010655598,0.328,0.039,0,"8","MCM6"
"8.NDUFB6",0,1.00286261408595,0.495,0.206,0,"8","NDUFB6"
"8.CDK4",0,1.96042616368952,0.395,0.106,0,"8","CDK4"
"8.ANP32A",0,0.955386630145512,0.513,0.224,0,"8","ANP32A"
"8.DLGAP5",0,7.29018478370436,0.292,0.003,0,"8","DLGAP5"
"8.FAM96B",0,0.770985263683356,0.613,0.324,0,"8","FAM96B"
"8.DNAJC8",0,0.822292750607775,0.527,0.239,0,"8","DNAJC8"
"8.GTF2A2",0,0.88951141804483,0.536,0.248,0,"8","GTF2A2"
"8.HSD17B10",0,1.40574718173354,0.427,0.139,0,"8","HSD17B10"
"8.PPA1",0,0.879302383471492,0.551,0.264,0,"8","PPA1"
"8.CDCA4",0,2.57071958473502,0.324,0.037,0,"8","CDCA4"
"8.TXNDC17",0,0.986077568865813,0.496,0.209,0,"8","TXNDC17"
"8.HMGA1",0,1.42824758001183,0.507,0.221,0,"8","HMGA1"
"8.CCDC85B",0,0.728396785317916,0.59,0.304,0,"8","CCDC85B"
"8.SNRNP70",0,1.07593950058419,0.472,0.186,0,"8","SNRNP70"
"8.MRPS6",0,0.593195841160459,0.567,0.281,0,"8","MRPS6"
"8.DDX46",0,0.828002600829496,0.514,0.229,0,"8","DDX46"
"8.SAC3D1",0,3.49891455083056,0.315,0.03,0,"8","SAC3D1"
"8.NDUFV1",0,0.889430504647989,0.5,0.215,0,"8","NDUFV1"
"8.CLEC2D",0,0.572136360037229,0.537,0.252,0,"8","CLEC2D"
"8.POLR2K",0,0.70648628940221,0.579,0.294,0,"8","POLR2K"
"8.NUDT5",0,1.26826085744017,0.422,0.137,0,"8","NUDT5"
"8.MAGOH",0,0.691116035058593,0.525,0.241,0,"8","MAGOH"
"8.PRPF40A",0,0.782903878739454,0.534,0.25,0,"8","PRPF40A"
"8.NDUFAF3",0,0.87028474638664,0.543,0.259,0,"8","NDUFAF3"
"8.C16orf13",0,0.83617627160265,0.516,0.232,0,"8","C16orf13"
"8.BRK1",0,0.643379935368671,0.721,0.437,0,"8","BRK1"
"8.ITGB3BP",0,2.44236210123299,0.321,0.038,0,"8","ITGB3BP"
"8.SRI",0,0.835818525706754,0.533,0.25,0,"8","SRI"
"8.CDKN2A",0,2.39215901432286,0.332,0.049,0,"8","CDKN2A"
"8.UCP2",0,0.724176611707123,0.668,0.385,0,"8","UCP2"
"8.CCT2",0,0.960797344360895,0.494,0.211,0,"8","CCT2"
"8.ACAT2",0,1.89839548259245,0.352,0.069,0,"8","ACAT2"
"8.HPRT1",0,1.37718532290436,0.413,0.13,0,"8","HPRT1"
"8.ACTR3",0,0.73019574489047,0.679,0.397,0,"8","ACTR3"
"8.CCT6A",0,1.05824704766047,0.505,0.223,0,"8","CCT6A"
"8.EIF4H",0,0.880103355401212,0.516,0.234,0,"8","EIF4H"
"8.SHMT2",0,1.72288682514415,0.389,0.107,0,"8","SHMT2"
"8.NDUFB9",0,0.679765007799455,0.609,0.327,0,"8","NDUFB9"
"8.NUCB2",0,1.38297318112547,0.452,0.171,0,"8","NUCB2"
"8.MRPS16",0,1.26391447648705,0.433,0.152,0,"8","MRPS16"
"8.ARPC1B",0,0.737306087127841,0.666,0.386,0,"8","ARPC1B"
"8.C9orf16",0,0.674998541495435,0.67,0.39,0,"8","C9orf16"
"8.LDHB",0,0.729946351730699,0.784,0.504,0,"8","LDHB"
"8.BAX",0,0.819828803017641,0.544,0.264,0,"8","BAX"
"8.ATP5B",0,0.904690246357911,0.66,0.381,0,"8","ATP5B"
"8.NDUFB7",0,0.872801217371497,0.557,0.278,0,"8","NDUFB7"
"8.UQCRFS1",0,0.738452641889263,0.551,0.272,0,"8","UQCRFS1"
"8.TXN2",0,1.0917143435668,0.462,0.183,0,"8","TXN2"
"8.CCT8",0,0.873606483068273,0.511,0.232,0,"8","CCT8"
"8.RFC4",0,3.08953839966959,0.308,0.029,0,"8","RFC4"
"8.POLR3K",0,1.83507086603594,0.359,0.08,0,"8","POLR3K"
"8.P4HB",0,0.669493379312672,0.612,0.333,0,"8","P4HB"
"8.ATP5D",0,0.797333256975749,0.745,0.466,0,"8","ATP5D"
"8.MRPL13",0,1.39936113723854,0.393,0.115,0,"8","MRPL13"
"8.ATP5G1",0,1.1145438552135,0.53,0.252,0,"8","ATP5G1"
"8.NDUFB11",0,0.746612551976333,0.7,0.422,0,"8","NDUFB11"
"8.ACOT7",0,2.74642768634067,0.317,0.04,0,"8","ACOT7"
"8.MZT2B",0,1.10770985393109,0.466,0.189,0,"8","MZT2B"
"8.UBXN4",0,0.61378634196777,0.624,0.347,0,"8","UBXN4"
"8.ILK",0,1.09905824415728,0.447,0.17,0,"8","ILK"
"8.EXOSC8",0,1.72255089997112,0.37,0.093,0,"8","EXOSC8"
"8.HNRNPM",0,0.891246509439075,0.517,0.24,0,"8","HNRNPM"
"8.MAP4K1",0,1.42765542295807,0.366,0.089,0,"8","MAP4K1"
"8.TMEM160",0,1.00100498258903,0.493,0.216,0,"8","TMEM160"
"8.NUF2",0,5.27006346130468,0.285,0.008,0,"8","NUF2"
"8.USMG5",0,0.585385605649466,0.685,0.409,0,"8","USMG5"
"8.PRKDC",0,1.44511351114565,0.401,0.125,0,"8","PRKDC"
"8.PAFAH1B3",0,1.7168099869711,0.355,0.079,0,"8","PAFAH1B3"
"8.MYH9",0,0.77370313838037,0.578,0.302,0,"8","MYH9"
"8.MND1",0,6.54008382496651,0.279,0.004,0,"8","MND1"
"8.UFD1L",0,1.17715914884066,0.437,0.162,0,"8","UFD1L"
"8.SF3B6",0,0.596610243932111,0.605,0.33,0,"8","SF3B6"
"8.YEATS4",0,2.27266999758737,0.326,0.052,0,"8","YEATS4"
"8.HMGN3",0,0.934705793412401,0.577,0.303,0,"8","HMGN3"
"8.TCEA1",0,0.786512141646714,0.571,0.297,0,"8","TCEA1"
"8.CCDC34",0,3.8460983188714,0.292,0.018,0,"8","CCDC34"
"8.MT-ND6",0,1.10697244190571,0.566,0.292,0,"8","MT-ND6"
"8.SRRM1",0,0.551722965056164,0.662,0.389,0,"8","SRRM1"
"8.MRPL37",0,1.9049916681668,0.365,0.092,0,"8","MRPL37"
"8.GYPC",0,0.538091709312575,0.66,0.387,0,"8","GYPC"
"8.AP2M1",0,0.734520136165905,0.553,0.28,0,"8","AP2M1"
"8.WHSC1",0,2.84536951823141,0.307,0.034,0,"8","WHSC1"
"8.YWHAB",0,0.637011234862092,0.807,0.534,0,"8","YWHAB"
"8.COX6B1",0,0.628937455606982,0.795,0.522,0,"8","COX6B1"
"8.ORC6",0,4.20969249883942,0.287,0.014,0,"8","ORC6"
"8.HDAC1",0,1.09779301699488,0.399,0.127,0,"8","HDAC1"
"8.DGUOK",0,0.801223748333773,0.498,0.226,0,"8","DGUOK"
"8.SPC25",0,6.61139743969479,0.275,0.003,0,"8","SPC25"
"8.NDUFB4",0,0.587154120506832,0.627,0.355,0,"8","NDUFB4"
"8.TMEM14A",0,1.29211005875871,0.371,0.099,0,"8","TMEM14A"
"8.DBF4",0,1.32821252622466,0.368,0.096,0,"8","DBF4"
"8.RHEB",0,0.943233800560554,0.538,0.266,0,"8","RHEB"
"8.RNASEH2C",0,1.12264808343382,0.433,0.161,0,"8","RNASEH2C"
"8.RAD51C",0,1.89177054432831,0.337,0.065,0,"8","RAD51C"
"8.DCXR",0,0.783545837820473,0.522,0.25,0,"8","DCXR"
"8.COX5B",0,0.562786954773617,0.713,0.441,0,"8","COX5B"
"8.VPS29",0,0.75499078795109,0.553,0.282,0,"8","VPS29"
"8.IAH1",0,0.985210384444896,0.441,0.17,0,"8","IAH1"
"8.SUMO1",0,0.666830774463376,0.616,0.345,0,"8","SUMO1"
"8.SGOL1",0,5.13896344275201,0.279,0.008,0,"8","SGOL1"
"8.UQCRC1",0,1.04339312567773,0.462,0.191,0,"8","UQCRC1"
"8.C11orf31",0,0.724688948880753,0.66,0.389,0,"8","C11orf31"
"8.KPNA2",0,1.55836348148122,0.436,0.165,0,"8","KPNA2"
"8.LIG1",0,2.93020190248523,0.306,0.035,0,"8","LIG1"
"8.MRPL52",0,0.998259942176735,0.472,0.201,0,"8","MRPL52"
"8.YWHAE",0,0.779012839053633,0.561,0.291,0,"8","YWHAE"
"8.HNRNPD",0,1.22251686859724,0.416,0.146,0,"8","HNRNPD"
"8.TBC1D10C",0,0.512466121996566,0.496,0.226,0,"8","TBC1D10C"
"8.PPP1CC",0,0.7025281784055,0.532,0.262,0,"8","PPP1CC"
"8.BTG3",0,0.714165046651751,0.479,0.209,0,"8","BTG3"
"8.HNRNPU",0,0.543408183263645,0.602,0.332,0,"8","HNRNPU"
"8.WDR34",0,3.6186268114447,0.289,0.019,0,"8","WDR34"
"8.COX7A2",0,0.752097599550635,0.823,0.553,0,"8","COX7A2"
"8.TCEB1",0,0.723498056780929,0.561,0.292,0,"8","TCEB1"
"8.ACP1",0,0.818062206761371,0.48,0.211,0,"8","ACP1"
"8.TADA3",0,1.19962192209103,0.416,0.147,0,"8","TADA3"
"8.SH3KBP1",0,0.591011728056127,0.522,0.253,0,"8","SH3KBP1"
"8.RHOF",0,0.606433675770451,0.46,0.191,0,"8","RHOF"
"8.FANCI",0,4.65247696363241,0.28,0.011,0,"8","FANCI"
"8.HNRNPUL1",0,0.787474153978662,0.506,0.237,0,"8","HNRNPUL1"
"8.NOP10",0,0.571988902669773,0.608,0.339,0,"8","NOP10"
"8.FKBP8",0,0.807874288102194,0.572,0.303,0,"8","FKBP8"
"8.SSBP1",0,0.668706275669864,0.557,0.289,0,"8","SSBP1"
"8.HMMR",0,5.3476862070676,0.276,0.008,0,"8","HMMR"
"8.MRPL41",0,0.761568303670028,0.54,0.272,0,"8","MRPL41"
"8.CD82",0,0.780665964554965,0.498,0.23,0,"8","CD82"
"8.CKAP2",0,2.02066428836146,0.332,0.064,0,"8","CKAP2"
"8.CYB5B",0,0.847648244766061,0.413,0.145,0,"8","CYB5B"
"8.EIF2S2",0,0.975303264378564,0.486,0.218,0,"8","EIF2S2"
"8.PHF5A",0,0.993417483861836,0.418,0.15,0,"8","PHF5A"
"8.PRDX6",0,0.602412376935327,0.589,0.321,0,"8","PRDX6"
"8.LRRFIP1",0,0.587188797972339,0.698,0.43,0,"8","LRRFIP1"
"8.C9orf142",0,0.543118743953166,0.573,0.305,0,"8","C9orf142"
"8.ANXA11",0,0.716691307700427,0.601,0.333,0,"8","ANXA11"
"8.COX7B",0,0.515637511899178,0.689,0.422,0,"8","COX7B"
"8.SLTM",0,0.588784211459159,0.503,0.237,0,"8","SLTM"
"8.MRPL27",0,1.24505993564448,0.401,0.135,0,"8","MRPL27"
"8.ROMO1",0,0.751906156523444,0.511,0.245,0,"8","ROMO1"
"8.LDHA",0,0.743120854467858,0.82,0.554,0,"8","LDHA"
"8.CTLA4",0,0.878830382501453,0.379,0.114,0,"8","CTLA4"
"8.CCND3",0,0.523470577740097,0.529,0.264,0,"8","CCND3"
"8.MDH2",0,0.803521175007523,0.539,0.274,0,"8","MDH2"
"8.PSMB7",0,0.907074206377443,0.451,0.186,0,"8","PSMB7"
"8.ANAPC15",0,1.41247369877993,0.364,0.099,0,"8","ANAPC15"
"8.TUBA1C",0,1.14233291347678,0.449,0.184,0,"8","TUBA1C"
"8.HIST1H1C",0,2.08862978859312,0.362,0.098,0,"8","HIST1H1C"
"8.CASC5",0,4.90681185750373,0.273,0.009,0,"8","CASC5"
"8.MT1E",0,0.957136267178603,0.35,0.086,0,"8","MT1E"
"8.SIRPG",0,1.23405129077886,0.361,0.097,0,"8","SIRPG"
"8.FLNA",0,0.833051838024052,0.487,0.224,0,"8","FLNA"
"8.ZNF706",0,0.782516289464214,0.612,0.349,0,"8","ZNF706"
"8.PRC1",0,4.04569295353207,0.277,0.014,0,"8","PRC1"
"8.PLK1",0,6.68570155516858,0.268,0.005,0,"8","PLK1"
"8.IKZF3",0,0.918554477848175,0.39,0.127,0,"8","IKZF3"
"8.OLA1",0,0.939403624255172,0.435,0.173,0,"8","OLA1"
"8.NOP58",0,0.6898462170021,0.488,0.226,0,"8","NOP58"
"8.CNTRL",0,1.17849001438386,0.39,0.128,0,"8","CNTRL"
"8.RBCK1",0,0.719303521330382,0.494,0.232,0,"8","RBCK1"
"8.DCPS",0,1.73312360070167,0.346,0.084,0,"8","DCPS"
"8.DYNLRB1",0,0.535233691295828,0.583,0.321,0,"8","DYNLRB1"
"8.C19orf53",0,0.574514959219544,0.673,0.412,0,"8","C19orf53"
"8.SNRNP40",0,1.13359097873341,0.374,0.113,0,"8","SNRNP40"
"8.MEAF6",0,0.525217689035846,0.491,0.23,0,"8","MEAF6"
"8.PFDN2",0,0.750171331434321,0.503,0.242,0,"8","PFDN2"
"8.CCT7",0,0.992740245086911,0.456,0.195,0,"8","CCT7"
"8.MRPL54",0,0.614655047712479,0.492,0.231,0,"8","MRPL54"
"8.ATP5H",0,0.58601733480281,0.591,0.33,0,"8","ATP5H"
"8.TUFM",0,0.761548552062141,0.55,0.29,0,"8","TUFM"
"8.SF3B4",0,1.13573355613918,0.398,0.138,0,"8","SF3B4"
"8.GALM",0,1.06851569828404,0.414,0.154,0,"8","GALM"
"8.SMS",0,1.02543258129327,0.44,0.18,0,"8","SMS"
"8.HNRNPK",0,0.611320367606805,0.74,0.48,0,"8","HNRNPK"
"8.OPTN",0,0.654575534365636,0.466,0.206,0,"8","OPTN"
"8.DNAJC1",0,0.718450598073845,0.475,0.215,0,"8","DNAJC1"
"8.HMGB1",0,2.09756322706228,0.963,0.703,0,"8","HMGB1"
"8.HNRNPC",0,0.553414945391878,0.759,0.499,0,"8","HNRNPC"
"8.ELAVL1",0,1.32835179876459,0.401,0.141,0,"8","ELAVL1"
"8.C19orf43",0,0.721745819743235,0.765,0.505,0,"8","C19orf43"
"8.TRNAU1AP",0,1.41712861642056,0.351,0.092,0,"8","TRNAU1AP"
"8.TACC3",0,2.00099061635517,0.323,0.064,0,"8","TACC3"
"8.CENPH",0,3.25611974110366,0.28,0.021,0,"8","CENPH"
"8.POLD2",0,1.96401830416575,0.334,0.075,0,"8","POLD2"
"8.RAB11B",0,0.915983612219253,0.473,0.214,0,"8","RAB11B"
"8.SMARCB1",0,1.09254451153749,0.418,0.159,0,"8","SMARCB1"
"8.GGH",0,3.43813540106819,0.288,0.029,0,"8","GGH"
"8.DRAP1",0,0.696676732548992,0.67,0.412,0,"8","DRAP1"
"8.NCOR1",0,0.623399286858266,0.544,0.286,0,"8","NCOR1"
"8.CCT3",0,0.731568523271681,0.527,0.269,0,"8","CCT3"
"8.HNRNPLL",0,0.785248192817504,0.405,0.147,0,"8","HNRNPLL"
"8.SP140",0,0.676149539007028,0.412,0.154,0,"8","SP140"
"8.TWF2",0,0.848882750071528,0.466,0.208,0,"8","TWF2"
"8.NCAPG",0,5.68901122909956,0.264,0.006,0,"8","NCAPG"
"8.EBP",0,1.48336638388019,0.342,0.084,0,"8","EBP"
"8.TIMM10",0,1.34990569503906,0.384,0.126,0,"8","TIMM10"
"8.PNN",0,0.668775351540128,0.475,0.217,0,"8","PNN"
"8.UBA2",0,1.19524305413223,0.391,0.133,0,"8","UBA2"
"8.NKG7",0,0.785728175821916,0.52,0.262,0,"8","NKG7"
"8.SDF2L1",0,1.06945761156459,0.476,0.218,0,"8","SDF2L1"
"8.PRDX5",0,0.717965809919725,0.598,0.34,0,"8","PRDX5"
"8.MTDH",0,0.657132739271209,0.666,0.409,0,"8","MTDH"
"8.UQCRH",0,0.654407773687296,0.753,0.496,0,"8","UQCRH"
"8.LAG3",0,1.55321710643914,0.377,0.12,0,"8","LAG3"
"8.BLOC1S1",0,1.0082810280978,0.441,0.184,0,"8","BLOC1S1"
"8.COPE",0,0.679294102318021,0.561,0.305,0,"8","COPE"
"8.PCMT1",0,0.990631600433977,0.428,0.172,0,"8","PCMT1"
"8.GGCT",0,1.5950549402391,0.349,0.093,0,"8","GGCT"
"8.PUF60",0,1.09943109112555,0.42,0.164,0,"8","PUF60"
"8.SUMO3",0,0.813131338746909,0.49,0.234,0,"8","SUMO3"
"8.EIF3I",0,0.658873245127777,0.526,0.271,0,"8","EIF3I"
"8.ARL6IP6",0,1.13158018418441,0.378,0.123,0,"8","ARL6IP6"
"8.PSMD14",0,1.17071752600487,0.391,0.136,0,"8","PSMD14"
"8.TMEM14B",0,0.637065191908063,0.498,0.243,0,"8","TMEM14B"
"8.RWDD1",0,0.533402418709267,0.536,0.281,0,"8","RWDD1"
"8.CD27",0,0.59585728560428,0.504,0.249,0,"8","CD27"
"8.COPS3",0,1.07638763530847,0.383,0.128,0,"8","COPS3"
"8.MIEN1",0,0.779720167326533,0.458,0.203,0,"8","MIEN1"
"8.ZYX",0,0.687501673103158,0.572,0.317,0,"8","ZYX"
"8.JTB",0,0.613216408449814,0.631,0.377,0,"8","JTB"
"8.SGOL2",0,3.92569773935955,0.271,0.017,0,"8","SGOL2"
"8.ANAPC5",0,0.791875389685329,0.44,0.186,0,"8","ANAPC5"
"8.DCTPP1",0,2.00566320167962,0.334,0.08,0,"8","DCTPP1"
"8.BSG",0,0.612853051766786,0.584,0.33,0,"8","BSG"
"8.RER1",0,0.756399091934843,0.485,0.232,0,"8","RER1"
"8.NUDC",0,0.790210285214351,0.494,0.241,0,"8","NUDC"
"8.BUD31",0,0.526485777228398,0.507,0.254,0,"8","BUD31"
"8.PHPT1",0,0.825103892121065,0.512,0.259,0,"8","PHPT1"
"8.TROAP",0,5.87096788073413,0.259,0.006,0,"8","TROAP"
"8.DNAJC15",0,0.733229748078532,0.515,0.262,0,"8","DNAJC15"
"8.ARPP19",0,0.861237422788889,0.436,0.183,0,"8","ARPP19"
"8.HSBP1",0,0.593948755945927,0.503,0.25,0,"8","HSBP1"
"8.CLPP",0,0.789353482878114,0.442,0.189,0,"8","CLPP"
"8.TECR",0,0.574498968372732,0.533,0.28,0,"8","TECR"
"8.BCL2L12",0,2.43200068545407,0.301,0.048,0,"8","BCL2L12"
"8.PPP2R1A",0,0.903962195348447,0.456,0.203,0,"8","PPP2R1A"
"8.YBX1",0,0.95860698130182,0.879,0.627,0,"8","YBX1"
"8.NDUFA4",0,0.688780751364723,0.82,0.568,0,"8","NDUFA4"
"8.VRK1",0,2.18444157271136,0.299,0.047,0,"8","VRK1"
"8.MRPS21",0,0.558097645926718,0.556,0.305,0,"8","MRPS21"
"8.RBMX",0,0.500003639200237,0.541,0.29,0,"8","RBMX"
"8.SH2D2A",0,0.62266257770724,0.436,0.185,0,"8","SH2D2A"
"8.NCL",0,0.672606934824833,0.746,0.495,0,"8","NCL"
"8.MYL6B",0,1.97111136212952,0.323,0.072,0,"8","MYL6B"
"8.MRPS7",0,1.01813390383753,0.419,0.168,0,"8","MRPS7"
"8.RBBP8",0,2.01331303085349,0.308,0.057,0,"8","RBBP8"
"8.ADSL",0,1.16825326514148,0.369,0.118,0,"8","ADSL"
"8.BST2",0,0.530327359925228,0.675,0.425,0,"8","BST2"
"8.SUCLG1",0,1.07643754616182,0.394,0.144,0,"8","SUCLG1"
"8.ASNA1",0,1.09648214517799,0.4,0.15,0,"8","ASNA1"
"8.CALR",0,0.600725503976689,0.78,0.53,0,"8","CALR"
"8.MRPS12",0,1.28551579969527,0.388,0.138,0,"8","MRPS12"
"8.SHISA5",0,0.612431070899387,0.525,0.276,0,"8","SHISA5"
"8.DBNL",0,0.974775336918393,0.437,0.188,0,"8","DBNL"
"8.MRPL4",0,1.25219153097517,0.389,0.14,0,"8","MRPL4"
"8.NCAPD3",0,2.77560385624065,0.279,0.031,0,"8","NCAPD3"
"8.PSMD4",0,1.06200626299248,0.436,0.188,0,"8","PSMD4"
"8.TIPRL",0,1.12779005715049,0.384,0.136,0,"8","TIPRL"
"8.U2SURP",0,0.821112850792929,0.443,0.195,0,"8","U2SURP"
"8.CDCA3",0,6.04550240150855,0.253,0.005,0,"8","CDCA3"
"8.PHB",0,1.07154554345007,0.444,0.196,0,"8","PHB"
"8.GTF3A",0,0.751683980962099,0.576,0.328,0,"8","GTF3A"
"8.IFI6",0,0.674665005168289,0.56,0.313,0,"8","IFI6"
"8.GSTP1",0,0.868259264369188,0.664,0.417,0,"8","GSTP1"
"8.CSK",0,0.830578528708628,0.461,0.214,0,"8","CSK"
"8.SFXN1",0,0.862891088634369,0.351,0.104,0,"8","SFXN1"
"8.POP7",0,1.87149036756792,0.321,0.074,0,"8","POP7"
"8.CKLF",0,0.732864983563648,0.487,0.24,0,"8","CKLF"
"8.PGK1",0,0.505735363880831,0.709,0.462,0,"8","PGK1"
"8.DDB2",0,1.39881759318074,0.332,0.086,0,"8","DDB2"
"8.MRPL14",0,0.883201741631329,0.426,0.18,0,"8","MRPL14"
"8.CHEK1",0,4.20665591433867,0.258,0.012,0,"8","CHEK1"
"8.TIMM17B",0,0.954099941215793,0.392,0.147,0,"8","TIMM17B"
"8.PTMS",0,1.4069240875771,0.445,0.2,0,"8","PTMS"
"8.EPSTI1",0,0.86076836394611,0.487,0.242,0,"8","EPSTI1"
"8.NDUFS7",0,0.542566355242906,0.521,0.276,0,"8","NDUFS7"
"8.SNRPD2",0,0.597534283619408,0.805,0.56,0,"8","SNRPD2"
"8.BRCA2",0,2.96015592230787,0.273,0.029,0,"8","BRCA2"
"8.PSMC1",0,1.07803621510769,0.401,0.157,0,"8","PSMC1"
"8.PLEKHJ1",0,0.98822936953595,0.388,0.144,0,"8","PLEKHJ1"
"8.GZMA",0,0.845970824631585,0.483,0.239,0,"8","GZMA"
"8.VBP1",0,1.05621419069908,0.373,0.129,0,"8","VBP1"
"8.FDFT1",0,1.1194310729228,0.382,0.138,0,"8","FDFT1"
"8.NRM",0,2.59783710435289,0.281,0.038,0,"8","NRM"
"8.CCDC124",0,1.02822703651208,0.389,0.146,0,"8","CCDC124"
"8.PMVK",0,1.1383472531549,0.381,0.138,0,"8","PMVK"
"8.HADH",0,2.09742017567966,0.299,0.056,0,"8","HADH"
"8.PPP1R18",0,0.68614624348899,0.523,0.28,0,"8","PPP1R18"
"8.IFI27L2",0,0.826659644528487,0.446,0.203,0,"8","IFI27L2"
"8.PPIB",0,0.575138923943199,0.794,0.551,0,"8","PPIB"
"8.LAGE3",0,1.00815897743439,0.403,0.161,0,"8","LAGE3"
"8.COMMD4",0,1.56891419632177,0.337,0.095,0,"8","COMMD4"
"8.PSMD11",0,0.981073375243379,0.399,0.157,0,"8","PSMD11"
"8.ZMAT2",0,0.74294197386494,0.419,0.177,0,"8","ZMAT2"
"8.NOL7",0,0.696410594507733,0.484,0.242,0,"8","NOL7"
"8.SMARCE1",0,0.965051928061846,0.367,0.125,0,"8","SMARCE1"
"8.LUC7L2",0,0.844387158653984,0.383,0.142,0,"8","LUC7L2"
"8.OASL",0,0.78834338322891,0.392,0.151,0,"8","OASL"
"8.TCERG1",0,1.25595265457661,0.345,0.104,0,"8","TCERG1"
"8.SEC61B",0,0.543074234275358,0.736,0.495,0,"8","SEC61B"
"8.IFI27L1",0,2.47443925177388,0.288,0.047,0,"8","IFI27L1"
"8.GPI",0,0.97301352646016,0.419,0.178,0,"8","GPI"
"8.SH3BP1",0,1.02767709141155,0.401,0.161,0,"8","SH3BP1"
"8.RHOA",0,0.867011971166833,0.88,0.64,0,"8","RHOA"
"8.SURF4",0,0.713171768485375,0.441,0.201,0,"8","SURF4"
"8.SPCS2",0,0.653222818800714,0.594,0.354,0,"8","SPCS2"
"8.EIF3A",0,0.582375524130727,0.503,0.263,0,"8","EIF3A"
"8.GSTO1",0,0.578103206498392,0.458,0.219,0,"8","GSTO1"
"8.WDR54",0,1.62099640717058,0.296,0.057,0,"8","WDR54"
"8.RBPJ",0,0.835132784241633,0.518,0.279,0,"8","RBPJ"
"8.RFC1",0,1.05199834393085,0.374,0.135,0,"8","RFC1"
"8.HNRNPH3",0,0.512415005771412,0.485,0.246,0,"8","HNRNPH3"
"8.STAT1",0,0.524266936663902,0.548,0.31,0,"8","STAT1"
"8.EIF2AK2",0,0.719677457234081,0.443,0.205,0,"8","EIF2AK2"
"8.JAKMIP1",0,1.80664230760791,0.28,0.042,0,"8","JAKMIP1"
"8.VOPP1",0,0.765952243235259,0.457,0.219,0,"8","VOPP1"
"8.TSPAN5",0,1.2729468970036,0.304,0.066,0,"8","TSPAN5"
"8.NUDCD2",0,1.23702914284935,0.363,0.125,0,"8","NUDCD2"
"8.RBM3",0,0.548325989932201,0.715,0.477,0,"8","RBM3"
"8.MTCH2",0,1.21537333954743,0.371,0.133,0,"8","MTCH2"
"8.PNKD",0,1.03886175454682,0.383,0.146,0,"8","PNKD"
"8.PSMD2",0,1.03680359375994,0.387,0.15,0,"8","PSMD2"
"8.DCTN2",0,0.901733752685648,0.387,0.15,0,"8","DCTN2"
"8.COA3",0,1.21890235814638,0.378,0.141,0,"8","COA3"
"8.DECR1",0,0.820764487555169,0.409,0.172,0,"8","DECR1"
"8.TESC",0,1.97733848814505,0.291,0.054,0,"8","TESC"
"8.FKBP3",0,1.26180413650799,0.358,0.121,0,"8","FKBP3"
"8.CLTB",0,0.715669633987374,0.466,0.23,0,"8","CLTB"
"8.PPP1R12A",0,0.63383049285031,0.466,0.23,0,"8","PPP1R12A"
"8.SUPT16H",0,1.43416204633849,0.333,0.097,0,"8","SUPT16H"
"8.NDUFB1",0,0.762454863122337,0.456,0.22,0,"8","NDUFB1"
"8.MRPS11",0,1.55935648480841,0.327,0.091,0,"8","MRPS11"
"8.PMAIP1",0,0.524926280700505,0.458,0.222,0,"8","PMAIP1"
"8.MRPL20",0,0.604906059983809,0.496,0.26,0,"8","MRPL20"
"8.TOPBP1",0,1.89656465492104,0.286,0.05,0,"8","TOPBP1"
"8.PYURF",0,0.640832081862258,0.473,0.237,0,"8","PYURF"
"8.NELFE",0,1.14547448560632,0.369,0.133,0,"8","NELFE"
"8.GPAA1",0,1.23378879956408,0.365,0.129,0,"8","GPAA1"
"8.CDC123",0,1.17685633278921,0.355,0.119,0,"8","CDC123"
"8.CPSF6",0,1.15028387512424,0.351,0.115,0,"8","CPSF6"
"8.EMC6",0,0.803185343110787,0.422,0.186,0,"8","EMC6"
"8.NAPA",0,0.754900776385294,0.482,0.246,0,"8","NAPA"
"8.SLA2",0,0.870416702980006,0.33,0.095,0,"8","SLA2"
"8.KXD1",0,0.86155359958265,0.403,0.168,0,"8","KXD1"
"8.ETHE1",0,0.957638699006987,0.395,0.16,0,"8","ETHE1"
"8.MX1",0,1.12457186665949,0.458,0.223,0,"8","MX1"
"8.ATAD5",0,3.61729075912233,0.251,0.016,0,"8","ATAD5"
"8.IL2RB",0,0.578381224954337,0.367,0.132,0,"8","IL2RB"
"8.ARPC2",0,1.13084953701606,0.922,0.688,0,"8","ARPC2"
"8.PSMD1",0,1.36467572025063,0.342,0.108,0,"8","PSMD1"
"8.C19orf48",0,2.16904795452072,0.28,0.046,0,"8","C19orf48"
"8.AKR7A2",0,1.2679145645852,0.36,0.126,0,"8","AKR7A2"
"8.RPA2",0,1.13831053736807,0.352,0.118,0,"8","RPA2"
"8.PSTPIP1",0,0.623289979217401,0.408,0.174,0,"8","PSTPIP1"
"8.RAB8A",0,0.761214392211184,0.433,0.199,0,"8","RAB8A"
"8.ATP6V0E2",0,1.02414710819116,0.336,0.103,0,"8","ATP6V0E2"
"8.LRR1",0,2.66357526702733,0.263,0.03,0,"8","LRR1"
"8.GZMB",0,1.17339523857112,0.373,0.14,0,"8","GZMB"
"8.SRPK1",0,1.01098287081166,0.336,0.104,0,"8","SRPK1"
"8.MMADHC",0,0.633553794756141,0.458,0.226,0,"8","MMADHC"
"8.CDC25B",0,1.92597312281808,0.293,0.061,0,"8","CDC25B"
"8.COMMD7",0,0.76316310763856,0.42,0.188,0,"8","COMMD7"
"8.PSMD13",0,0.7095072605166,0.406,0.175,0,"8","PSMD13"
"8.TTF2",0,2.58990064208137,0.262,0.031,0,"8","TTF2"
"8.DPM2",0,1.57728323543365,0.332,0.101,0,"8","DPM2"
"8.SLC25A11",0,1.16676559585345,0.366,0.135,0,"8","SLC25A11"
"8.RASAL3",0,0.755473508698872,0.357,0.126,0,"8","RASAL3"
"8.RPS19BP1",0,0.634908597430529,0.478,0.247,0,"8","RPS19BP1"
"8.GBP5",0,0.553576071423317,0.437,0.207,0,"8","GBP5"
"8.C7orf73",0,0.548721920705888,0.452,0.222,0,"8","C7orf73"
"8.PAFAH1B1",0,0.689103925335116,0.435,0.205,0,"8","PAFAH1B1"
"8.GMPS",0,1.54996208008115,0.307,0.077,0,"8","GMPS"
"8.WAS",0,0.650182583769838,0.479,0.249,0,"8","WAS"
"8.KIF5B",0,0.537381641055088,0.507,0.277,0,"8","KIF5B"
"8.CCND2",0,0.819447935139709,0.416,0.186,0,"8","CCND2"
"8.STIP1",0,0.753822817035458,0.406,0.177,0,"8","STIP1"
"8.GBP1",0,0.709936595352764,0.399,0.17,0,"8","GBP1"
"8.HADHA",0,0.563862261533118,0.458,0.229,0,"8","HADHA"
"8.C11orf73",0,0.692544592163171,0.395,0.166,0,"8","C11orf73"
"8.EMC4",0,0.739733382496242,0.433,0.204,0,"8","EMC4"
"8.DIAPH1",0,0.763468148746232,0.367,0.138,0,"8","DIAPH1"
"8.PRF1",0,0.607347974162926,0.348,0.119,0,"8","PRF1"
"8.SLC25A39",0,0.86939545689334,0.431,0.202,0,"8","SLC25A39"
"8.SEC11C",0,0.753648031907478,0.493,0.264,0,"8","SEC11C"
"8.VDAC2",0,0.510294570602198,0.525,0.297,0,"8","VDAC2"
"8.SPN",0,0.954599329651633,0.34,0.112,0,"8","SPN"
"8.AP1M1",0,1.40459479559514,0.333,0.105,0,"8","AP1M1"
"8.AK2",0,0.94597848892187,0.374,0.146,0,"8","AK2"
"8.MRPS15",0,0.949638015938538,0.399,0.171,0,"8","MRPS15"
"8.POLR2I",0,0.91915876476852,0.379,0.151,0,"8","POLR2I"
"8.COPZ1",0,0.697938238333442,0.427,0.199,0,"8","COPZ1"
"8.CYB5R3",0,0.826663535439213,0.403,0.176,0,"8","CYB5R3"
"8.ZCRB1",0,0.938070794814465,0.382,0.155,0,"8","ZCRB1"
"8.DLEU2",0,2.4212787787259,0.264,0.037,0,"8","DLEU2"
"8.CD38",0,1.51268564305353,0.349,0.122,0,"8","CD38"
"8.POP5",0,1.04943990126243,0.344,0.117,0,"8","POP5"
"8.MIR155HG",0,1.17682082135577,0.348,0.121,0,"8","MIR155HG"
"8.CAPN2",0,0.66215116557317,0.4,0.174,0,"8","CAPN2"
"8.CDKN2C",0,2.45125331516411,0.264,0.038,0,"8","CDKN2C"
"8.NDUFS3",0,0.910081357894013,0.382,0.156,0,"8","NDUFS3"
"8.ETFA",0,0.922063828580926,0.383,0.157,0,"8","ETFA"
"8.RNF187",0,1.22786527628355,0.347,0.121,0,"8","RNF187"
"8.MIF",0,0.810147129942616,0.779,0.553,0,"8","MIF"
"8.LMAN2",0,0.570895023822796,0.513,0.288,0,"8","LMAN2"
"8.ITGB1",0,0.599216625815715,0.53,0.305,0,"8","ITGB1"
"8.GHITM",0,0.536232205772132,0.519,0.294,0,"8","GHITM"
"8.MRPL28",0,1.16434092861069,0.335,0.11,0,"8","MRPL28"
"8.TIMM17A",0,0.889579527027447,0.382,0.157,0,"8","TIMM17A"
"8.PPP1R7",0,0.943843407223883,0.371,0.146,0,"8","PPP1R7"
"8.SRSF9",0,0.833899216937282,0.43,0.205,0,"8","SRSF9"
"8.RANGRF",0,1.16279378555155,0.323,0.098,0,"8","RANGRF"
"8.RCSD1",0,0.674204952239856,0.417,0.192,0,"8","RCSD1"
"8.MFF",0,0.694579282146277,0.416,0.191,0,"8","MFF"
"8.FAAP20",0,0.658283489267173,0.437,0.213,0,"8","FAAP20"
"8.SZRD1",0,0.855877618726414,0.375,0.151,0,"8","SZRD1"
"8.THOC7",0,0.923888151513375,0.386,0.162,0,"8","THOC7"
"8.PDCD1",0,1.28637608073545,0.305,0.081,0,"8","PDCD1"
"8.IMPDH2",0,1.09491855697879,0.362,0.138,0,"8","IMPDH2"
"8.RRP7A",0,1.13236052379102,0.354,0.13,0,"8","RRP7A"
"8.TNFRSF1B",0,0.529946428170032,0.526,0.303,0,"8","TNFRSF1B"
"8.NEDD8",0,0.53843044544127,0.527,0.304,0,"8","NEDD8"
"8.INO80E",0,1.04158434120472,0.325,0.102,0,"8","INO80E"
"8.TLN1",0,0.68643240597225,0.432,0.209,0,"8","TLN1"
"8.CD99",0,0.582342404188559,0.745,0.522,0,"8","CD99"
"8.TOX",0,1.05671593521696,0.3,0.077,0,"8","TOX"
"8.MRPL22",0,1.17852015856622,0.332,0.11,0,"8","MRPL22"
"8.HTATSF1",0,1.22252296481742,0.316,0.094,0,"8","HTATSF1"
"8.TNIP1",0,0.616343775269871,0.418,0.196,0,"8","TNIP1"
"8.PCBP2",0,0.577648709485086,0.873,0.651,0,"8","PCBP2"
"8.SUMO2",0,0.949100187733164,0.896,0.674,0,"8","SUMO2"
"8.TOP1",0,0.554717864100563,0.491,0.269,0,"8","TOP1"
"8.PTBP1",0,0.536251661100128,0.416,0.194,0,"8","PTBP1"
"8.MLF2",0,0.591708251136381,0.456,0.235,0,"8","MLF2"
"8.LAMTOR2",0,0.55112293053284,0.443,0.222,0,"8","LAMTOR2"
"8.COX20",0,0.834199743347855,0.376,0.155,0,"8","COX20"
"8.SYNCRIP",0,0.820602426551511,0.369,0.148,0,"8","SYNCRIP"
"8.EIF6",0,0.705460912632218,0.391,0.17,0,"8","EIF6"
"8.CISD2",0,0.760723884501508,0.419,0.198,0,"8","CISD2"
"8.CLIC1",0,0.745386566421384,0.869,0.648,0,"8","CLIC1"
"8.CHCHD1",0,0.956061139460149,0.358,0.137,0,"8","CHCHD1"
"8.RHNO1",0,1.59825444797863,0.287,0.066,0,"8","RHNO1"
"8.SLC25A3",0,0.544476134127549,0.743,0.522,0,"8","SLC25A3"
"8.HMGXB4",0,1.31685052818594,0.298,0.077,0,"8","HMGXB4"
"8.POLR3GL",0,0.577602730327725,0.406,0.186,0,"8","POLR3GL"
"8.TEX30",0,1.8477010384553,0.268,0.048,0,"8","TEX30"
"8.GADD45GIP1",0,0.582532581923751,0.463,0.243,0,"8","GADD45GIP1"
"8.SDHC",0,0.569880587876609,0.431,0.211,0,"8","SDHC"
"8.EIF5B",0,0.583193000491147,0.434,0.214,0,"8","EIF5B"
"8.ITGA4",0,0.500630197958604,0.441,0.221,0,"8","ITGA4"
"8.NDUFC1",0,0.794567358349586,0.419,0.199,0,"8","NDUFC1"
"8.UBE2V2",0,1.0090672932199,0.353,0.133,0,"8","UBE2V2"
"8.DCAF7",0,1.0244264116731,0.356,0.136,0,"8","DCAF7"
"8.WASF2",0,0.604612616983375,0.464,0.245,0,"8","WASF2"
"8.MAZ",0,1.11853716385526,0.324,0.105,0,"8","MAZ"
"8.MRPL16",0,1.40560857602064,0.317,0.098,0,"8","MRPL16"
"8.TMEM109",0,0.845581703789754,0.39,0.171,0,"8","TMEM109"
"8.RFC2",0,2.24088578722434,0.269,0.051,0,"8","RFC2"
"8.ARF6",0,0.579609698143075,0.466,0.248,0,"8","ARF6"
"8.MESDC2",0,0.740054190674238,0.397,0.179,0,"8","MESDC2"
"8.MRPL17",0,1.41221566324917,0.315,0.097,0,"8","MRPL17"
"8.ATP5I",0,0.615942148913679,0.497,0.279,0,"8","ATP5I"
"8.PDCD6",0,0.540333864164377,0.482,0.264,0,"8","PDCD6"
"8.PPP4R2",0,0.656588482403358,0.369,0.152,0,"8","PPP4R2"
"8.POLR2H",0,1.37042236560703,0.308,0.091,0,"8","POLR2H"
"8.MRPS36",0,0.760846681014308,0.386,0.169,0,"8","MRPS36"
"8.C17orf62",0,0.672388124998213,0.42,0.203,0,"8","C17orf62"
"8.RECQL",0,0.962652486475746,0.324,0.108,0,"8","RECQL"
"8.ACYP1",0,1.78660614762701,0.271,0.055,0,"8","ACYP1"
"8.SNX5",0,0.707285012098577,0.399,0.183,0,"8","SNX5"
"8.RPL26L1",0,1.35308369656538,0.316,0.1,0,"8","RPL26L1"
"8.SRRT",0,1.00433069923644,0.315,0.099,0,"8","SRRT"
"8.SHKBP1",0,0.755528233256662,0.384,0.168,0,"8","SHKBP1"
"8.SDHA",0,0.878416386198495,0.344,0.128,0,"8","SDHA"
"8.IL32",0,0.55406940553253,0.732,0.516,0,"8","IL32"
"8.MYL12B",0,0.516439907368571,0.814,0.598,0,"8","MYL12B"
"8.HAUS1",0,1.66470862656042,0.283,0.067,0,"8","HAUS1"
"8.PSMF1",0,0.6314897193976,0.418,0.202,0,"8","PSMF1"
"8.MRPL34",0,0.835941968931015,0.401,0.186,0,"8","MRPL34"
"8.C1QBP",0,0.980602265465331,0.441,0.226,0,"8","C1QBP"
"8.LMAN1",0,0.6028229535869,0.426,0.211,0,"8","LMAN1"
"8.THOC3",0,1.22099570942631,0.294,0.079,0,"8","THOC3"
"8.SUZ12",0,1.48577310209593,0.292,0.077,0,"8","SUZ12"
"8.PAICS",0,2.24460267920738,0.261,0.047,0,"8","PAICS"
"8.COPS6",0,0.839487606578683,0.396,0.182,0,"8","COPS6"
"8.IFI35",0,0.914892952195171,0.394,0.18,0,"8","IFI35"
"8.RBM42",0,1.21114370244926,0.334,0.12,0,"8","RBM42"
"8.SASH3",0,0.74136836618909,0.367,0.153,0,"8","SASH3"
"8.PRELID3B",0,0.633473522252079,0.36,0.146,0,"8","PRELID3B"
"8.PRMT1",0,0.919660915387287,0.372,0.158,0,"8","PRMT1"
"8.SEC13",0,0.857421864279817,0.389,0.176,0,"8","SEC13"
"8.URM1",0,1.06905677506007,0.33,0.117,0,"8","URM1"
"8.THYN1",0,0.952125736220779,0.338,0.125,0,"8","THYN1"
"8.YIF1B",0,1.25204283837653,0.339,0.126,0,"8","YIF1B"
"8.SNX17",0,0.629259958287441,0.418,0.205,0,"8","SNX17"
"8.MRPS18C",0,0.848324821420921,0.359,0.146,0,"8","MRPS18C"
"8.PDCD2",0,0.706996140083141,0.367,0.154,0,"8","PDCD2"
"8.NCAPH2",0,2.21951117078752,0.25,0.037,0,"8","NCAPH2"
"8.GID8",0,0.705907923409219,0.348,0.135,0,"8","GID8"
"8.PIM1",0,0.508935168226805,0.394,0.183,0,"8","PIM1"
"8.DR1",0,0.607985958174279,0.366,0.155,0,"8","DR1"
"8.MPG",0,0.621013950794226,0.408,0.197,0,"8","MPG"
"8.TNFRSF18",0,1.0503239906285,0.335,0.125,0,"8","TNFRSF18"
"8.GRSF1",0,0.649307262252812,0.393,0.183,0,"8","GRSF1"
"8.POLDIP2",0,1.42813264185764,0.311,0.101,0,"8","POLDIP2"
"8.U2AF2",0,1.07209092364342,0.307,0.097,0,"8","U2AF2"
"8.CRELD2",0,0.875766335632677,0.364,0.154,0,"8","CRELD2"
"8.ACTL6A",0,1.6572408233937,0.263,0.054,0,"8","ACTL6A"
"8.CCAR1",0,0.687503314873432,0.357,0.148,0,"8","CCAR1"
"8.SUB1",0,0.95174644233454,0.883,0.674,0,"8","SUB1"
"8.CHCHD2",0,1.07898899262499,0.888,0.679,0,"8","CHCHD2"
"8.SLIRP",0,0.803046651946823,0.387,0.179,0,"8","SLIRP"
"8.LMF2",0,0.920333970895362,0.329,0.121,0,"8","LMF2"
"8.CDK6",0,1.10686916533683,0.305,0.097,0,"8","CDK6"
"8.OTUB1",0,0.503294630654346,0.431,0.223,0,"8","OTUB1"
"8.DCUN1D5",0,1.10845836102457,0.3,0.092,0,"8","DCUN1D5"
"8.PSMC4",0,0.74420190996548,0.367,0.159,0,"8","PSMC4"
"8.TPRKB",0,1.23990379701452,0.323,0.116,0,"8","TPRKB"
"8.PTPN6",0,0.726898838125952,0.399,0.192,0,"8","PTPN6"
"8.GSDMD",0,0.747627360935461,0.357,0.15,0,"8","GSDMD"
"8.LRRC59",0,0.936448195537903,0.349,0.142,0,"8","LRRC59"
"8.TTC39C",0,0.583374455286098,0.369,0.162,0,"8","TTC39C"
"8.POP4",0,1.37607506139414,0.295,0.088,0,"8","POP4"
"8.IFNG",0,0.545181111510961,0.344,0.137,0,"8","IFNG"
"8.MRPL36",0,1.10613032420381,0.322,0.116,0,"8","MRPL36"
"8.SRA1",0,0.774720562606788,0.389,0.183,0,"8","SRA1"
"8.MYO1G",0,0.850925376281732,0.321,0.115,0,"8","MYO1G"
"8.CISD3",0,1.08145092600303,0.351,0.145,0,"8","CISD3"
"8.SLC25A1",0,1.26267707430622,0.303,0.097,0,"8","SLC25A1"
"8.AC133644.2",0,1.52059867170361,0.271,0.066,0,"8","AC133644.2"
"8.EED",0,1.39470681747902,0.277,0.072,0,"8","EED"
"8.GLRX3",0,1.04062690009156,0.325,0.12,0,"8","GLRX3"
"8.MAGOHB",0,1.77456910230427,0.262,0.057,0,"8","MAGOHB"
"8.RUVBL2",0,1.81656264064841,0.269,0.064,0,"8","RUVBL2"
"8.TIMM8B",0,0.740603922694911,0.368,0.163,0,"8","TIMM8B"
"8.RTF1",0,0.667702548581866,0.362,0.157,0,"8","RTF1"
"8.NOP56",0,0.676593326719826,0.36,0.155,0,"8","NOP56"
"8.TEX264",0,0.642770187064451,0.37,0.166,0,"8","TEX264"
"8.CHST12",0,0.842361977973836,0.348,0.144,0,"8","CHST12"
"8.DAZAP1",0,1.25698553860629,0.291,0.087,0,"8","DAZAP1"
"8.DGCR6L",0,0.637565442128521,0.365,0.161,0,"8","DGCR6L"
"8.SREK1",0,0.940461754923554,0.323,0.12,0,"8","SREK1"
"8.IL21R",0,0.711090879147522,0.316,0.113,0,"8","IL21R"
"8.VPS25",0,1.60588288171499,0.279,0.076,0,"8","VPS25"
"8.MAPRE1",0,0.531308067763342,0.401,0.198,0,"8","MAPRE1"
"8.RPIA",0,0.879261615071813,0.303,0.1,0,"8","RPIA"
"8.TMEM167A",0,0.566346995052589,0.412,0.209,0,"8","TMEM167A"
"8.ADH5",0,0.854557247602549,0.323,0.121,0,"8","ADH5"
"8.PFKP",0,1.33887557203671,0.276,0.074,0,"8","PFKP"
"8.TIAL1",0,0.567021959885577,0.374,0.172,0,"8","TIAL1"
"8.LYST",0,0.608235837289064,0.356,0.154,0,"8","LYST"
"8.COMMD1",0,0.654866595152336,0.361,0.159,0,"8","COMMD1"
"8.CWC15",0,0.573375570331569,0.373,0.171,0,"8","CWC15"
"8.MAP2K3",0,0.689694559878515,0.366,0.164,0,"8","MAP2K3"
"8.ATXN10",0,0.877486659676768,0.342,0.141,0,"8","ATXN10"
"8.CHCHD5",0,0.937955248589884,0.333,0.132,0,"8","CHCHD5"
"8.MCUR1",0,1.39949918597945,0.304,0.103,0,"8","MCUR1"
"8.GUSB",0,1.11364432896033,0.331,0.13,0,"8","GUSB"
"8.B3GAT3",0,0.805124045858168,0.333,0.132,0,"8","B3GAT3"
"8.CHD4",0,0.789728231087999,0.336,0.135,0,"8","CHD4"
"8.HAT1",0,1.35699019059791,0.287,0.086,0,"8","HAT1"
"8.NELFCD",0,1.07853935625616,0.297,0.096,0,"8","NELFCD"
"8.DPY30",0,0.793946203618923,0.348,0.148,0,"8","DPY30"
"8.TMX1",0,0.892562703381489,0.355,0.155,0,"8","TMX1"
"8.TRAPPC2L",0,0.713138663945612,0.35,0.15,0,"8","TRAPPC2L"
"8.TMEM183A",0,0.812296558241708,0.337,0.138,0,"8","TMEM183A"
"8.CYFIP2",0,0.558371889404887,0.303,0.104,0,"8","CYFIP2"
"8.HCFC1R1",0,0.826035431185426,0.334,0.135,0,"8","HCFC1R1"
"8.FUBP1",0,0.930716615743172,0.298,0.099,0,"8","FUBP1"
"8.EIF4E2",0,0.677049531629792,0.357,0.158,0,"8","EIF4E2"
"8.CSRP1",0,0.882618155058547,0.341,0.143,0,"8","CSRP1"
"8.IMMT",0,1.1715650955545,0.304,0.106,0,"8","IMMT"
"8.PABPN1",0,0.901919360039425,0.324,0.126,0,"8","PABPN1"
"8.CBX1",0,1.60582515574813,0.265,0.067,0,"8","CBX1"
"8.MRPS26",0,1.0873523414283,0.304,0.106,0,"8","MRPS26"
"8.PRPF38A",0,0.687313944374113,0.314,0.117,0,"8","PRPF38A"
"8.FBXW5",0,0.662431293954942,0.37,0.173,0,"8","FBXW5"
"8.RIC8A",0,0.812024454208533,0.303,0.106,0,"8","RIC8A"
"8.DENR",0,0.805159921424928,0.324,0.127,0,"8","DENR"
"8.GZMH",0,0.755737265827893,0.306,0.109,0,"8","GZMH"
"8.BCL7B",0,0.619975598996992,0.346,0.149,0,"8","BCL7B"
"8.MCTS1",0,0.650223733292957,0.354,0.157,0,"8","MCTS1"
"8.EMC8",0,1.24748490831412,0.287,0.09,0,"8","EMC8"
"8.TOMM40",0,1.32220121653619,0.292,0.095,0,"8","TOMM40"
"8.HNRNPA2B1",0,0.90843315560655,0.901,0.705,0,"8","HNRNPA2B1"
"8.SF3A3",0,0.981562871702043,0.303,0.107,0,"8","SF3A3"
"8.NFYC",0,0.924985734109706,0.308,0.112,0,"8","NFYC"
"8.OXCT1",0,1.21444366758221,0.251,0.055,0,"8","OXCT1"
"8.MRPS18B",0,0.773400153863349,0.334,0.138,0,"8","MRPS18B"
"8.EIF2S1",0,0.857271975114217,0.315,0.119,0,"8","EIF2S1"
"8.ADA",0,1.34364140674053,0.273,0.077,0,"8","ADA"
"8.C19orf24",0,0.574535289380053,0.407,0.211,0,"8","C19orf24"
"8.LARP7",0,0.768670726676382,0.338,0.143,0,"8","LARP7"
"8.GARS",0,1.02940043970802,0.302,0.107,0,"8","GARS"
"8.TINF2",0,0.766495004029324,0.33,0.135,0,"8","TINF2"
"8.PRPSAP1",0,1.5906022178882,0.265,0.07,0,"8","PRPSAP1"
"8.C14orf1",0,0.840264513633696,0.288,0.093,0,"8","C14orf1"
"8.SRSF1",0,0.674888776790859,0.339,0.145,0,"8","SRSF1"
"8.ZBTB8OS",0,0.888797052952842,0.325,0.131,0,"8","ZBTB8OS"
"8.EBNA1BP2",0,1.53675417191824,0.273,0.079,0,"8","EBNA1BP2"
"8.FBL",0,0.58102387077875,0.366,0.172,0,"8","FBL"
"8.PFKL",0,1.00783387278142,0.332,0.138,0,"8","PFKL"
"8.MRPS14",0,1.11158915921382,0.285,0.091,0,"8","MRPS14"
"8.UCHL5",0,1.36456011564443,0.268,0.075,0,"8","UCHL5"
"8.EXOSC9",0,1.48006805123203,0.253,0.06,0,"8","EXOSC9"
"8.KRAS",0,0.520161399249101,0.389,0.196,0,"8","KRAS"
"8.MRPL42",0,0.836244282158432,0.313,0.12,0,"8","MRPL42"
"8.STUB1",0,0.693499240834784,0.368,0.175,0,"8","STUB1"
"8.MPC1",0,0.700357952601338,0.36,0.167,0,"8","MPC1"
"8.FAM32A",0,0.573689544562882,0.352,0.159,0,"8","FAM32A"
"8.PPDPF",0,0.974638191902988,0.859,0.666,0,"8","PPDPF"
"8.MRPL55",0,0.928514962239831,0.324,0.132,0,"8","MRPL55"
"8.CIAO1",0,0.981792165221807,0.309,0.117,0,"8","CIAO1"
"8.AP1S1",0,1.51372242450179,0.277,0.085,0,"8","AP1S1"
"8.PRPS1",0,0.686342196865889,0.3,0.108,0,"8","PRPS1"
"8.MED30",0,0.501707448361322,0.324,0.132,0,"8","MED30"
"8.CD70",0,1.35178152347343,0.251,0.059,0,"8","CD70"
"8.PIH1D1",0,0.789220373898493,0.325,0.133,0,"8","PIH1D1"
"8.AKR1B1",0,0.712171063959242,0.363,0.171,0,"8","AKR1B1"
"8.ENTPD1",0,1.37668777358606,0.288,0.096,0,"8","ENTPD1"
"8.NFATC2IP",0,1.05993511179408,0.277,0.086,0,"8","NFATC2IP"
"8.AMZ2",0,0.851915143949806,0.336,0.145,0,"8","AMZ2"
"8.FAM136A",0,1.11129891043215,0.296,0.105,0,"8","FAM136A"
"8.SMC5",0,0.773888534488573,0.302,0.111,0,"8","SMC5"
"8.CD5",0,0.559513409127311,0.299,0.108,0,"8","CD5"
"8.AATF",0,0.906807939851993,0.305,0.114,0,"8","AATF"
"8.PSMD3",0,1.03562795999799,0.314,0.123,0,"8","PSMD3"
"8.CD320",0,1.26087212400907,0.27,0.079,0,"8","CD320"
"8.STX10",0,0.715702326751309,0.319,0.128,0,"8","STX10"
"8.COPS8",0,0.986321080664912,0.292,0.101,0,"8","COPS8"
"8.LSM1",0,0.557761018573798,0.345,0.154,0,"8","LSM1"
"8.TMA7",0,0.544096288511927,0.886,0.696,0,"8","TMA7"
"8.METTL5",0,0.57724047778704,0.339,0.149,0,"8","METTL5"
"8.ZFAND2B",0,0.771637290809122,0.297,0.107,0,"8","ZFAND2B"
"8.HDDC2",0,0.96492522918759,0.301,0.111,0,"8","HDDC2"
"8.PSMC2",0,0.935124996300381,0.314,0.124,0,"8","PSMC2"
"8.GPS1",0,0.907588006620183,0.307,0.117,0,"8","GPS1"
"8.HMGN4",0,0.584896283555983,0.333,0.144,0,"8","HMGN4"
"8.NUP50",0,0.949849347702247,0.28,0.091,0,"8","NUP50"
"8.SLF1",0,0.85657369468011,0.263,0.074,0,"8","SLF1"
"8.GLO1",0,1.00178144063393,0.295,0.106,0,"8","GLO1"
"8.FBXO7",0,0.575035379701316,0.365,0.176,0,"8","FBXO7"
"8.C1D",0,0.562111265924568,0.333,0.145,0,"8","C1D"
"8.MPST",0,1.36188920783449,0.279,0.091,0,"8","MPST"
"8.UBE2E3",0,0.838790323870513,0.314,0.126,0,"8","UBE2E3"
"8.C4orf27",0,1.41887320979077,0.251,0.063,0,"8","C4orf27"
"8.APOA1BP",0,0.726461297378858,0.357,0.169,0,"8","APOA1BP"
"8.XPO1",0,1.00259063936048,0.283,0.095,0,"8","XPO1"
"8.ILKAP",0,0.919332219947088,0.283,0.095,0,"8","ILKAP"
"8.ECHS1",0,0.992485273877633,0.344,0.156,0,"8","ECHS1"
"8.MPDU1",0,1.12791818225469,0.285,0.097,0,"8","MPDU1"
"8.ADSS",0,0.566596362666828,0.33,0.143,0,"8","ADSS"
"8.PDZD11",0,1.27155589727519,0.273,0.086,0,"8","PDZD11"
"8.COMMD8",0,0.707594273570946,0.315,0.128,0,"8","COMMD8"
"8.AP3S1",0,0.696447084714175,0.386,0.199,0,"8","AP3S1"
"8.RPN2",0,0.587762703019039,0.449,0.262,0,"8","RPN2"
"8.TMOD3",0,0.545660087159894,0.357,0.17,0,"8","TMOD3"
"8.PSMB5",0,0.736975882575531,0.341,0.155,0,"8","PSMB5"
"8.COA6",0,0.837359553399305,0.3,0.114,0,"8","COA6"
"8.MRPL47",0,0.62981341456332,0.311,0.125,0,"8","MRPL47"
"8.FAM104A",0,0.976739810116884,0.271,0.085,0,"8","FAM104A"
"8.ELP5",0,0.953486930529474,0.286,0.1,0,"8","ELP5"
"8.FAM195B",0,0.770521571849858,0.328,0.143,0,"8","FAM195B"
"8.USP48",0,0.786702630211636,0.296,0.111,0,"8","USP48"
"8.MRPL9",0,0.886698274596372,0.291,0.106,0,"8","MRPL9"
"8.C1orf35",0,1.1840834844976,0.266,0.081,0,"8","C1orf35"
"8.SPCS3",0,0.514559815179265,0.436,0.251,0,"8","SPCS3"
"8.MRPS33",0,0.938179032180152,0.319,0.134,0,"8","MRPS33"
"8.CALCOCO2",0,0.511175438719478,0.357,0.172,0,"8","CALCOCO2"
"8.TRAPPC3",0,0.585279110584655,0.353,0.168,0,"8","TRAPPC3"
"8.ASF1A",0,0.805595321976383,0.271,0.087,0,"8","ASF1A"
"8.SPTAN1",0,0.619286757754557,0.334,0.15,0,"8","SPTAN1"
"8.RSRC1",0,0.883699295884727,0.298,0.114,0,"8","RSRC1"
"8.EIF4G1",0,1.01201015215262,0.306,0.122,0,"8","EIF4G1"
"8.FRG1",0,0.828886101897227,0.312,0.128,0,"8","FRG1"
"8.SUSD3",0,0.775218697153664,0.299,0.115,0,"8","SUSD3"
"8.COMTD1",0,1.09134055575229,0.263,0.079,0,"8","COMTD1"
"8.CD2BP2",0,0.852042136107999,0.298,0.114,0,"8","CD2BP2"
"8.PRPF4B",0,0.529904359008448,0.342,0.159,0,"8","PRPF4B"
"8.OAS1",0,0.828264854814634,0.336,0.153,0,"8","OAS1"
"8.SCCPDH",0,1.73230392196583,0.25,0.067,0,"8","SCCPDH"
"8.CNPPD1",0,0.797381470067874,0.313,0.13,0,"8","CNPPD1"
"8.TIMMDC1",0,1.07688200614139,0.289,0.106,0,"8","TIMMDC1"
"8.LYRM4",0,1.08254425819819,0.261,0.078,0,"8","LYRM4"
"8.PLGRKT",0,1.02924347385059,0.294,0.111,0,"8","PLGRKT"
"8.GLIPR2",0,0.553464966126707,0.374,0.191,0,"8","GLIPR2"
"8.COA4",0,0.791361162720447,0.318,0.135,0,"8","COA4"
"8.YY1",0,0.526413861453158,0.376,0.193,0,"8","YY1"
"8.ICT1",0,1.42338019693254,0.254,0.071,0,"8","ICT1"
"8.TMEM14C",0,0.521397769313575,0.411,0.228,0,"8","TMEM14C"
"8.PSMA1",0,0.56463401548995,0.353,0.17,0,"8","PSMA1"
"8.METAP2",0,0.589525033938009,0.327,0.145,0,"8","METAP2"
"8.HDGF",0,1.37266360955676,0.264,0.082,0,"8","HDGF"
"8.TSEN15",0,1.16341997960251,0.264,0.082,0,"8","TSEN15"
"8.HDAC2",0,0.89149539289788,0.3,0.118,0,"8","HDAC2"
"8.COA1",0,0.655576605709256,0.313,0.131,0,"8","COA1"
"8.TSTA3",0,0.816004418876555,0.293,0.111,0,"8","TSTA3"
"8.TIMM23",0,1.21228696440536,0.258,0.076,0,"8","TIMM23"
"8.UPF3A",0,0.761958037239897,0.291,0.109,0,"8","UPF3A"
"8.POLR2F",0,0.500612482545287,0.355,0.173,0,"8","POLR2F"
"8.IFNAR2",0,0.700253824978206,0.344,0.162,0,"8","IFNAR2"
"8.ACTR1B",0,0.956522702948954,0.269,0.088,0,"8","ACTR1B"
"8.MTF2",0,0.764281742400692,0.284,0.103,0,"8","MTF2"
"8.MRPL43",0,0.526994883806389,0.371,0.19,0,"8","MRPL43"
"8.CTCF",0,1.27993656132369,0.25,0.069,0,"8","CTCF"
"8.PFDN4",0,0.665558213062713,0.3,0.119,0,"8","PFDN4"
"8.JOSD2",0,0.75145049598849,0.321,0.14,0,"8","JOSD2"
"8.LYPLA2",0,0.878962064834238,0.292,0.112,0,"8","LYPLA2"
"8.ELOVL1",0,0.871169588586775,0.306,0.126,0,"8","ELOVL1"
"8.HAUS4",0,1.4830959825619,0.252,0.072,0,"8","HAUS4"
"8.PET100",0,0.592445142657981,0.374,0.194,0,"8","PET100"
"8.POLR2J",0,0.752237175845825,0.323,0.144,0,"8","POLR2J"
"8.C17orf89",0,0.664111683006052,0.337,0.158,0,"8","C17orf89"
"8.CPSF3L",0,0.860125486462618,0.283,0.104,0,"8","CPSF3L"
"8.POLE3",0,0.757819827645515,0.289,0.11,0,"8","POLE3"
"8.SMARCA4",0,1.27600336021521,0.259,0.08,0,"8","SMARCA4"
"8.LGALS1",0,0.669769779326151,0.62,0.441,0,"8","LGALS1"
"8.GYG1",0,0.588898713527858,0.331,0.153,0,"8","GYG1"
"8.TOR1A",0,1.07218502208283,0.269,0.091,0,"8","TOR1A"
"8.CCDC53",0,0.596082339773488,0.325,0.147,0,"8","CCDC53"
"8.CHMP1A",0,0.964794027405678,0.271,0.093,0,"8","CHMP1A"
"8.TNFRSF9",0,0.936901718215066,0.256,0.078,0,"8","TNFRSF9"
"8.SMIM12",0,0.598866401151102,0.307,0.129,0,"8","SMIM12"
"8.TOR3A",0,0.829709432878941,0.311,0.133,0,"8","TOR3A"
"8.MANF",0,0.679165721997506,0.35,0.172,0,"8","MANF"
"8.ZFR",0,0.650045807745986,0.311,0.133,0,"8","ZFR"
"8.SNX1",0,0.82501709260267,0.298,0.12,0,"8","SNX1"
"8.NUBP2",0,0.832609435951126,0.287,0.109,0,"8","NUBP2"
"8.SRP72",0,0.725711478289509,0.347,0.169,0,"8","SRP72"
"8.ENOPH1",0,0.844177588560729,0.27,0.093,0,"8","ENOPH1"
"8.TIMM13",0,0.829126988754853,0.332,0.155,0,"8","TIMM13"
"8.ATG5",0,0.647538105830773,0.315,0.138,0,"8","ATG5"
"8.FAM192A",0,1.02640988015977,0.287,0.11,0,"8","FAM192A"
"8.CAMTA1",0,0.773561129700633,0.34,0.164,0,"8","CAMTA1"
"8.CD8B",0,0.82984159385487,0.319,0.143,0,"8","CD8B"
"8.DNAJB11",0,0.700957170374928,0.338,0.162,0,"8","DNAJB11"
"8.NRDC",0,0.54966294976589,0.349,0.173,0,"8","NRDC"
"8.CD8A",0,1.01726930269947,0.352,0.176,0,"8","CD8A"
"8.CHCHD3",0,0.818297100874482,0.285,0.109,0,"8","CHCHD3"
"8.RPS6KB2",0,0.770676382694783,0.301,0.125,0,"8","RPS6KB2"
"8.SPAG7",0,0.806071808071301,0.311,0.135,0,"8","SPAG7"
"8.DUSP23",0,0.688363595062448,0.331,0.156,0,"8","DUSP23"
"8.DAXX",0,0.898244878684849,0.268,0.093,0,"8","DAXX"
"8.MCRS1",0,1.11042306275413,0.256,0.081,0,"8","MCRS1"
"8.FIP1L1",0,0.554456864799887,0.281,0.107,0,"8","FIP1L1"
"8.MLEC",0,0.871511324868575,0.341,0.167,0,"8","MLEC"
"8.MRPS5",0,0.665295431403019,0.295,0.121,0,"8","MRPS5"
"8.CAPRIN1",0,0.85220758931741,0.289,0.115,0,"8","CAPRIN1"
"8.TRIM69",0,0.857911771861965,0.298,0.124,0,"8","TRIM69"
"8.DDA1",0,1.03066733243148,0.276,0.103,0,"8","DDA1"
"8.SPATS2L",0,1.09762160676696,0.272,0.099,0,"8","SPATS2L"
"8.NDUFA10",0,0.617914332596484,0.319,0.146,0,"8","NDUFA10"
"8.LRBA",0,0.683682592176167,0.26,0.087,0,"8","LRBA"
"8.CHTF8",0,1.10566199071039,0.264,0.091,0,"8","CHTF8"
"8.CDC5L",0,0.78705320182291,0.283,0.11,0,"8","CDC5L"
"8.MPLKIP",0,0.690626085951893,0.303,0.13,0,"8","MPLKIP"
"8.PLA2G16",0,0.748812369537467,0.304,0.131,0,"8","PLA2G16"
"8.BCCIP",0,0.785044546669512,0.287,0.114,0,"8","BCCIP"
"8.CMTM3",0,0.579572318741566,0.347,0.174,0,"8","CMTM3"
"8.RRP1B",0,0.996954678219464,0.251,0.078,0,"8","RRP1B"
"8.CHRAC1",0,0.80961117326425,0.26,0.088,0,"8","CHRAC1"
"8.FLOT2",0,0.779945780509614,0.289,0.117,0,"8","FLOT2"
"8.ACAA2",0,1.2315186060484,0.252,0.08,0,"8","ACAA2"
"8.BAD",0,1.05932738745425,0.273,0.102,0,"8","BAD"
"8.RNF126",0,0.905818412625936,0.27,0.099,0,"8","RNF126"
"8.RASSF1",0,0.586216471767483,0.298,0.127,0,"8","RASSF1"
"8.MBD4",0,0.749084107625153,0.3,0.129,0,"8","MBD4"
"8.DCK",0,0.547280332248791,0.309,0.138,0,"8","DCK"
"8.LASP1",0,0.633290336099842,0.306,0.135,0,"8","LASP1"
"8.OSGEP",0,0.783164285707863,0.273,0.103,0,"8","OSGEP"
"8.TFAM",0,0.901905171733715,0.27,0.1,0,"8","TFAM"
"8.DCP2",0,0.725749061763158,0.293,0.123,0,"8","DCP2"
"8.ABI3",0,0.861484775817787,0.299,0.129,0,"8","ABI3"
"8.TMEM261",0,0.986022111696753,0.273,0.104,0,"8","TMEM261"
"8.DESI1",0,1.12594449027194,0.279,0.11,0,"8","DESI1"
"8.SSSCA1",0,1.04966821932657,0.265,0.096,0,"8","SSSCA1"
"8.CTSW",0,0.604285240763389,0.378,0.209,0,"8","CTSW"
"8.NDE1",0,0.889536598191701,0.26,0.091,0,"8","NDE1"
"8.TAF12",0,0.62680406130668,0.293,0.124,0,"8","TAF12"
"8.MAP4",0,0.828371301341619,0.287,0.118,0,"8","MAP4"
"8.PSMB8-AS1",0,0.501424638467048,0.308,0.139,0,"8","PSMB8-AS1"
"8.ITPA",0,0.719370668090574,0.294,0.125,0,"8","ITPA"
"8.ACTR1A",0,0.861541846422719,0.281,0.113,0,"8","ACTR1A"
"8.ARHGAP30",0,0.504508873939172,0.319,0.151,0,"8","ARHGAP30"
"8.SEPT11",0,0.965217739082263,0.268,0.1,0,"8","SEPT11"
"8.ZNF511",0,1.14922231975591,0.258,0.09,0,"8","ZNF511"
"8.GFER",0,0.980935959615049,0.261,0.093,0,"8","GFER"
"8.UQCRHL",0,0.611112388677008,0.292,0.124,0,"8","UQCRHL"
"8.TNIP2",0,0.794136392414291,0.29,0.122,0,"8","TNIP2"
"8.REST",0,0.617007736867262,0.302,0.134,0,"8","REST"
"8.NSD1",0,0.536785360722255,0.294,0.126,0,"8","NSD1"
"8.COPS5",0,0.631712098352273,0.302,0.134,0,"8","COPS5"
"8.CORO1B",0,0.643187194580198,0.44,0.272,0,"8","CORO1B"
"8.ATP5L",0,0.587066878122945,0.887,0.72,0,"8","ATP5L"
"8.DCAF11",0,0.939597698726028,0.254,0.087,0,"8","DCAF11"
"8.VPS51",0,0.536949599153579,0.304,0.137,0,"8","VPS51"
"8.TMEM126A",0,0.700159729413984,0.297,0.13,0,"8","TMEM126A"
"8.CUEDC2",0,0.633895469815024,0.294,0.127,0,"8","CUEDC2"
"8.PTPN11",0,1.01084981775418,0.25,0.083,0,"8","PTPN11"
"8.UBL7",0,0.875773348902727,0.283,0.116,0,"8","UBL7"
"8.ABCF1",0,0.715058032642917,0.283,0.117,0,"8","ABCF1"
"8.NME2",0,0.506478347566631,0.368,0.202,0,"8","NME2"
"8.PNKP",0,0.795468771446135,0.283,0.117,0,"8","PNKP"
"8.RTCB",0,0.816919522261801,0.285,0.119,0,"8","RTCB"
"8.CHTOP",0,0.631665191378771,0.279,0.114,0,"8","CHTOP"
"8.NDUFA8",0,0.850064284538041,0.277,0.112,0,"8","NDUFA8"
"8.EIF4EBP1",0,0.795109366143735,0.298,0.133,0,"8","EIF4EBP1"
"8.PHTF2",0,0.582813428799502,0.275,0.111,0,"8","PHTF2"
"8.PSMD9",0,0.883959715277306,0.268,0.104,0,"8","PSMD9"
"8.RNF4",0,0.775213490433094,0.26,0.096,0,"8","RNF4"
"8.LIME1",0,0.623743626288449,0.254,0.09,0,"8","LIME1"
"8.PSMD6",0,0.626483363150402,0.3,0.136,0,"8","PSMD6"
"8.RNF5",0,0.773421847263902,0.285,0.121,0,"8","RNF5"
"8.EXOSC1",0,0.575155720901333,0.285,0.121,0,"8","EXOSC1"
"8.ETFB",0,0.828707962865964,0.283,0.119,0,"8","ETFB"
"8.KLHDC2",0,0.768973681051712,0.265,0.102,0,"8","KLHDC2"
"8.UBE2J2",0,0.886445042356758,0.264,0.101,0,"8","UBE2J2"
"8.SDHB",0,0.519145873357114,0.319,0.156,0,"8","SDHB"
"8.ACADM",0,0.810063528541374,0.262,0.099,0,"8","ACADM"
"8.TXNDC9",0,0.705865125098047,0.251,0.088,0,"8","TXNDC9"
"8.MRPS10",0,1.01934035851372,0.263,0.1,0,"8","MRPS10"
"8.TSR2",0,0.960159789608078,0.257,0.094,0,"8","TSR2"
"8.NTAN1",0,1.19280237655229,0.256,0.093,0,"8","NTAN1"
"8.ACADVL",0,0.570151122747163,0.352,0.189,0,"8","ACADVL"
"8.MYDGF",0,0.625159100345781,0.442,0.279,0,"8","MYDGF"
"8.AGGF1",0,0.794939619864834,0.267,0.105,0,"8","AGGF1"
"8.ZNF22",0,0.912527019229489,0.266,0.104,0,"8","ZNF22"
"8.C22orf39",0,0.806698580371866,0.265,0.103,0,"8","C22orf39"
"8.GNL1",0,0.746986767389471,0.263,0.101,0,"8","GNL1"
"8.NAA20",0,0.638420372639054,0.292,0.13,0,"8","NAA20"
"8.HINT1",0,0.620489167571151,0.893,0.732,0,"8","HINT1"
"8.EIF2AK1",0,0.783248498035421,0.267,0.106,0,"8","EIF2AK1"
"8.IDH3G",0,0.603552921329296,0.307,0.146,0,"8","IDH3G"
"8.SNRNP27",0,0.592862957161516,0.264,0.104,0,"8","SNRNP27"
"8.TXNL4A",0,0.996512466610863,0.273,0.113,0,"8","TXNL4A"
"8.NDUFS2",0,0.728507058345241,0.295,0.135,0,"8","NDUFS2"
"8.ZC3H13",0,0.508049073257356,0.3,0.14,0,"8","ZC3H13"
"8.MRPL40",0,0.782628906392795,0.289,0.129,0,"8","MRPL40"
"8.NSL1",0,0.76606467523568,0.261,0.102,0,"8","NSL1"
"8.FPGS",0,0.741563804691994,0.253,0.094,0,"8","FPGS"
"8.APIP",0,0.958316970885328,0.258,0.099,0,"8","APIP"
"8.COX16",0,0.688562979342516,0.285,0.126,0,"8","COX16"
"8.ABT1",0,0.575798306148578,0.26,0.102,0,"8","ABT1"
"8.TRAF1",0,0.502753591311415,0.268,0.11,0,"8","TRAF1"
"8.KATNBL1",0,0.562086942948127,0.273,0.115,0,"8","KATNBL1"
"8.GLOD4",0,0.520590145602933,0.275,0.117,0,"8","GLOD4"
"8.HDAC3",0,0.874425827002962,0.252,0.094,0,"8","HDAC3"
"8.GTF2H5",0,0.553895446028418,0.306,0.148,0,"8","GTF2H5"
"8.CCDC25",0,0.861303129829398,0.252,0.094,0,"8","CCDC25"
"8.KCNAB2",0,0.723410244080028,0.274,0.117,0,"8","KCNAB2"
"8.DOCK2",0,0.81034165367547,0.277,0.12,0,"8","DOCK2"
"8.HMG20B",0,0.933205698829402,0.267,0.11,0,"8","HMG20B"
"8.ZCCHC17",0,0.825153506217244,0.256,0.099,0,"8","ZCCHC17"
"8.PPIE",0,0.664218925402455,0.25,0.093,0,"8","PPIE"
"8.PRPF8",0,0.577838571857636,0.287,0.13,0,"8","PRPF8"
"8.PRCC",0,0.716853713470376,0.259,0.103,0,"8","PRCC"
"8.PBRM1",0,0.880490627288926,0.262,0.106,0,"8","PBRM1"
"8.PPID",0,0.558002460815395,0.266,0.11,0,"8","PPID"
"8.MRPL21",0,0.772458340858949,0.276,0.12,0,"8","MRPL21"
"8.PFN1",0,1.59370802465599,0.975,0.819,0,"8","PFN1"
"8.ARL6IP1",0,0.886439079198457,0.367,0.211,0,"8","ARL6IP1"
"8.PRPF31",0,0.832159068041987,0.252,0.096,0,"8","PRPF31"
"8.SCNM1",0,0.524315517721444,0.289,0.133,0,"8","SCNM1"
"8.GORASP2",0,0.59950066535559,0.287,0.131,0,"8","GORASP2"
"8.SMARCA2",0,0.519225135968054,0.284,0.128,0,"8","SMARCA2"
"8.LINC00116",0,0.626172818300461,0.271,0.116,0,"8","LINC00116"
"8.PARP9",0,0.693404070035223,0.281,0.126,0,"8","PARP9"
"8.PIN4",0,0.665425213323077,0.272,0.117,0,"8","PIN4"
"8.DGKZ",0,0.734399989084199,0.258,0.103,0,"8","DGKZ"
"8.PPP2R5E",0,0.579522562517549,0.273,0.118,0,"8","PPP2R5E"
"8.PRPF6",0,0.535957269266328,0.28,0.125,0,"8","PRPF6"
"8.SMARCC1",0,0.765990582903267,0.251,0.096,0,"8","SMARCC1"
"8.GTF2I",0,0.554680849418828,0.303,0.148,0,"8","GTF2I"
"8.MRPS35",0,0.869648802045728,0.254,0.099,0,"8","MRPS35"
"8.CFL1",0,1.12718519419054,0.943,0.788,0,"8","CFL1"
"8.USP14",0,0.59948358128187,0.271,0.117,0,"8","USP14"
"8.WAPL",0,0.618073950758872,0.285,0.131,0,"8","WAPL"
"8.LCMT1",0,0.653648417811302,0.258,0.105,0,"8","LCMT1"
"8.MRPL3",0,0.689453083469284,0.283,0.13,0,"8","MRPL3"
"8.DNAJC2",0,0.53463479473297,0.285,0.132,0,"8","DNAJC2"
"8.LRRFIP2",0,0.571111770095467,0.27,0.118,0,"8","LRRFIP2"
"8.NMI",0,0.654099958577037,0.276,0.125,0,"8","NMI"
"8.MAPKAPK3",0,0.86170008673672,0.263,0.112,0,"8","MAPKAPK3"
"8.PBDC1",0,0.585770341330572,0.262,0.111,0,"8","PBDC1"
"8.PPM1M",0,0.653228924333168,0.276,0.126,0,"8","PPM1M"
"8.SVIP",0,0.565562369149361,0.267,0.117,0,"8","SVIP"
"8.MIF4GD",0,0.961078801289483,0.265,0.115,0,"8","MIF4GD"
"8.GBP4",0,0.567240723125037,0.286,0.136,0,"8","GBP4"
"8.SMIM19",0,0.556265545475769,0.287,0.137,0,"8","SMIM19"
"8.IMP4",0,0.591745862008171,0.28,0.131,0,"8","IMP4"
"8.AAMP",0,0.550980947685572,0.262,0.113,0,"8","AAMP"
"8.SNF8",0,0.937622597615186,0.253,0.104,0,"8","SNF8"
"8.DHX9",0,0.609292680011428,0.25,0.101,0,"8","DHX9"
"8.BCAP29",0,0.694970577212088,0.25,0.101,0,"8","BCAP29"
"8.NUDT22",0,0.629020548339351,0.285,0.136,0,"8","NUDT22"
"8.MPV17",0,0.764803204032165,0.264,0.116,0,"8","MPV17"
"8.PFDN1",0,0.509907107518305,0.27,0.122,0,"8","PFDN1"
"8.VMA21",0,0.619520164991177,0.292,0.144,0,"8","VMA21"
"8.GTF2E2",0,0.613297809881827,0.26,0.113,0,"8","GTF2E2"
"8.DDRGK1",0,0.529964330221246,0.298,0.151,0,"8","DDRGK1"
"8.BRMS1",0,0.660239894822198,0.258,0.112,0,"8","BRMS1"
"8.ITGB7",0,0.649435398874731,0.254,0.108,0,"8","ITGB7"
"8.WARS",0,0.506722167030082,0.271,0.125,0,"8","WARS"
"8.SHARPIN",0,0.61945518283611,0.277,0.132,0,"8","SHARPIN"
"8.TSG101",0,0.732211501767701,0.255,0.11,0,"8","TSG101"
"8.GTF2F1",0,0.581421771107901,0.27,0.125,0,"8","GTF2F1"
"8.TNFRSF4",0,0.646379831040223,0.262,0.118,0,"8","TNFRSF4"
"8.NENF",0,0.860369739139064,0.273,0.129,0,"8","NENF"
"8.EPRS",0,0.609234294405975,0.267,0.123,0,"8","EPRS"
"8.MRPS25",0,0.689457880512379,0.253,0.109,0,"8","MRPS25"
"8.SLC35B1",0,0.770583945004714,0.253,0.109,0,"8","SLC35B1"
"8.NFKBIB",0,0.502581817234513,0.256,0.112,0,"8","NFKBIB"
"8.ARPC1A",0,0.519683165799121,0.298,0.154,0,"8","ARPC1A"
"8.CNIH4",0,0.687988817650267,0.266,0.123,0,"8","CNIH4"
"8.PDIA4",0,0.553467645661344,0.3,0.157,0,"8","PDIA4"
"8.CYB5A",0,0.581748909699249,0.263,0.121,0,"8","CYB5A"
"8.TTC1",0,0.851129611732601,0.25,0.109,0,"8","TTC1"
"8.TUSC2",0,0.520233278677994,0.261,0.121,0,"8","TUSC2"
"8.ATG101",0,0.500682332754461,0.262,0.122,0,"8","ATG101"
"8.MAN1A2",0,0.592638507767571,0.258,0.119,0,"8","MAN1A2"
"8.ADI1",0,0.624331875278851,0.278,0.139,0,"8","ADI1"
"8.DHX29",0,0.517706084843509,0.253,0.114,0,"8","DHX29"
"8.HDLBP",0,0.656469878932781,0.307,0.168,0,"8","HDLBP"
"8.ATP6V1D",0,0.588576801605379,0.262,0.124,0,"8","ATP6V1D"
"8.PPIA",0,1.17489985491762,0.934,0.797,0,"8","PPIA"
"8.ARHGDIB",0,0.586518229357309,0.894,0.757,0,"8","ARHGDIB"
"8.MYL6",0,0.805110615227366,0.954,0.817,0,"8","MYL6"
"8.PPP2R3C",0,0.500027385964341,0.259,0.122,0,"8","PPP2R3C"
"8.TMED3",0,0.535988000799025,0.27,0.133,0,"8","TMED3"
"8.ACTG1",0,1.16672343064372,0.978,0.841,0,"8","ACTG1"
"8.PARVG",0,0.540013366806475,0.277,0.141,0,"8","PARVG"
"8.PSMD12",0,0.559567441881219,0.25,0.115,0,"8","PSMD12"
"8.NSFL1C",0,0.576843779918044,0.252,0.117,0,"8","NSFL1C"
"8.SH3BGRL3",0,0.719309648503383,0.939,0.804,0,"8","SH3BGRL3"
"8.ATF6B",0,0.522286756100821,0.26,0.126,0,"8","ATF6B"
"8.VIM",0,0.608222302946746,0.927,0.793,0,"8","VIM"
"8.BLVRA",0,0.714939790938796,0.256,0.124,0,"8","BLVRA"
"8.CDIPT",0,0.590925639871144,0.26,0.128,0,"8","CDIPT"
"8.REXO2",0,0.524648106068395,0.254,0.123,0,"8","REXO2"
"8.NDUFA13",0,0.807986477658056,0.279,0.15,0,"8","NDUFA13"
"8.STARD3NL",0,0.540976225847744,0.262,0.133,0,"8","STARD3NL"
"8.HNRNPA1",0,0.567951881852346,0.919,0.794,0,"8","HNRNPA1"
"8.H3F3A",0,0.56152637957229,0.923,0.803,0,"8","H3F3A"
"8.GAPDH",0,1.70146710650158,0.972,0.88,0,"8","GAPDH"
"8.RPSA",0,0.524014684529324,0.938,0.88,0,"8","RPSA"
"8.ACTB",0,1.34416169854569,0.992,0.942,0,"8","ACTB"
"8.PTMA",0,0.710490317173838,0.993,0.957,0,"8","PTMA"
"8.RPLP0",0,0.555717109678932,0.959,0.932,0,"8","RPLP0"
"9.MZB1",0,3.75459890123135,0.871,0.088,0,"9","MZB1"
"9.IGLC2",0,8.76905239893199,0.889,0.115,0,"9","IGLC2"
"9.DERL3",0,3.9120478310855,0.783,0.056,0,"9","DERL3"
"9.IGHG1",0,3.60260724925891,0.819,0.12,0,"9","IGHG1"
"9.JCHAIN",0,4.27568263584965,0.793,0.096,0,"9","JCHAIN"
"9.IGLC3",0,9.09992752475435,0.72,0.057,0,"9","IGLC3"
"9.IGLV2-14",0,9.35103126963653,0.73,0.07,0,"9","IGLV2-14"
"9.IGLV2-23",0,9.37442385292274,0.663,0.034,0,"9","IGLV2-23"
"9.FKBP11",0,2.61329439456342,0.755,0.134,0,"9","FKBP11"
"9.CD79A",0,2.03397618563345,0.71,0.11,0,"9","CD79A"
"9.IGLV1-40",0,9.32257978427354,0.67,0.075,0,"9","IGLV1-40"
"9.IGHG4",0,4.0443346533065,0.659,0.072,0,"9","IGHG4"
"9.IGLV2-11",0,8.56142476868061,0.605,0.028,0,"9","IGLV2-11"
"9.IGLV3-25",0,9.87321166735918,0.636,0.065,0,"9","IGLV3-25"
"9.IGHG3",0,4.82848272634347,0.647,0.077,0,"9","IGHG3"
"9.IGLV3-1",0,8.62217021839065,0.636,0.066,0,"9","IGLV3-1"
"9.IGLV1-51",0,8.85182202377646,0.624,0.055,0,"9","IGLV1-51"
"9.IGLV1-44",0,8.40987131922669,0.595,0.037,0,"9","IGLV1-44"
"9.IGLV1-47",0,9.9836053304284,0.584,0.03,0,"9","IGLV1-47"
"9.ITM2C",0,2.08050080876791,0.72,0.171,0,"9","ITM2C"
"9.PRDX4",0,2.61980093962117,0.698,0.15,0,"9","PRDX4"
"9.XBP1",0,2.4166351935682,0.88,0.341,0,"9","XBP1"
"9.IGLV6-57",0,8.98000901784713,0.569,0.034,0,"9","IGLV6-57"
"9.SEC11C",0,2.23279881524968,0.782,0.258,0,"9","SEC11C"
"9.IGLV3-21",0,9.71106163515065,0.545,0.039,0,"9","IGLV3-21"
"9.FKBP2",0,1.85355503991091,0.718,0.243,0,"9","FKBP2"
"9.IGLV2-8",0,8.9180013206133,0.499,0.026,0,"9","IGLV2-8"
"9.IGLV2-18",0,9.61960213986008,0.49,0.018,0,"9","IGLV2-18"
"9.IGLV3-19",0,7.81593039026201,0.504,0.036,0,"9","IGLV3-19"
"9.PLPP5",0,1.90033094649043,0.569,0.123,0,"9","PLPP5"
"9.SDF2L1",0,1.63332793543651,0.641,0.215,0,"9","SDF2L1"
"9.HSP90B1",0,1.71500173468622,0.832,0.418,0,"9","HSP90B1"
"9.ERLEC1",0,1.83173018888599,0.578,0.167,0,"9","ERLEC1"
"9.VIMP",0,1.46742874106328,0.628,0.228,0,"9","VIMP"
"9.TNFRSF17",0,3.6873539781608,0.426,0.027,0,"9","TNFRSF17"
"9.SSR3",0,1.35603539269556,0.7,0.308,0,"9","SSR3"
"9.SELM",0,1.31827865350128,0.561,0.175,0,"9","SELM"
"9.SSR4",0,2.54185704836052,0.949,0.567,0,"9","SSR4"
"9.LMAN1",0,1.38124743991715,0.587,0.208,0,"9","LMAN1"
"9.IGHA1",0,4.18823910517584,0.457,0.081,0,"9","IGHA1"
"9.IGLL5",0,4.82322733477602,0.412,0.039,0,"9","IGLL5"
"9.CD38",0,1.98525795329143,0.492,0.12,0,"9","CD38"
"9.POU2AF1",0,2.6995869817687,0.416,0.045,0,"9","POU2AF1"
"9.UBE2J1",0,1.38032712507825,0.589,0.22,0,"9","UBE2J1"
"9.SPCS2",0,1.09706724337722,0.72,0.353,0,"9","SPCS2"
"9.CRELD2",0,1.569815204851,0.514,0.151,0,"9","CRELD2"
"9.MYDGF",0,1.29805016987883,0.631,0.275,0,"9","MYDGF"
"9.IGHG2",0,5.15834068910615,0.374,0.022,0,"9","IGHG2"
"9.SPCS3",0,1.10037159323179,0.597,0.248,0,"9","SPCS3"
"9.NUCB2",0,1.20360666876643,0.52,0.171,0,"9","NUCB2"
"9.SDC1",0,3.4462142829271,0.371,0.026,0,"9","SDC1"
"9.RRBP1",0,1.71773439976103,0.484,0.14,0,"9","RRBP1"
"9.IGLV3-9",0,9.41920185457341,0.362,0.018,0,"9","IGLV3-9"
"9.IGLV3-27",0,10.0452532305061,0.349,0.007,0,"9","IGLV3-27"
"9.PIM2",0,1.02421899503525,0.545,0.206,0,"9","PIM2"
"9.HERPUD1",0,1.40810166430865,0.848,0.51,0,"9","HERPUD1"
"9.IGHV3-30",0,3.68559416216725,0.381,0.051,0,"9","IGHV3-30"
"9.KDELR1",0,0.983551192999014,0.589,0.266,0,"9","KDELR1"
"9.IGKC",0,1.17918852986777,0.567,0.245,0,"9","IGKC"
"9.CHPF",0,2.43585918980314,0.365,0.046,0,"9","CHPF"
"9.FCRL5",0,3.01953487661163,0.343,0.027,0,"9","FCRL5"
"9.IGLV3-10",0,6.95899769429758,0.316,0.008,0,"9","IGLV3-10"
"9.RP11-16E12.2",0,3.79235604283992,0.324,0.018,0,"9","RP11-16E12.2"
"9.MANF",0,1.07073569820399,0.473,0.17,0,"9","MANF"
"9.TXNDC15",0,1.2278026792075,0.428,0.126,0,"9","TXNDC15"
"9.IGHV3-21",0,2.79512569975527,0.354,0.054,0,"9","IGHV3-21"
"9.KDELR2",0,0.891658984839939,0.552,0.254,0,"9","KDELR2"
"9.ST6GALNAC4",0,1.8282069513748,0.371,0.074,0,"9","ST6GALNAC4"
"9.JSRP1",0,3.1807582989247,0.324,0.028,0,"9","JSRP1"
"9.RABAC1",0,0.863757209209029,0.669,0.374,0,"9","RABAC1"
"9.PDIA6",0,0.56843772668419,0.635,0.34,0,"9","PDIA6"
"9.CD24",0,2.21403900312934,0.419,0.124,0,"9","CD24"
"9.IGHV3-23",0,2.77713919598165,0.348,0.053,0,"9","IGHV3-23"
"9.GSTP1",0,0.548715862786583,0.711,0.418,0,"9","GSTP1"
"9.SEL1L",0,1.5919826799888,0.394,0.102,0,"9","SEL1L"
"9.SPCS1",0,0.840448261394837,0.737,0.445,0,"9","SPCS1"
"9.MEI1",0,1.42300430116543,0.376,0.085,0,"9","MEI1"
"9.TXNDC11",0,1.51880034952568,0.395,0.107,0,"9","TXNDC11"
"9.HDLBP",0,1.27065266336088,0.448,0.166,0,"9","HDLBP"
"9.HM13",0,0.841629290724818,0.534,0.254,0,"9","HM13"
"9.ZBP1",0,1.60277134213043,0.344,0.076,0,"9","ZBP1"
"9.SRPRB",0,1.21090937434205,0.358,0.092,0,"9","SRPRB"
"9.SLAMF7",0,1.50385189032099,0.35,0.084,0,"9","SLAMF7"
"9.SPAG4",0,3.32267670064306,0.288,0.024,0,"9","SPAG4"
"9.IGHV4-39",0,2.39934573650907,0.31,0.05,0,"9","IGHV4-39"
"9.IGHV1-18",0,5.03996446554758,0.293,0.034,0,"9","IGHV1-18"
"9.DNAJC1",0,0.598549337801154,0.474,0.217,0,"9","DNAJC1"
"9.SEC61B",0,0.654031962059063,0.753,0.497,0,"9","SEC61B"
"9.ERGIC3",0,0.520146745887428,0.525,0.269,0,"9","ERGIC3"
"9.EAF2",0,1.65590313767186,0.325,0.07,0,"9","EAF2"
"9.P4HB",0,0.508691701192387,0.59,0.335,0,"9","P4HB"
"9.PNOC",0,2.79939623633137,0.276,0.022,0,"9","PNOC"
"9.IGLV7-46",0,6.7497883230483,0.28,0.026,0,"9","IGLV7-46"
"9.IGHV1-46",0,4.45320507878221,0.29,0.037,0,"9","IGHV1-46"
"9.CPNE5",0,2.51952727029707,0.279,0.028,0,"9","CPNE5"
"9.CAV1",0,2.25950654362246,0.286,0.035,0,"9","CAV1"
"9.ARSA",0,1.25953807570498,0.355,0.104,0,"9","ARSA"
"9.SPATS2",0,1.9456483182972,0.307,0.06,0,"9","SPATS2"
"9.PDIA4",0,1.29820709895846,0.401,0.156,0,"9","PDIA4"
"9.RP11-290F5.1",0,3.72093320843139,0.261,0.016,0,"9","RP11-290F5.1"
"9.TMEM208",0,0.652523691131271,0.428,0.185,0,"9","TMEM208"
"9.GMPPB",0,1.81697128111091,0.305,0.064,0,"9","GMPPB"
"9.PDK1",0,2.2883146843118,0.272,0.037,0,"9","PDK1"
"9.SEC61A1",0,1.09152699183082,0.359,0.125,0,"9","SEC61A1"
"9.C1orf186",0,2.18634621515706,0.259,0.028,0,"9","C1orf186"
"9.CH17-224D4.2",0,5.73847612485414,0.263,0.032,0,"9","CH17-224D4.2"
"9.SEL1L3",0,1.1483397119825,0.309,0.079,0,"9","SEL1L3"
"9.DNAJC4",0,0.667930712888735,0.403,0.175,0,"9","DNAJC4"
"9.TRIB1",0,1.72095442181131,0.302,0.078,0,"9","TRIB1"
"9.IGHM",0,5.03175638500127,0.278,0.057,0,"9","IGHM"
"9.RAB30",0,1.76465832814336,0.27,0.05,0,"9","RAB30"
"9.IFNAR2",0,0.507017635463135,0.382,0.162,0,"9","IFNAR2"
"9.IGHV4-34",0,4.57965745479082,0.25,0.034,0,"9","IGHV4-34"
"9.C11orf24",0,1.47796710262683,0.283,0.067,0,"9","C11orf24"
"9.PREB",0,1.0147281296958,0.318,0.103,0,"9","PREB"
"9.KLF13",0,1.19835511111492,0.288,0.077,0,"9","KLF13"
"9.ALG5",0,0.880855156213026,0.324,0.114,0,"9","ALG5"
"9.DNAJC3",0,0.535566180880591,0.39,0.183,0,"9","DNAJC3"
"9.FNDC3B",0,1.1393103024891,0.322,0.12,0,"9","FNDC3B"
"9.HSH2D",0,0.731298508476483,0.288,0.086,0,"9","HSH2D"
"9.CREB3L2",0,1.14757172495841,0.284,0.087,0,"9","CREB3L2"
"9.CCPG1",0,0.543760369724723,0.322,0.131,0,"9","CCPG1"
"9.CHID1",0,0.847400825742286,0.299,0.112,0,"9","CHID1"
"9.TMEM205",0,0.516964518228302,0.309,0.125,0,"9","TMEM205"
"9.SIL1",0,1.13260226087866,0.267,0.084,0,"9","SIL1"
"9.B4GALT7",0,1.3532112145523,0.252,0.071,0,"9","B4GALT7"
"9.TOR3A",0,0.874993251405796,0.314,0.134,0,"9","TOR3A"
"9.PECAM1",0,1.20993034901297,0.286,0.106,0,"9","PECAM1"
"9.WIPI1",0,1.20767990252572,0.251,0.072,0,"9","WIPI1"
"9.ARMCX3",0,0.517046781772452,0.319,0.145,0,"9","ARMCX3"
"9.GORASP2",0,0.605481450705691,0.305,0.132,0,"9","GORASP2"
"9.RP11-160E2.6",0,0.999557369173971,0.265,0.094,0,"9","RP11-160E2.6"
"9.ST6GAL1",0,0.825966151333583,0.261,0.093,0,"9","ST6GAL1"
"9.SLC38A10",0,0.98272269959761,0.265,0.098,0,"9","SLC38A10"
"9.LRRC59",0,0.588685322743995,0.311,0.145,0,"9","LRRC59"
"9.SLC35B1",0,0.575573816030528,0.265,0.109,0,"9","SLC35B1"
"9.TAPBPL",0,0.632501185048936,0.25,0.095,0,"9","TAPBPL"
"9.CALU",0,0.519189904767767,0.255,0.107,0,"9","CALU"
"9.MT-ND6",1.33226762955019e-15,0.510352070998979,0.437,0.297,3.45536932400137e-11,"9","MT-ND6"
"10.IFIT3",0,3.96043175943018,0.532,0.079,0,"10","IFIT3"
"10.MX1",0,2.81439152416267,0.662,0.22,0,"10","MX1"
"10.ISG15",0,2.5102475550046,0.83,0.39,0,"10","ISG15"
"10.IFI6",0,2.27373245986858,0.747,0.311,0,"10","IFI6"
"10.IFIT1",0,3.95593059016911,0.491,0.059,0,"10","IFIT1"
"10.RSAD2",0,4.17207637213862,0.468,0.056,0,"10","RSAD2"
"10.OAS1",0,2.84053903771249,0.525,0.151,0,"10","OAS1"
"10.STAT1",0,1.95932558273879,0.674,0.309,0,"10","STAT1"
"10.ISG20",0,2.00221444563397,0.813,0.45,0,"10","ISG20"
"10.IFI44L",0,2.19146236609851,0.563,0.206,0,"10","IFI44L"
"10.OASL",0,2.65932413752926,0.497,0.151,0,"10","OASL"
"10.EIF2AK2",0,2.24913090886957,0.544,0.205,0,"10","EIF2AK2"
"10.GBP1",0,2.16072820122736,0.492,0.171,0,"10","GBP1"
"10.MX2",0,2.48908923540148,0.435,0.135,0,"10","MX2"
"10.IFIT2",0,4.0015578438005,0.359,0.066,0,"10","IFIT2"
"10.MT2A",0,1.37600772471393,0.734,0.443,0,"10","MT2A"
"10.TRIM22",0,1.90572518346305,0.523,0.233,0,"10","TRIM22"
"10.RNF213",0,1.64417966723273,0.635,0.354,0,"10","RNF213"
"10.TNFSF10",0,2.33847429240283,0.454,0.179,0,"10","TNFSF10"
"10.SAMD9L",0,2.24924183123686,0.448,0.174,0,"10","SAMD9L"
"10.XAF1",0,1.96426040843207,0.477,0.204,0,"10","XAF1"
"10.LY6E",0,1.7631777251903,0.775,0.504,0,"10","LY6E"
"10.IRF7",0,1.74545762933497,0.541,0.27,0,"10","IRF7"
"10.CD2",0,0.827782655944472,0.697,0.431,0,"10","CD2"
"10.HERC5",0,2.76337657951653,0.362,0.097,0,"10","HERC5"
"10.SAMD9",0,2.0786635266215,0.429,0.165,0,"10","SAMD9"
"10.GIMAP7",0,1.62521815061973,0.483,0.222,0,"10","GIMAP7"
"10.CD3D",0,0.636465559178522,0.706,0.446,0,"10","CD3D"
"10.CMPK2",0,3.28775622610342,0.321,0.062,0,"10","CMPK2"
"10.SP100",0,1.44959690954829,0.613,0.356,0,"10","SP100"
"10.EVL",0,1.1806205466451,0.694,0.439,0,"10","EVL"
"10.IFITM1",0,1.92770733231181,0.794,0.541,0,"10","IFITM1"
"10.IFI44",0,2.27324229024401,0.376,0.13,0,"10","IFI44"
"10.NT5C3A",0,2.02976429454857,0.42,0.176,0,"10","NT5C3A"
"10.EPSTI1",0,1.8153652646041,0.488,0.244,0,"10","EPSTI1"
"10.C19orf66",0,1.91652870307454,0.421,0.178,0,"10","C19orf66"
"10.UBE2L6",0,1.61986115677566,0.578,0.335,0,"10","UBE2L6"
"10.CD3E",0,0.656518307321242,0.737,0.497,0,"10","CD3E"
"10.IFI35",0,2.20126433722807,0.417,0.182,0,"10","IFI35"
"10.GZMA",0,1.09407166070134,0.476,0.242,0,"10","GZMA"
"10.RARRES3",0,1.25497090341334,0.671,0.438,0,"10","RARRES3"
"10.USP18",0,2.95126353565944,0.297,0.067,0,"10","USP18"
"10.TAP1",0,1.48935922035508,0.541,0.317,0,"10","TAP1"
"10.PLSCR1",0,1.80426101013044,0.436,0.212,0,"10","PLSCR1"
"10.CD69",0,0.601539764203215,0.76,0.538,0,"10","CD69"
"10.SLFN5",0,1.73660369938835,0.392,0.173,0,"10","SLFN5"
"10.CD48",0,1.08361499043638,0.616,0.397,0,"10","CD48"
"10.IFI16",0,1.36634521822551,0.574,0.359,0,"10","IFI16"
"10.DRAP1",0,1.30208484934904,0.63,0.416,0,"10","DRAP1"
"10.PSMB9",0,1.2458745696983,0.727,0.519,0,"10","PSMB9"
"10.OAS3",0,2.80166983313416,0.283,0.076,0,"10","OAS3"
"10.GIMAP4",0,1.34257896522421,0.457,0.252,0,"10","GIMAP4"
"10.C5orf56",0,1.69516349066043,0.357,0.152,0,"10","C5orf56"
"10.PPM1K",0,1.69476583773582,0.38,0.176,0,"10","PPM1K"
"10.GBP5",0,1.53978437381841,0.413,0.21,0,"10","GBP5"
"10.GZMK",0,1.35401677744785,0.368,0.165,0,"10","GZMK"
"10.SMCHD1",0,1.17253752436015,0.558,0.357,0,"10","SMCHD1"
"10.CCL5",0,0.881097387050356,0.645,0.444,0,"10","CCL5"
"10.RBCK1",0,1.53273473111594,0.426,0.236,0,"10","RBCK1"
"10.GBP4",0,1.98019787511705,0.323,0.137,0,"10","GBP4"
"10.PARP9",0,2.03366086366326,0.313,0.127,0,"10","PARP9"
"10.IFITM2",0,0.922622785306627,0.788,0.603,0,"10","IFITM2"
"10.TRAC",0,0.500206619976905,0.49,0.309,0,"10","TRAC"
"10.CHST12",0,1.69511628218137,0.327,0.147,0,"10","CHST12"
"10.BST2",0,1.23508479870272,0.606,0.429,0,"10","BST2"
"10.LCK",0,0.689032316537727,0.477,0.305,0,"10","LCK"
"10.SHISA5",0,1.24874070765543,0.452,0.28,0,"10","SHISA5"
"10.ZBP1",0,2.1383282387434,0.25,0.079,0,"10","ZBP1"
"10.ADAR",0,1.33861687853156,0.421,0.252,0,"10","ADAR"
"10.LAG3",0,1.87716633953284,0.291,0.124,0,"10","LAG3"
"10.MYL12A",0,0.976356911969939,0.883,0.717,0,"10","MYL12A"
"10.ALOX5AP",0,0.780830041654454,0.564,0.399,0,"10","ALOX5AP"
"10.SYNE2",0,1.01497268872272,0.372,0.209,0,"10","SYNE2"
"10.CLEC2D",0,0.812902714569828,0.419,0.257,0,"10","CLEC2D"
"10.IL2RG",0,0.562879971768982,0.638,0.482,0,"10","IL2RG"
"10.STK17A",0,0.624967676279729,0.524,0.37,0,"10","STK17A"
"10.PSMB8",0,0.974752683533315,0.552,0.399,0,"10","PSMB8"
"10.CD247",0,0.680991276805252,0.37,0.219,0,"10","CD247"
"10.CD96",0,0.805477574645515,0.393,0.244,0,"10","CD96"
"10.OCIAD2",0,0.827592516844668,0.412,0.266,0,"10","OCIAD2"
"10.CD3G",0,0.619240801275566,0.408,0.262,0,"10","CD3G"
"10.CST7",0,0.555763244419206,0.456,0.312,0,"10","CST7"
"10.CD8A",0,1.04506086990426,0.322,0.179,0,"10","CD8A"
"10.SEPT1",0,0.830764036990638,0.369,0.227,0,"10","SEPT1"
"10.NUB1",0,1.55024552894617,0.284,0.145,0,"10","NUB1"
"10.PARP14",0,1.47239944035262,0.321,0.183,0,"10","PARP14"
"10.RAC2",0,0.69004893706756,0.689,0.553,0,"10","RAC2"
"10.CYTIP",0,0.527382003227385,0.663,0.528,0,"10","CYTIP"
"10.SP140",0,1.32021271198333,0.294,0.159,0,"10","SP140"
"10.ODF2L",0,1.11297255144911,0.306,0.174,0,"10","ODF2L"
"10.LAT",0,0.583981196155862,0.372,0.243,0,"10","LAT"
"10.XRN1",0,1.54262667858561,0.269,0.141,0,"10","XRN1"
"10.RGS1",0,0.542519728138288,0.696,0.568,0,"10","RGS1"
"10.CD8B",0,0.947521453637564,0.272,0.145,0,"10","CD8B"
"10.CD6",0,0.923254753808341,0.294,0.168,0,"10","CD6"
"10.FYN",0,0.612429529006894,0.376,0.252,0,"10","FYN"
"10.TRAT1",0,0.810194037538127,0.267,0.144,0,"10","TRAT1"
"10.FYB",0,0.591114284548069,0.625,0.502,0,"10","FYB"
"10.GZMM",0,0.738354034707043,0.292,0.171,0,"10","GZMM"
"10.APOL6",0,1.52153164782861,0.275,0.155,0,"10","APOL6"
"10.APOBEC3G",0,0.904548635678751,0.373,0.253,0,"10","APOBEC3G"
"10.LAP3",0,1.11376595843261,0.361,0.244,0,"10","LAP3"
"10.OPTN",0,0.9672742504186,0.327,0.211,0,"10","OPTN"
"10.PSME1",0,0.706063046698528,0.726,0.611,0,"10","PSME1"
"10.PPP2R5C",0,0.610126807927084,0.423,0.308,0,"10","PPP2R5C"
"10.DENND2D",0,1.10374136195197,0.282,0.167,0,"10","DENND2D"
"10.ELF1",0,0.590627734127938,0.622,0.509,0,"10","ELF1"
"10.DYNLT1",0,0.897617040386091,0.432,0.32,0,"10","DYNLT1"
"10.PHF11",0,1.34255221575393,0.276,0.165,0,"10","PHF11"
"10.CAMK4",0,0.679980897314547,0.253,0.143,0,"10","CAMK4"
"10.ARHGAP15",0,0.652751640527994,0.387,0.278,0,"10","ARHGAP15"
"10.EMB",0,0.770702440802157,0.37,0.262,0,"10","EMB"
"10.TNFAIP8",0,0.676910333659583,0.374,0.266,0,"10","TNFAIP8"
"10.TMEM123",0,0.921091616531626,0.412,0.304,0,"10","TMEM123"
"10.CORO1A",0,0.576958485552036,0.672,0.565,0,"10","CORO1A"
"10.GBP2",0,0.929112051131282,0.342,0.236,0,"10","GBP2"
"10.PARP8",0,0.779359214382819,0.275,0.169,0,"10","PARP8"
"10.CCND3",0,0.747909601223922,0.376,0.27,0,"10","CCND3"
"10.LPIN2",0,1.15886192535964,0.263,0.158,0,"10","LPIN2"
"10.CXCR3",0,0.743455256928969,0.268,0.164,0,"10","CXCR3"
"10.MYL12B",0,0.534012268214741,0.705,0.602,0,"10","MYL12B"
"10.KIAA1551",0,0.739399587922927,0.383,0.281,0,"10","KIAA1551"
"10.CHMP5",0,1.003914784881,0.341,0.241,0,"10","CHMP5"
"10.PSMB10",0,0.896782141796612,0.382,0.284,0,"10","PSMB10"
"10.GSTK1",0,0.655155562854683,0.553,0.459,0,"10","GSTK1"
"10.TXNIP",0,0.672023684501947,0.625,0.535,0,"10","TXNIP"
"10.CASP1",0,1.14019029661763,0.276,0.188,0,"10","CASP1"
"10.LIMD2",0,0.606664588558079,0.553,0.466,0,"10","LIMD2"
"10.HLA-E",0,0.688393938775618,0.904,0.828,0,"10","HLA-E"
"10.ZFP36L2",0,0.673681325678648,0.853,0.79,0,"10","ZFP36L2"
"10.HLA-A",0,0.517982537305529,0.942,0.91,0,"10","HLA-A"
"10.HLA-B",0,0.507266955723311,0.97,0.953,0,"10","HLA-B"
"10.HLA-C",0,0.538148589662019,0.927,0.913,0,"10","HLA-C"
"10.TBC1D10C",2.22044604925031e-16,0.640354215126068,0.337,0.232,5.75894887333561e-12,"10","TBC1D10C"
"10.BTN3A2",2.22044604925031e-16,0.901504793396753,0.292,0.204,5.75894887333561e-12,"10","BTN3A2"
"10.CARD16",4.44089209850063e-16,0.668518508273957,0.372,0.281,1.15178977466712e-11,"10","CARD16"
"10.WIPF1",8.88178419700125e-16,0.685167581218278,0.429,0.344,2.30357954933424e-11,"10","WIPF1"
"10.NAPA",1.11022302462516e-15,0.969850515910614,0.331,0.251,2.87947443666781e-11,"10","NAPA"
"10.CCR7",2.66453525910038e-15,0.691485814920701,0.278,0.182,6.91073864800273e-11,"10","CCR7"
"10.TRAF3IP3",3.33066907387547e-15,0.634255927210174,0.336,0.238,8.63842331000342e-11,"10","TRAF3IP3"
"10.N4BP2L2",3.33066907387547e-15,0.539653284110031,0.524,0.442,8.63842331000342e-11,"10","N4BP2L2"
"10.TAPBP",1.02140518265514e-14,0.656067718330774,0.44,0.369,2.64911648173438e-10,"10","TAPBP"
"10.PIK3IP1",1.70974345792274e-14,0.664697000418942,0.312,0.216,4.43439063246842e-10,"10","PIK3IP1"
"10.C4orf3",4.90718576884319e-14,0.553384007062322,0.533,0.465,1.27272770100717e-09,"10","C4orf3"
"10.PTGER4",9.61453139325386e-14,0.608773199934725,0.35,0.26,2.49362486215432e-09,"10","PTGER4"
"10.ITK",1.01030295240889e-13,0.641451430881674,0.262,0.17,2.6203217373677e-09,"10","ITK"
"10.PDCD4",2.67785793539588e-13,0.567721584424725,0.373,0.279,6.94529234124275e-09,"10","PDCD4"
"10.HLA-F",6.41930952838266e-13,0.608805877729875,0.404,0.328,1.66491211928133e-08,"10","HLA-F"
"10.CD47",6.87672141452822e-13,0.797410033305388,0.372,0.302,1.78354646607204e-08,"10","CD47"
"10.IRF1",2.13806750082313e-12,0.58637099581488,0.491,0.42,5.54529187013486e-08,"10","IRF1"
"10.IKZF1",2.87547763377916e-12,0.688981055887442,0.295,0.216,7.45783879096962e-08,"10","IKZF1"
"10.GPSM3",3.47433193326196e-12,0.512453520873755,0.507,0.452,9.01102730210823e-08,"10","GPSM3"
"10.TANK",9.12114828111044e-12,0.658576279297047,0.328,0.251,2.3656610181888e-07,"10","TANK"
"10.PPP1CC",1.0582645870727e-11,0.717693448541883,0.338,0.269,2.74471503303175e-07,"10","PPP1CC"
"10.RHOF",3.58526541788251e-11,0.534417562880127,0.28,0.197,9.29874438782008e-07,"10","RHOF"
"10.SOCS1",5.39279731981424e-11,0.626470998165506,0.414,0.339,1.39867591286702e-06,"10","SOCS1"
"10.DEF6",8.04032396217735e-11,0.660850897211656,0.28,0.207,2.08533842283032e-06,"10","DEF6"
"10.IDH2",8.95181706539461e-11,0.776587206961896,0.331,0.273,2.32174327408075e-06,"10","IDH2"
"10.CNN2",1.25066845768629e-10,0.525034155913024,0.438,0.367,3.24373371185516e-06,"10","CNN2"
"10.CIB1",2.52725396165943e-10,0.533034391265355,0.474,0.415,6.55468587495989e-06,"10","CIB1"
"10.MBP",3.06644931669098e-10,0.578624364880894,0.308,0.236,7.95314294776972e-06,"10","MBP"
"10.ZC3HAV1",4.37190506019647e-10,0.587537978163346,0.384,0.31,1.13389729641256e-05,"10","ZC3HAV1"
"10.USP15",5.16404918826652e-10,0.690264958890835,0.356,0.292,1.3393477974688e-05,"10","USP15"
"10.CD27",6.51741993706878e-10,0.510881856541325,0.333,0.256,1.69035803487816e-05,"10","CD27"
"10.ARID5A",6.27008356346437e-09,0.629319153845558,0.311,0.248,0.000162620887302012,"10","ARID5A"
"10.SEPT9",8.97353813478219e-09,0.594281920477209,0.358,0.296,0.000232737685063711,"10","SEPT9"
"10.MYCBP2",1.2971081098101e-08,0.676793948436714,0.302,0.244,0.000336417959360347,"10","MYCBP2"
"10.AES",1.42854317264351e-08,0.577246406058554,0.336,0.274,0.000370506957256822,"10","AES"
"10.PRMT2",1.54184149891989e-08,0.630312977621511,0.336,0.278,0.000399892011159864,"10","PRMT2"
"10.CDC42SE2",1.67336107192995e-08,0.551643222270586,0.359,0.296,0.000434002927615751,"10","CDC42SE2"
"10.ANXA6",2.00688146101413e-08,0.586253296365886,0.308,0.246,0.000520504775728625,"10","ANXA6"
"10.MSN",2.1187672949452e-08,0.554874275491348,0.398,0.345,0.000549523485616987,"10","MSN"
"10.CCDC109B",3.7702980737464e-08,0.701156758496421,0.279,0.225,0.000977864508406867,"10","CCDC109B"
"10.CCDC85B",1.19037439905156e-07,0.603716775164729,0.359,0.312,0.00308735504138014,"10","CCDC85B"
"10.BAZ1A",2.61384319744096e-07,0.653146312525603,0.327,0.277,0.00677926371688287,"10","BAZ1A"
"10.CD164",7.85381571111188e-07,0.661327068242492,0.351,0.313,0.0203696564283398,"10","CD164"
"10.TSC22D4",9.66994752049644e-07,0.675032125452941,0.25,0.202,0.0250799758891596,"10","TSC22D4"
"10.KPNB1",1.03441914145463e-06,0.753963232834779,0.268,0.223,0.0268286948527674,"10","KPNB1"
"10.PSMA5",1.43896465099047e-06,0.554271925564366,0.301,0.255,0.0373209871880888,"10","PSMA5"
"10.SIGIRR",1.64435636751392e-06,0.526564221671709,0.273,0.22,0.0426480267478411,"10","SIGIRR"
"10.SELL",4.11474085004748e-06,0.539380476246186,0.252,0.201,0.106719918686832,"10","SELL"
"10.PYURF",6.06150914195247e-06,0.635966937180431,0.284,0.244,0.157211301105679,"10","PYURF"
"10.MAT2B",2.61971236323877e-05,0.538490051376072,0.258,0.216,0.679448598529607,"10","MAT2B"
"10.CASP4",0.000145721847071512,0.513536048624235,0.293,0.262,1,"10","CASP4"
"10.CSK",0.000571543190338586,0.536337699710965,0.25,0.22,1,"10","CSK"
"10.HM13",0.0161653002452926,0.556709913848615,0.268,0.26,1,"10","HM13"
"11.CD24",0,3.09320661671506,0.528,0.126,0,"11","CD24"
"11.LTB",0,1.36251084401838,0.74,0.372,0,"11","LTB"
"11.CD3E",0,0.861547940243151,0.824,0.497,0,"11","CD3E"
"11.IFITM1",0,0.945776519634531,0.857,0.542,0,"11","IFITM1"
"11.MT-ATP8",0,0.57118633893394,0.939,0.713,0,"11","MT-ATP8"
"11.LAT",0,1.22779059586501,0.46,0.243,0,"11","LAT"
"11.LCK",0,1.07080828872213,0.516,0.306,0,"11","LCK"
"11.LIMD2",0,1.03389829654536,0.674,0.465,0,"11","LIMD2"
"11.CCR7",0,1.24267354719281,0.387,0.181,0,"11","CCR7"
"11.MT-ND4L",0,1.06001281179693,0.993,0.79,0,"11","MT-ND4L"
"11.IL32",0,0.553310703484534,0.714,0.52,0,"11","IL32"
"11.FCMR",0,1.3120834261186,0.336,0.149,0,"11","FCMR"
"11.SPOCK2",0,0.965706555536844,0.43,0.249,0,"11","SPOCK2"
"11.RAC2",0,0.685673791641119,0.725,0.554,0,"11","RAC2"
"11.C12orf57",0,0.886555327262267,0.646,0.477,0,"11","C12orf57"
"11.SEPT6",0,1.1024629223961,0.521,0.357,0,"11","SEPT6"
"11.GLTSCR2",0,1.0586433802745,0.655,0.491,0,"11","GLTSCR2"
"11.CD27",0,0.821020079217006,0.412,0.255,0,"11","CD27"
"11.TRAF3IP3",0,1.16872244267954,0.393,0.238,0,"11","TRAF3IP3"
"11.CORO1A",0,0.533896032106979,0.719,0.566,0,"11","CORO1A"
"11.FYB",0,0.75937535476441,0.652,0.502,0,"11","FYB"
"11.FLT3LG",0,1.33432509523147,0.307,0.158,0,"11","FLT3LG"
"11.TCF7",0,1.46415064179246,0.254,0.106,0,"11","TCF7"
"11.HIST1H4C",0,0.696888780377053,0.475,0.329,0,"11","HIST1H4C"
"11.CD3G",0,0.645124071765834,0.408,0.263,0,"11","CD3G"
"11.PIK3IP1",0,1.01565953106885,0.36,0.216,0,"11","PIK3IP1"
"11.STAT3",0,0.93569476584763,0.537,0.397,0,"11","STAT3"
"11.ZFP36L2",0,1.34129996817371,0.92,0.789,0,"11","ZFP36L2"
"11.ITK",0,1.02860362741151,0.301,0.17,0,"11","ITK"
"11.MT-ND5",0,0.797791484465103,0.897,0.768,0,"11","MT-ND5"
"11.GIMAP7",0,0.936476197327105,0.353,0.225,0,"11","GIMAP7"
"11.PRMT2",0,1.11428366522184,0.4,0.278,0,"11","PRMT2"
"11.SF1",0,0.821210742063818,0.557,0.438,0,"11","SF1"
"11.CAMK4",0,1.01438521561519,0.263,0.144,0,"11","CAMK4"
"11.SOCS1",0,0.83630334307836,0.458,0.339,0,"11","SOCS1"
"11.MT-ND6",0,1.12107445347078,0.418,0.299,0,"11","MT-ND6"
"11.NFKBIA",0,0.505604931056062,0.78,0.664,0,"11","NFKBIA"
"11.SARAF",0,0.782359520205957,0.9,0.786,0,"11","SARAF"
"11.LDHB",0,0.788545233850551,0.624,0.511,0,"11","LDHB"
"11.RPS2",0,0.51285440537409,0.92,0.809,0,"11","RPS2"
"11.FXYD5",0,0.875560050083814,0.781,0.676,0,"11","FXYD5"
"11.ANKRD12",0,0.902035594109171,0.534,0.431,0,"11","ANKRD12"
"11.PPDPF",0,0.505852471394565,0.768,0.67,0,"11","PPDPF"
"11.JUNB",0,0.709377182162924,0.905,0.812,0,"11","JUNB"
"11.EEF1D",0,0.748092499272557,0.908,0.827,0,"11","EEF1D"
"11.BTG1",0,0.736893552719601,0.97,0.89,0,"11","BTG1"
"11.SLC25A6",0,0.549214879612057,0.677,0.612,0,"11","SLC25A6"
"11.MT-ND1",0,0.694002787954255,0.981,0.916,0,"11","MT-ND1"
"11.CCNI",0,0.558341391449067,0.746,0.682,0,"11","CCNI"
"11.RPL18",0,0.533008007148165,0.978,0.916,0,"11","RPL18"
"11.HLA-E",0,0.510071453599763,0.882,0.829,0,"11","HLA-E"
"11.HLA-A",0,0.546806190038328,0.963,0.91,0,"11","HLA-A"
"11.EEF2",0,0.585095899944331,0.734,0.682,0,"11","EEF2"
"11.RPL4",0,0.520049016959942,0.853,0.804,0,"11","RPL4"
"11.RPL13",0,0.659890251239404,0.993,0.954,0,"11","RPL13"
"11.MT-CYB",0,0.908004585676266,0.991,0.954,0,"11","MT-CYB"
"11.RPLP0",0,0.570132865893905,0.966,0.933,0,"11","RPLP0"
"11.RPL18A",0,0.524453509911194,0.982,0.951,0,"11","RPL18A"
"11.MT-CO3",0,0.569356619321877,0.993,0.97,0,"11","MT-CO3"
"11.GNB2L1",0,0.521232238852571,0.93,0.908,0,"11","GNB2L1"
"11.RPS3",0,0.537168518107491,0.996,0.974,0,"11","RPS3"
"11.PABPC1",0,0.52892899080331,0.78,0.759,0,"11","PABPC1"
"11.RPS8",0,0.508899237157008,0.987,0.969,0,"11","RPS8"
"11.RPL19",0,0.536540818279602,0.996,0.978,0,"11","RPL19"
"11.RPS5",0,0.502788958581561,0.926,0.91,0,"11","RPS5"
"11.RPS3A",0,0.516409114296347,0.982,0.969,0,"11","RPS3A"
"11.EEF1A1",0,0.67875759539506,0.999,0.988,0,"11","EEF1A1"
"11.MT-CO1",0,0.533692491950417,1,0.991,0,"11","MT-CO1"
"11.MT-CO2",0,0.638963679857412,1,0.991,0,"11","MT-CO2"
"11.CNN2",2.22044604925031e-16,0.705885232355271,0.485,0.367,5.75894887333561e-12,"11","CNN2"
"11.PSMB9",2.22044604925031e-16,0.582170202980963,0.613,0.522,5.75894887333561e-12,"11","PSMB9"
"11.LBH",1.11022302462516e-15,0.721160053875947,0.391,0.268,2.87947443666781e-11,"11","LBH"
"11.JAK1",1.77635683940025e-15,0.714270719081672,0.513,0.418,4.60715909866849e-11,"11","JAK1"
"11.EIF3F",3.99680288865056e-15,0.630531458276891,0.577,0.51,1.03661079720041e-10,"11","EIF3F"
"11.SELL",4.44089209850063e-15,0.784228833679006,0.315,0.2,1.15178977466712e-10,"11","SELL"
"11.KLF2",5.10702591327572e-15,0.828612984284229,0.323,0.213,1.32455824086719e-10,"11","KLF2"
"11.MBP",7.54951656745106e-15,1.02684182652912,0.338,0.236,1.95804261693411e-10,"11","MBP"
"11.GPSM3",9.76996261670138e-15,0.76452762196713,0.524,0.452,2.53393750426767e-10,"11","GPSM3"
"11.PSIP1",2.33146835171283e-14,1.11110957430191,0.296,0.196,6.04689631700239e-10,"11","PSIP1"
"11.C19orf43",7.61612994892857e-14,0.672587181084871,0.568,0.513,1.97531946355411e-09,"11","C19orf43"
"11.ACAP1",1.63424829224823e-13,0.650759665775845,0.452,0.344,4.23858637077501e-09,"11","ACAP1"
"11.DDIT4",2.76445533131664e-13,0.566815150477316,0.54,0.451,7.16989134730284e-09,"11","DDIT4"
"11.UCP2",3.38840067115598e-13,0.710092864661361,0.481,0.392,8.78815598071014e-09,"11","UCP2"
"11.IKZF1",1.68842717584994e-12,0.98214374715425,0.308,0.216,4.3791047232844e-08,"11","IKZF1"
"11.EVL",4.72843986187854e-12,0.537069688055953,0.537,0.443,1.22636816257682e-07,"11","EVL"
"11.SEPT9",7.87681031511056e-12,0.858144904313314,0.381,0.297,2.04292952332708e-07,"11","SEPT9"
"11.CD6",2.24835705608939e-11,0.846043617038788,0.263,0.17,5.83133886067344e-07,"11","CD6"
"11.GIMAP4",2.35518271551882e-11,0.664764133631819,0.35,0.255,6.10840189096962e-07,"11","GIMAP4"
"11.AES",7.2096772996133e-11,0.972942445098523,0.348,0.275,1.86990190442771e-06,"11","AES"
"11.YWHAB",7.68256569472214e-11,0.534697751258738,0.595,0.542,1.99255023858314e-06,"11","YWHAB"
"11.EIF3L",8.12976352904116e-11,0.726903102523752,0.458,0.393,2.10853546889211e-06,"11","EIF3L"
"11.GYPC",1.08355102668156e-10,0.680097750658705,0.466,0.395,2.8102979428013e-06,"11","GYPC"
"11.STK17A",1.08795195075118e-10,0.512957590839132,0.472,0.372,2.82171217946825e-06,"11","STK17A"
"11.LINC-PINT",2.07333705759538e-10,0.59351993546333,0.442,0.354,5.37740699257938e-06,"11","LINC-PINT"
"11.ABHD14B",2.46369369349964e-10,1.07144863480702,0.269,0.194,6.38983596346065e-06,"11","ABHD14B"
"11.TBRG1",5.08154407441452e-10,0.785930296395104,0.324,0.243,1.31794927114015e-05,"11","TBRG1"
"11.SKAP1",5.16682474582808e-10,0.656764127334173,0.312,0.22,1.34006766607797e-05,"11","SKAP1"
"11.NOSIP",8.97277141476138e-10,0.967689310720084,0.295,0.221,2.32717799413251e-05,"11","NOSIP"
"11.SMCHD1",1.5762227079108e-09,0.615570650825985,0.436,0.36,4.08809121523745e-05,"11","SMCHD1"
"11.PSMB10",2.02127559134624e-09,0.817483172439426,0.354,0.285,5.2423803737156e-05,"11","PSMB10"
"11.PRDX2",2.40732056511206e-09,0.796672149600693,0.333,0.262,6.24362661767464e-05,"11","PRDX2"
"11.ARHGAP15",4.06325617596792e-09,0.63037117252181,0.36,0.279,0.000105384612179904,"11","ARHGAP15"
"11.TMEM2",7.49955120227241e-09,0.619634987660889,0.329,0.244,0.000194508359982137,"11","TMEM2"
"11.ADAR",1.57471238271256e-08,0.96670052704374,0.317,0.255,0.00040841740358033,"11","ADAR"
"11.CCDC109B",2.36576389589516e-08,0.903056547759786,0.29,0.225,0.000613584524039368,"11","CCDC109B"
"11.TBC1D10C",2.82582905963835e-08,0.626348396376771,0.314,0.233,0.000732907024907803,"11","TBC1D10C"
"11.MPHOSPH8",3.14370827148025e-08,0.960667812418927,0.33,0.268,0.000815352177291118,"11","MPHOSPH8"
"11.EML4",3.73331523473297e-08,0.600184490798664,0.415,0.346,0.000968272639280343,"11","EML4"
"11.SEPT1",3.74271265091153e-08,0.648383768774398,0.308,0.229,0.000970709953140414,"11","SEPT1"
"11.TSTD1",4.14396232883973e-08,0.722279145830386,0.333,0.268,0.00107477806960787,"11","TSTD1"
"11.ANXA11",1.08397335996102e-07,0.72119317801631,0.39,0.341,0.0028113933063949,"11","ANXA11"
"11.PRRC2C",1.35729976813437e-07,0.551614056499282,0.499,0.463,0.0035202926786333,"11","PRRC2C"
"11.OXNAD1",1.39548826050273e-07,0.559062999102823,0.254,0.179,0.00361933835243988,"11","OXNAD1"
"11.APBB1IP",2.36923001883937e-07,0.772969377278271,0.338,0.279,0.0061448349768618,"11","APBB1IP"
"11.UBE2D2",3.50957808148422e-07,0.545102948224978,0.491,0.458,0.00910244171213748,"11","UBE2D2"
"11.PIM2",4.46191838365806e-07,0.625419352314955,0.283,0.213,0.0115724315198555,"11","PIM2"
"11.TNIP1",5.71469906063271e-07,0.870187870450245,0.26,0.202,0.014821643483657,"11","TNIP1"
"11.CCDC85B",6.11125534843993e-07,0.679498351314215,0.368,0.312,0.0158501518717138,"11","CCDC85B"
"11.EIF3G",8.30223191083945e-07,0.614124186387682,0.46,0.434,0.0215326686839532,"11","EIF3G"
"11.ARL6IP4",9.05871140544079e-07,0.659144130671492,0.445,0.413,0.0234946739011512,"11","ARL6IP4"
"11.STAT1",9.582256592644e-07,0.737509278911994,0.366,0.316,0.0248525406986815,"11","STAT1"
"11.SHISA5",1.2776984377183e-06,0.686739837118957,0.336,0.283,0.0331383866806618,"11","SHISA5"
"11.ANP32B",1.6962131632603e-06,0.580147795498122,0.455,0.418,0.043992984602319,"11","ANP32B"
"11.ATP5D",2.5254927433771e-06,0.524489914502867,0.504,0.474,0.0655011797922285,"11","ATP5D"
"11.RNF213",2.60267282170545e-06,0.694330581830255,0.399,0.359,0.0675029223037527,"11","RNF213"
"11.PEBP1",2.68681047432828e-06,0.636531183275891,0.415,0.381,0.0696851164621783,"11","PEBP1"
"11.CCND3",3.42101722350385e-06,0.591954681618988,0.332,0.272,0.0887275027087959,"11","CCND3"
"11.RHOF",3.47720879845248e-06,0.60694558911069,0.26,0.198,0.0901848873966635,"11","RHOF"
"11.MX1",7.82145486444286e-06,0.806891414859733,0.284,0.229,0.20285725336419,"11","MX1"
"11.CSK",8.09996273765101e-06,0.818569597706962,0.269,0.22,0.210080633563717,"11","CSK"
"11.ILF3",1.59184682322344e-05,0.939864376158872,0.26,0.216,0.412861392071232,"11","ILF3"
"11.HCLS1",1.72475236479563e-05,0.624575310407011,0.423,0.395,0.447331773333396,"11","HCLS1"
"11.FKBP8",1.76147717798614e-05,0.7079622871301,0.344,0.311,0.456856720882485,"11","FKBP8"
"11.SP100",2.01033153246488e-05,0.54537131402512,0.402,0.361,0.521399586260092,"11","SP100"
"11.TOMM20",7.09654407582416e-05,0.543865204995348,0.412,0.39,1,"11","TOMM20"
"11.NCOR1",7.30132771515901e-05,0.712953796181775,0.33,0.294,1,"11","NCOR1"
"11.RSF1",7.6806139413188e-05,0.664502109514556,0.277,0.235,1,"11","RSF1"
"11.OPTN",8.20933566314519e-05,0.663902809853084,0.259,0.213,1,"11","OPTN"
"11.TERF2IP",8.49456365343837e-05,0.604407911383919,0.347,0.311,1,"11","TERF2IP"
"11.MTDH",0.000123744098593281,0.522942052234323,0.442,0.416,1,"11","MTDH"
"11.IDH2",0.000124645017252289,0.815182772848587,0.307,0.274,1,"11","IDH2"
"11.WHSC1L1",0.000135367066333547,0.638647631958802,0.323,0.282,1,"11","WHSC1L1"
"11.CDKN1B",0.0003088954210273,0.54606484059834,0.31,0.27,1,"11","CDKN1B"
"11.PTPN7",0.000481312623186625,0.619768340836915,0.253,0.209,1,"11","PTPN7"
"11.C9orf16",0.000488642800152705,0.557096582591143,0.411,0.398,1,"11","C9orf16"
"11.FOXP1",0.00053885086278882,0.532871545319454,0.256,0.216,1,"11","FOXP1"
"11.PHB2",0.000682147941639233,0.714303857768812,0.317,0.293,1,"11","PHB2"
"11.GBP5",0.000884841480446097,0.601634299927729,0.254,0.213,1,"11","GBP5"
"11.CD82",0.000924249371238917,0.651489342404141,0.275,0.237,1,"11","CD82"
"11.DDX17",0.000953954323152484,0.568011743105829,0.379,0.362,1,"11","DDX17"
"11.ZYX",0.00143758417996187,0.50395544406267,0.357,0.325,1,"11","ZYX"
"11.EID1",0.003157934736294,0.606391767570589,0.33,0.314,1,"11","EID1"
"11.VCP",0.00476666293806072,0.593023625899018,0.327,0.313,1,"11","VCP"
"11.MYH9",0.0047846718390423,0.592909176261789,0.327,0.311,1,"11","MYH9"
"11.EPSTI1",0.0070639794583327,0.730710660849808,0.271,0.249,1,"11","EPSTI1"
"11.PPM1G",0.0128687739726163,0.737484921281168,0.269,0.257,1,"11","PPM1G"
"11.DNPH1",0.0134454066599139,0.680813139918346,0.268,0.254,1,"11","DNPH1"
"11.ATPIF1",0.0158671773218602,0.520130699541505,0.369,0.365,1,"11","ATPIF1"
"11.NUCKS1",0.0291521781602229,0.581700172366937,0.259,0.249,1,"11","NUCKS1"
"11.DPP7",0.0308583230616972,0.550854690227043,0.318,0.32,1,"11","DPP7"
"11.MYCBP2",0.0325296832127189,0.677185867442349,0.257,0.245,1,"11","MYCBP2"
"11.GNB2",0.0332884919947609,0.532184561006598,0.317,0.313,1,"11","GNB2"
"11.WAS",0.0392950050897081,0.654708661943794,0.263,0.256,1,"11","WAS"
"11.DDX46",0.041190128447218,0.549355662646481,0.25,0.238,1,"11","DDX46"
"11.TECR",0.0455985972169268,0.555741966499701,0.292,0.288,1,"11","TECR"
"11.APH1A",0.0505539313593246,0.509724066226549,0.265,0.257,1,"11","APH1A"
"11.PPP1CC",0.0780978737969837,0.611402489886815,0.271,0.27,1,"11","PPP1CC"
"11.RALY",0.0912487300960452,0.531445393224761,0.336,0.345,1,"11","RALY"
"11.PDCD6",0.0977585383398409,0.504895609915785,0.271,0.271,1,"11","PDCD6"
"11.PAK2",0.115068022908791,0.546386899146564,0.284,0.288,1,"11","PAK2"
"11.NDUFAF3",0.232107161415634,0.502191325842551,0.259,0.267,1,"11","NDUFAF3"
"11.POLR2E",0.441519359730443,0.618325917977328,0.235,0.25,1,"11","POLR2E"
"12.CST3",0,3.59750270280284,0.909,0.227,0,"12","CST3"
"12.LGALS2",0,4.97976449577649,0.718,0.046,0,"12","LGALS2"
"12.HLA-DQA1",0,2.71249888521281,0.918,0.326,0,"12","HLA-DQA1"
"12.LYZ",0,2.03600320623867,0.774,0.184,0,"12","LYZ"
"12.IDO1",0,6.68297257067217,0.592,0.013,0,"12","IDO1"
"12.HLA-DQB1",0,2.71461975156742,0.906,0.353,0,"12","HLA-DQB1"
"12.GSN",0,3.01794725125357,0.69,0.138,0,"12","GSN"
"12.PLEK",0,2.344051926009,0.702,0.163,0,"12","PLEK"
"12.HLA-DRA",0,2.79775945037377,0.975,0.447,0,"12","HLA-DRA"
"12.PPA1",0,2.45422362512234,0.781,0.269,0,"12","PPA1"
"12.HLA-DRB5",0,2.2607939700377,0.903,0.395,0,"12","HLA-DRB5"
"12.HLA-DMA",0,1.58978689673092,0.803,0.303,0,"12","HLA-DMA"
"12.BASP1",0,3.15760984740028,0.58,0.087,0,"12","BASP1"
"12.NPC2",0,0.528267045862798,0.818,0.333,0,"12","NPC2"
"12.SPI1",0,2.31970090397887,0.639,0.155,0,"12","SPI1"
"12.IRF8",0,3.20839179922104,0.599,0.116,0,"12","IRF8"
"12.HLA-DPB1",0,3.01818105046041,0.969,0.487,0,"12","HLA-DPB1"
"12.GRN",0,1.1173282358701,0.718,0.237,0,"12","GRN"
"12.CSF2RA",0,4.22175561123174,0.536,0.059,0,"12","CSF2RA"
"12.CD83",0,1.89866716331363,0.73,0.253,0,"12","CD83"
"12.C1orf54",0,4.15249988454188,0.536,0.065,0,"12","C1orf54"
"12.MARCKSL1",0,2.97688781751558,0.687,0.223,0,"12","MARCKSL1"
"12.ALDH2",0,2.78123659279309,0.555,0.091,0,"12","ALDH2"
"12.GSTP1",0,2.45483550807853,0.884,0.422,0,"12","GSTP1"
"12.HLA-DPA1",0,2.89721988819768,0.966,0.504,0,"12","HLA-DPA1"
"12.AIF1",0,1.06138359580772,0.649,0.188,0,"12","AIF1"
"12.HLA-DRB1",0,2.39320315545303,0.959,0.5,0,"12","HLA-DRB1"
"12.CTSZ",0,1.35351992770362,0.639,0.188,0,"12","CTSZ"
"12.CTSH",0,1.77981669535046,0.636,0.189,0,"12","CTSH"
"12.SERPINB1",0,2.15556821175732,0.721,0.275,0,"12","SERPINB1"
"12.NET1",0,3.81171907816656,0.48,0.034,0,"12","NET1"
"12.SHTN1",0,3.78293614875656,0.495,0.052,0,"12","SHTN1"
"12.DAPP1",0,2.88320308335236,0.517,0.079,0,"12","DAPP1"
"12.BCL2A1",0,1.86754588918575,0.618,0.18,0,"12","BCL2A1"
"12.LAP3",0,1.53072642413049,0.677,0.244,0,"12","LAP3"
"12.WDFY4",0,4.87343198949728,0.461,0.028,0,"12","WDFY4"
"12.CD40",0,3.07390982629735,0.52,0.089,0,"12","CD40"
"12.SYNGR2",0,1.66470406367433,0.774,0.347,0,"12","SYNGR2"
"12.PPT1",0,2.08767840013983,0.614,0.19,0,"12","PPT1"
"12.HLA-DMB",0,1.49864216877371,0.602,0.178,0,"12","HLA-DMB"
"12.CLIC2",0,4.61295470266373,0.451,0.031,0,"12","CLIC2"
"12.CD86",0,2.29712573778507,0.52,0.102,0,"12","CD86"
"12.CPVL",0,4.48858213907595,0.508,0.093,0,"12","CPVL"
"12.TXN",0,3.61325447972024,0.84,0.425,0,"12","TXN"
"12.SERPINF1",0,3.10785462558126,0.486,0.072,0,"12","SERPINF1"
"12.CXCL16",0,2.0791391998099,0.549,0.136,0,"12","CXCL16"
"12.CCDC88A",0,2.27996598412479,0.53,0.121,0,"12","CCDC88A"
"12.WARS",0,2.54542795651113,0.536,0.127,0,"12","WARS"
"12.GDI2",0,1.38756192307071,0.708,0.301,0,"12","GDI2"
"12.ATG3",0,1.79346056267707,0.602,0.196,0,"12","ATG3"
"12.FLT3",0,6.8179208541191,0.408,0.004,0,"12","FLT3"
"12.GPR157",0,5.50408979974389,0.417,0.014,0,"12","GPR157"
"12.S100B",0,5.59755699520583,0.429,0.026,0,"12","S100B"
"12.HCK",0,2.32779415059456,0.495,0.095,0,"12","HCK"
"12.C1orf162",0,2.05927675481118,0.602,0.203,0,"12","C1orf162"
"12.LCP1",0,1.31033896109637,0.815,0.416,0,"12","LCP1"
"12.HLA-DQA2",0,2.31221442924543,0.545,0.149,0,"12","HLA-DQA2"
"12.CLEC9A",0,8.20316806864032,0.395,0.002,0,"12","CLEC9A"
"12.TUBB",0,1.50412294673951,0.759,0.367,0,"12","TUBB"
"12.PAK1",0,2.73712079902423,0.486,0.094,0,"12","PAK1"
"12.C15orf48",0,2.11072736843512,0.492,0.101,0,"12","C15orf48"
"12.FSCN1",0,4.61660431123562,0.445,0.055,0,"12","FSCN1"
"12.ATOX1",0,1.2383444378793,0.608,0.225,0,"12","ATOX1"
"12.SPINT2",0,1.43882867452273,0.561,0.179,0,"12","SPINT2"
"12.ANXA2",0,1.19841423579016,0.749,0.37,0,"12","ANXA2"
"12.ASAP1",0,2.52238673458282,0.455,0.08,0,"12","ASAP1"
"12.TUBA1C",0,1.86036390393891,0.564,0.19,0,"12","TUBA1C"
"12.ARPC5",0,0.903292836797341,0.752,0.38,0,"12","ARPC5"
"12.ID2",0,1.37044304637137,0.734,0.363,0,"12","ID2"
"12.CPNE3",0,2.73751842514205,0.505,0.134,0,"12","CPNE3"
"12.ETV6",0,2.21060344400224,0.464,0.093,0,"12","ETV6"
"12.LGALS1",0,1.02027899532558,0.812,0.444,0,"12","LGALS1"
"12.RAB31",0,1.49978448848604,0.502,0.134,0,"12","RAB31"
"12.GRSF1",0,1.69002788194178,0.552,0.187,0,"12","GRSF1"
"12.MAP3K13",0,2.23467447718234,0.461,0.096,0,"12","MAP3K13"
"12.TYMP",0,0.956193047662204,0.724,0.36,0,"12","TYMP"
"12.MNDA",0,2.15768688056483,0.473,0.11,0,"12","MNDA"
"12.EIF6",0,1.22114155300578,0.533,0.175,0,"12","EIF6"
"12.RAC1",0,0.861707800924802,0.743,0.385,0,"12","RAC1"
"12.FGL2",0,1.94173123415647,0.505,0.147,0,"12","FGL2"
"12.RNH1",0,1.54983965033379,0.608,0.251,0,"12","RNH1"
"12.H2AFY",0,1.50942217743142,0.592,0.236,0,"12","H2AFY"
"12.VAC14",0,3.14714515226482,0.408,0.052,0,"12","VAC14"
"12.KLF4",0,1.74377517017917,0.486,0.132,0,"12","KLF4"
"12.UVRAG",0,1.56343172904123,0.495,0.141,0,"12","UVRAG"
"12.SNX3",0,2.36700832031643,0.718,0.367,0,"12","SNX3"
"12.LSM6",0,1.24242743154914,0.549,0.2,0,"12","LSM6"
"12.LSP1",0,1.61828206089111,0.834,0.485,0,"12","LSP1"
"12.PKM",0,0.709740029143515,0.768,0.42,0,"12","PKM"
"12.SLAMF7",0,2.03925901464646,0.436,0.088,0,"12","SLAMF7"
"12.LGALS9",0,1.68516322185535,0.492,0.144,0,"12","LGALS9"
"12.NAAA",0,2.36426923015347,0.48,0.135,0,"12","NAAA"
"12.CFLAR",0,1.43589467553795,0.661,0.317,0,"12","CFLAR"
"12.RAB29",0,1.12091419909961,0.461,0.118,0,"12","RAB29"
"12.FNBP1",0,0.973663527779791,0.643,0.301,0,"12","FNBP1"
"12.SMCO4",0,2.11230819564566,0.458,0.116,0,"12","SMCO4"
"12.CSRP1",0,1.39758276507277,0.489,0.147,0,"12","CSRP1"
"12.AP1S2",0,1.40990525858769,0.545,0.204,0,"12","AP1S2"
"12.NAP1L1",0,1.32321245210464,0.755,0.414,0,"12","NAP1L1"
"12.RAB7B",0,5.56914840692418,0.357,0.016,0,"12","RAB7B"
"12.BID",0,1.8872766280618,0.48,0.139,0,"12","BID"
"12.CLEC7A",0,1.78559557689867,0.451,0.111,0,"12","CLEC7A"
"12.C12orf45",0,2.64936522674242,0.42,0.08,0,"12","C12orf45"
"12.ZNF385A",0,2.63296674696276,0.411,0.073,0,"12","ZNF385A"
"12.DBNL",0,1.19016682408842,0.53,0.193,0,"12","DBNL"
"12.HLA-DOB",0,3.48138724571141,0.361,0.025,0,"12","HLA-DOB"
"12.ENO1",0,1.04907643529547,0.755,0.422,0,"12","ENO1"
"12.GPX1",0,0.552890220102593,0.781,0.449,0,"12","GPX1"
"12.TALDO1",0,1.01268454150486,0.592,0.26,0,"12","TALDO1"
"12.PTPRE",0,1.84637160524864,0.467,0.136,0,"12","PTPRE"
"12.ATP5J2",0,0.856641555782757,0.696,0.365,0,"12","ATP5J2"
"12.GNG5",0,0.99615708123472,0.793,0.463,0,"12","GNG5"
"12.CMTM6",0,0.774691878156961,0.649,0.319,0,"12","CMTM6"
"12.CYB5R3",0,1.40427228508913,0.511,0.181,0,"12","CYB5R3"
"12.NUB1",0,2.24573237279824,0.476,0.146,0,"12","NUB1"
"12.PTMS",0,1.33400676546761,0.533,0.205,0,"12","PTMS"
"12.DBI",0,0.758042585844819,0.774,0.446,0,"12","DBI"
"12.RAB8B",0,1.4323627645623,0.476,0.148,0,"12","RAB8B"
"12.DNASE1L3",0,6.31901869831047,0.332,0.006,0,"12","DNASE1L3"
"12.RAB7A",0,1.01076561129753,0.63,0.305,0,"12","RAB7A"
"12.LAMP3",0,5.75420815862351,0.342,0.018,0,"12","LAMP3"
"12.PSMA4",0,0.858518868510346,0.552,0.229,0,"12","PSMA4"
"12.ENSA",0,1.13749860710341,0.605,0.282,0,"12","ENSA"
"12.RTN4",0,0.683279552248109,0.624,0.301,0,"12","RTN4"
"12.GRINA",0,1.26072162902505,0.549,0.228,0,"12","GRINA"
"12.TUBA1B",0,1.23519115981036,0.865,0.544,0,"12","TUBA1B"
"12.DNAJC15",0,0.832473178126354,0.589,0.268,0,"12","DNAJC15"
"12.SRI",0,0.712663804173481,0.577,0.257,0,"12","SRI"
"12.PSME2",0,1.37761454324858,0.821,0.501,0,"12","PSME2"
"12.PTGES2",0,2.02938655554596,0.414,0.095,0,"12","PTGES2"
"12.SAMHD1",0,1.20424928362271,0.552,0.234,0,"12","SAMHD1"
"12.COTL1",0,1.41815680428769,0.868,0.55,0,"12","COTL1"
"12.PGLS",0,1.11760558452748,0.571,0.253,0,"12","PGLS"
"12.PEA15",0,1.69531001762487,0.461,0.144,0,"12","PEA15"
"12.CLNK",0,2.98888530464193,0.339,0.022,0,"12","CLNK"
"12.CAP1",0,0.868081668968354,0.705,0.388,0,"12","CAP1"
"12.LST1",0,1.39514551286918,0.483,0.166,0,"12","LST1"
"12.CCND1",0,3.15036901010368,0.379,0.064,0,"12","CCND1"
"12.FGD2",0,2.37759924446397,0.382,0.068,0,"12","FGD2"
"12.COX7A2L",0,0.599802569312262,0.63,0.317,0,"12","COX7A2L"
"12.LY86",0,1.67910970939642,0.417,0.104,0,"12","LY86"
"12.EIF3L",0,0.727659024979545,0.705,0.392,0,"12","EIF3L"
"12.NABP1",0,1.24419211048735,0.52,0.208,0,"12","NABP1"
"12.FLOT1",0,1.00344108754017,0.498,0.186,0,"12","FLOT1"
"12.HMGN3",0,0.760162690593008,0.621,0.309,0,"12","HMGN3"
"12.BATF3",0,4.86132908720738,0.323,0.012,0,"12","BATF3"
"12.SEC11A",0,0.598921486991802,0.658,0.349,0,"12","SEC11A"
"12.TBCA",0,0.527949541508113,0.687,0.379,0,"12","TBCA"
"12.IFNGR2",0,1.23007531497408,0.461,0.153,0,"12","IFNGR2"
"12.DPYSL2",0,2.3246036325269,0.382,0.074,0,"12","DPYSL2"
"12.ATF5",0,1.9539978227156,0.433,0.125,0,"12","ATF5"
"12.CSTB",0,0.544788023983137,0.721,0.413,0,"12","CSTB"
"12.SERPINB9",0,0.911951285078298,0.52,0.213,0,"12","SERPINB9"
"12.HMGA1",0,1.08994840095699,0.533,0.227,0,"12","HMGA1"
"12.ICAM1",0,1.42214014779433,0.445,0.14,0,"12","ICAM1"
"12.NFKBID",0,1.07623461498782,0.486,0.181,0,"12","NFKBID"
"12.SERPINB6",0,1.71701014545295,0.404,0.1,0,"12","SERPINB6"
"12.PPIF",0,1.8392135733498,0.445,0.141,0,"12","PPIF"
"12.RAB11A",0,0.651420923330696,0.533,0.229,0,"12","RAB11A"
"12.ANXA5",0,0.742423936835821,0.63,0.327,0,"12","ANXA5"
"12.GABARAPL2",0,1.26910071776818,0.639,0.336,0,"12","GABARAPL2"
"12.RGS10",0,1.31415355195889,0.693,0.39,0,"12","RGS10"
"12.RBX1",0,0.595285609718438,0.661,0.359,0,"12","RBX1"
"12.PRCP",0,1.49106109435936,0.439,0.137,0,"12","PRCP"
"12.TUBB6",0,3.78551369053121,0.342,0.041,0,"12","TUBB6"
"12.CNDP2",0,1.19906071686904,0.442,0.141,0,"12","CNDP2"
"12.PLEKHO1",0,1.42180592689774,0.426,0.125,0,"12","PLEKHO1"
"12.ENY2",0,0.68462671022518,0.633,0.332,0,"12","ENY2"
"12.BAZ1A",0,0.656671517665576,0.577,0.276,0,"12","BAZ1A"
"12.PDIA3",0,0.703571640758534,0.699,0.398,0,"12","PDIA3"
"12.RAB10",0,1.1405079445309,0.505,0.205,0,"12","RAB10"
"12.ATP6V0D1",0,0.631207771096661,0.514,0.214,0,"12","ATP6V0D1"
"12.POMP",0,0.951684448975884,0.727,0.427,0,"12","POMP"
"12.TPM3",0,0.872424581805457,0.846,0.546,0,"12","TPM3"
"12.RAB32",0,2.64951578065767,0.373,0.074,0,"12","RAB32"
"12.AP2S1",0,0.850604975914493,0.577,0.278,0,"12","AP2S1"
"12.TAP1",0,1.09089235360861,0.618,0.32,0,"12","TAP1"
"12.PSMB3",0,0.669094962621114,0.633,0.335,0,"12","PSMB3"
"12.PTP4A2",0,0.766226698554438,0.508,0.212,0,"12","PTP4A2"
"12.VOPP1",0,1.05025432834685,0.52,0.224,0,"12","VOPP1"
"12.CAMK2D",0,1.61909245501527,0.389,0.094,0,"12","CAMK2D"
"12.LITAF",0,0.709897473382308,0.774,0.479,0,"12","LITAF"
"12.PLAUR",0,0.919786647047476,0.473,0.178,0,"12","PLAUR"
"12.KIF2A",0,1.59080066227574,0.451,0.157,0,"12","KIF2A"
"12.RASSF4",0,2.29139275645188,0.408,0.114,0,"12","RASSF4"
"12.NR4A3",0,0.744744322173708,0.533,0.24,0,"12","NR4A3"
"12.CCT2",0,0.537814902538796,0.511,0.218,0,"12","CCT2"
"12.SERPINF2",0,4.83159032796204,0.304,0.011,0,"12","SERPINF2"
"12.VAMP8",0,0.663730989411708,0.727,0.436,0,"12","VAMP8"
"12.RAB11FIP1",0,1.16785990510287,0.445,0.155,0,"12","RAB11FIP1"
"12.REPIN1",0,2.6396698286628,0.329,0.04,0,"12","REPIN1"
"12.FGR",0,2.26556710836927,0.357,0.068,0,"12","FGR"
"12.REL",0,0.613709664378549,0.727,0.438,0,"12","REL"
"12.VPS29",0,0.611692963505221,0.577,0.288,0,"12","VPS29"
"12.TMEM14C",0,0.862534161427759,0.52,0.232,0,"12","TMEM14C"
"12.TPMT",0,1.87814008891005,0.367,0.079,0,"12","TPMT"
"12.SGK1",0,0.848754630413321,0.489,0.202,0,"12","SGK1"
"12.NDUFB5",0,0.735458713257601,0.505,0.219,0,"12","NDUFB5"
"12.FAM26F",0,1.69646790621465,0.414,0.128,0,"12","FAM26F"
"12.FAM162A",0,0.824294860727483,0.464,0.179,0,"12","FAM162A"
"12.LAMTOR1",0,0.805217013424488,0.571,0.286,0,"12","LAMTOR1"
"12.EFHD2",0,0.959520303631463,0.442,0.158,0,"12","EFHD2"
"12.M6PR",0,0.662265406937848,0.545,0.261,0,"12","M6PR"
"12.ATP5F1",0,0.557452133864648,0.592,0.309,0,"12","ATP5F1"
"12.HDAC9",0,3.07198100163038,0.31,0.027,0,"12","HDAC9"
"12.PSMB1",0,0.575152403469157,0.674,0.392,0,"12","PSMB1"
"12.FABP5",0,0.664091933675805,0.527,0.245,0,"12","FABP5"
"12.AKR1A1",0,0.843871831515951,0.524,0.243,0,"12","AKR1A1"
"12.LAMTOR2",0,0.98932801150317,0.508,0.227,0,"12","LAMTOR2"
"12.TPM4",0,0.658166099292222,0.614,0.333,0,"12","TPM4"
"12.FNIP2",0,2.20726106132236,0.335,0.055,0,"12","FNIP2"
"12.TIMP1",0,0.804270445443478,0.514,0.234,0,"12","TIMP1"
"12.TPP1",0,0.712589856086631,0.458,0.178,0,"12","TPP1"
"12.BRK1",0,0.683909061371786,0.724,0.444,0,"12","BRK1"
"12.ATP5A1",0,0.546505557719428,0.602,0.322,0,"12","ATP5A1"
"12.NFKB1",0,1.2411299447472,0.417,0.138,0,"12","NFKB1"
"12.MTPN",0,0.611016154431917,0.492,0.214,0,"12","MTPN"
"12.SNAP23",0,0.80992431900592,0.429,0.151,0,"12","SNAP23"
"12.SMARCA5",0,0.500407163725256,0.476,0.198,0,"12","SMARCA5"
"12.MYD88",0,1.64547589850823,0.386,0.109,0,"12","MYD88"
"12.CLNS1A",0,0.618924322633565,0.486,0.209,0,"12","CLNS1A"
"12.VDAC2",0,0.676728458199517,0.58,0.303,0,"12","VDAC2"
"12.NDRG2",0,3.95770544573285,0.301,0.024,0,"12","NDRG2"
"12.ACTN1",0,1.83427687428726,0.354,0.077,0,"12","ACTN1"
"12.OSTC",0,0.567240489443566,0.561,0.285,0,"12","OSTC"
"12.POLR2E",0,0.726793181494457,0.524,0.248,0,"12","POLR2E"
"12.CAMTA1",0,0.980025036244269,0.442,0.167,0,"12","CAMTA1"
"12.PTPN2",0,0.782980814704696,0.47,0.195,0,"12","PTPN2"
"12.SUMO3",0,0.663156016665636,0.514,0.24,0,"12","SUMO3"
"12.BCL2L14",0,5.24875744988786,0.282,0.008,0,"12","BCL2L14"
"12.YWHAE",0,0.525321792881904,0.571,0.298,0,"12","YWHAE"
"12.TWF2",0,0.845686989945408,0.486,0.214,0,"12","TWF2"
"12.DSE",0,1.4789809878658,0.37,0.098,0,"12","DSE"
"12.SYK",0,1.28120115772418,0.379,0.107,0,"12","SYK"
"12.TAOK3",0,0.674539631248363,0.48,0.208,0,"12","TAOK3"
"12.TMEM14A",0,1.48625864634501,0.376,0.105,0,"12","TMEM14A"
"12.CIITA",0,2.25833108000686,0.332,0.061,0,"12","CIITA"
"12.SET",0,0.600852430944359,0.574,0.303,0,"12","SET"
"12.MXD1",0,1.19084444528341,0.392,0.122,0,"12","MXD1"
"12.ACTR3",0,0.749766707581849,0.674,0.404,0,"12","ACTR3"
"12.CAT",0,1.34242617526331,0.386,0.116,0,"12","CAT"
"12.KIAA0226L",0,2.67553504204438,0.301,0.031,0,"12","KIAA0226L"
"12.PSMB4",0,0.602752129062467,0.448,0.179,0,"12","PSMB4"
"12.UPF2",0,0.995345605203997,0.389,0.12,0,"12","UPF2"
"12.SUPT4H1",0,0.548547227699584,0.511,0.242,0,"12","SUPT4H1"
"12.CCT8",0,0.542421339749961,0.508,0.239,0,"12","CCT8"
"12.GNB2",0,0.713744889915059,0.58,0.311,0,"12","GNB2"
"12.ATP1A1",0,0.704386754546247,0.511,0.243,0,"12","ATP1A1"
"12.TAGLN2",0,0.703482235531668,0.862,0.594,0,"12","TAGLN2"
"12.ANPEP",0,2.54138231618518,0.307,0.039,0,"12","ANPEP"
"12.CDKN1A",0,1.05492789689288,0.633,0.366,0,"12","CDKN1A"
"12.FAM60A",0,1.30899116052524,0.373,0.106,0,"12","FAM60A"
"12.RBM3",0,0.655738754034842,0.749,0.483,0,"12","RBM3"
"12.ZYX",0,0.926917936866314,0.589,0.323,0,"12","ZYX"
"12.FAM129A",0,0.597694939887452,0.429,0.164,0,"12","FAM129A"
"12.ARPC4",0,1.23353682065425,0.404,0.139,0,"12","ARPC4"
"12.RFTN1",0,1.07850488268889,0.398,0.133,0,"12","RFTN1"
"12.LRRFIP2",0,1.00962106404548,0.386,0.121,0,"12","LRRFIP2"
"12.APPL1",0,1.10264633176965,0.408,0.143,0,"12","APPL1"
"12.NDUFS4",0,0.851612370924717,0.401,0.136,0,"12","NDUFS4"
"12.CANX",0,0.584354208394285,0.527,0.263,0,"12","CANX"
"12.RHOF",0,0.54636426153822,0.461,0.197,0,"12","RHOF"
"12.TNFSF13B",0,0.796989571545482,0.426,0.162,0,"12","TNFSF13B"
"12.ARHGAP31",0,2.73835730639635,0.301,0.039,0,"12","ARHGAP31"
"12.CXCL9",0,2.67305112202925,0.317,0.056,0,"12","CXCL9"
"12.IFNGR1",0,0.939899014523899,0.433,0.172,0,"12","IFNGR1"
"12.GCA",0,1.53016394685158,0.364,0.104,0,"12","GCA"
"12.MGLL",0,3.38537179584586,0.317,0.057,0,"12","MGLL"
"12.HAVCR2",0,0.855128915218547,0.389,0.132,0,"12","HAVCR2"
"12.LYRM4",0,1.43758358281383,0.339,0.082,0,"12","LYRM4"
"12.MPEG1",0,2.33613985560361,0.339,0.082,0,"12","MPEG1"
"12.GNA15",0,1.4890193602274,0.364,0.107,0,"12","GNA15"
"12.PRDX3",0,0.655708744304348,0.467,0.211,0,"12","PRDX3"
"12.S100A10",0,1.33995199697169,0.85,0.595,0,"12","S100A10"
"12.NDUFB3",0,0.62795388033303,0.48,0.225,0,"12","NDUFB3"
"12.UCP2",0,0.91173668488081,0.646,0.391,0,"12","UCP2"
"12.C1QBP",0,0.89791367677413,0.486,0.231,0,"12","C1QBP"
"12.PTPN1",0,1.10714854529681,0.464,0.209,0,"12","PTPN1"
"12.GCSAM",0,2.54509579211361,0.273,0.019,0,"12","GCSAM"
"12.C20orf27",0,1.82323582456786,0.37,0.116,0,"12","C20orf27"
"12.RASSF2",0,1.68444267873873,0.326,0.072,0,"12","RASSF2"
"12.DENND1B",0,1.09029863202021,0.364,0.111,0,"12","DENND1B"
"12.PTRHD1",0,1.05967857293537,0.398,0.145,0,"12","PTRHD1"
"12.KCNK6",0,2.06186725090814,0.326,0.073,0,"12","KCNK6"
"12.C1orf21",0,2.24693281589337,0.282,0.03,0,"12","C1orf21"
"12.NAV1",0,3.92592260061088,0.273,0.022,0,"12","NAV1"
"12.BLOC1S6",0,1.01285174662269,0.376,0.125,0,"12","BLOC1S6"
"12.MCM5",0,1.38978153010129,0.332,0.082,0,"12","MCM5"
"12.ILK",0,0.623473804133976,0.426,0.177,0,"12","ILK"
"12.GPR137B",0,1.84587606181357,0.348,0.099,0,"12","GPR137B"
"12.UBE2E2",0,2.06685654491352,0.323,0.075,0,"12","UBE2E2"
"12.APH1A",0,0.572809961859211,0.502,0.255,0,"12","APH1A"
"12.MARCH1",0,1.11404875084167,0.351,0.104,0,"12","MARCH1"
"12.PSMB2",0,0.504627164762741,0.483,0.237,0,"12","PSMB2"
"12.PSMB7",0,0.528335752289628,0.439,0.193,0,"12","PSMB7"
"12.KDM2B",0,2.24569239137354,0.313,0.067,0,"12","KDM2B"
"12.IGFBP7",0,1.23212322105194,0.335,0.09,0,"12","IGFBP7"
"12.SLAMF8",0,2.00868265133532,0.32,0.075,0,"12","SLAMF8"
"12.NMI",0,0.705736783432496,0.373,0.128,0,"12","NMI"
"12.SMIM14",0,0.924080751543304,0.348,0.103,0,"12","SMIM14"
"12.MIS18BP1",0,1.00344024530154,0.404,0.16,0,"12","MIS18BP1"
"12.SULF2",0,2.98258392842942,0.263,0.019,0,"12","SULF2"
"12.CUX1",0,1.2682333164744,0.345,0.101,0,"12","CUX1"
"12.SLC25A5",0,0.740847212046657,0.746,0.503,0,"12","SLC25A5"
"12.TRAF1",0,1.3751783494177,0.357,0.114,0,"12","TRAF1"
"12.TNFAIP2",0,2.92962745541369,0.323,0.08,0,"12","TNFAIP2"
"12.GNB4",0,1.49672867912413,0.32,0.079,0,"12","GNB4"
"12.MGST2",0,1.55010930165551,0.326,0.085,0,"12","MGST2"
"12.UNC119",0,1.61343244739458,0.348,0.107,0,"12","UNC119"
"12.TACSTD2",0,3.6477659826822,0.266,0.026,0,"12","TACSTD2"
"12.RNF144B",0,2.53102856235741,0.301,0.061,0,"12","RNF144B"
"12.BZW2",0,0.929341717063448,0.332,0.094,0,"12","BZW2"
"12.SRSF9",0,0.583370018573486,0.448,0.21,0,"12","SRSF9"
"12.ST8SIA4",0,0.717715400644828,0.373,0.135,0,"12","ST8SIA4"
"12.MTCH2",0,0.815673732996595,0.376,0.138,0,"12","MTCH2"
"12.SPNS1",0,1.18582192296559,0.332,0.095,0,"12","SPNS1"
"12.NME2",0,1.00973034460885,0.442,0.205,0,"12","NME2"
"12.RSU1",0,0.864980402647032,0.376,0.139,0,"12","RSU1"
"12.SEC13",0,0.537893912026916,0.417,0.181,0,"12","SEC13"
"12.RHOC",0,1.10481184936172,0.339,0.104,0,"12","RHOC"
"12.VPS35",0,0.547612341737606,0.401,0.166,0,"12","VPS35"
"12.GRASP",0,2.35494247125667,0.292,0.057,0,"12","GRASP"
"12.ANXA7",0,0.671410730663214,0.442,0.208,0,"12","ANXA7"
"12.VASP",0,0.737178940564576,0.473,0.239,0,"12","VASP"
"12.TIMM8B",0,0.727741694921539,0.401,0.168,0,"12","TIMM8B"
"12.HLA-DOA",0,1.698744886949,0.31,0.077,0,"12","HLA-DOA"
"12.LSM4",0,0.634321729463823,0.455,0.223,0,"12","LSM4"
"12.PTTG1IP",0,0.968908228202775,0.379,0.147,0,"12","PTTG1IP"
"12.MAP4",0,0.987009307024986,0.354,0.122,0,"12","MAP4"
"12.FUOM",0,1.29770222608894,0.351,0.119,0,"12","FUOM"
"12.ANXA4",0,1.00310340501733,0.329,0.099,0,"12","ANXA4"
"12.RUFY3",0,2.74644149255718,0.266,0.036,0,"12","RUFY3"
"12.DOCK10",0,0.803157991093431,0.392,0.163,0,"12","DOCK10"
"12.MAP3K8",0,0.700771175578079,0.451,0.223,0,"12","MAP3K8"
"12.BTN2A2",0,1.76322598766798,0.292,0.064,0,"12","BTN2A2"
"12.LYN",0,0.746599161770011,0.348,0.12,0,"12","LYN"
"12.MEF2A",0,0.878297045775088,0.348,0.12,0,"12","MEF2A"
"12.CADM1",0,2.57305715134007,0.266,0.039,0,"12","CADM1"
"12.LRRK1",0,3.09053964141063,0.26,0.033,0,"12","LRRK1"
"12.NAGA",0,1.69693472993644,0.313,0.086,0,"12","NAGA"
"12.HPS5",0,1.52387244680865,0.298,0.071,0,"12","HPS5"
"12.THEMIS2",0,1.2928454750289,0.348,0.122,0,"12","THEMIS2"
"12.OXSR1",0,1.24055258132847,0.307,0.081,0,"12","OXSR1"
"12.TES",0,0.642405763200279,0.364,0.138,0,"12","TES"
"12.STX12",0,0.81135911194384,0.342,0.117,0,"12","STX12"
"12.PFKL",0,0.587519727611852,0.367,0.142,0,"12","PFKL"
"12.MVP",0,0.729607762195833,0.361,0.136,0,"12","MVP"
"12.LMNB1",0,0.817641683250664,0.307,0.083,0,"12","LMNB1"
"12.FLOT2",0,0.707398398549197,0.345,0.121,0,"12","FLOT2"
"12.BTLA",0,0.849679181078312,0.266,0.043,0,"12","BTLA"
"12.CTNNBIP1",0,1.46880355892759,0.304,0.081,0,"12","CTNNBIP1"
"12.STX7",0,0.634363605962903,0.354,0.131,0,"12","STX7"
"12.GLIPR2",0,0.524355913702689,0.417,0.195,0,"12","GLIPR2"
"12.CAPNS1",0,1.02103187277631,0.339,0.118,0,"12","CAPNS1"
"12.FCHSD2",0,1.44122579275976,0.31,0.089,0,"12","FCHSD2"
"12.NSMCE1",0,0.640988222504209,0.361,0.14,0,"12","NSMCE1"
"12.NEAT1",0,1.02801827044241,0.793,0.573,0,"12","NEAT1"
"12.TOMM34",0,1.84191995463068,0.266,0.046,0,"12","TOMM34"
"12.TOR3A",0,0.88251727264249,0.357,0.137,0,"12","TOR3A"
"12.SAT1",0,0.899823968520197,0.89,0.67,0,"12","SAT1"
"12.SRP72",0,0.668441851301673,0.392,0.173,0,"12","SRP72"
"12.DNAJC4",0,0.694601884114042,0.398,0.179,0,"12","DNAJC4"
"12.MAFF",0,0.850879144242299,0.342,0.123,0,"12","MAFF"
"12.EIF4E2",0,0.535275466882499,0.382,0.163,0,"12","EIF4E2"
"12.UCHL3",0,1.1477139256087,0.307,0.088,0,"12","UCHL3"
"12.PRMT1",0,0.578134135243156,0.382,0.163,0,"12","PRMT1"
"12.ADAP2",0,0.573682997709417,0.323,0.105,0,"12","ADAP2"
"12.FAM49A",0,1.99084164852522,0.304,0.086,0,"12","FAM49A"
"12.NCKAP1L",0,0.663405965421652,0.37,0.152,0,"12","NCKAP1L"
"12.PKIB",0,2.91076816612314,0.257,0.04,0,"12","PKIB"
"12.PDLIM7",0,1.64973498135862,0.282,0.065,0,"12","PDLIM7"
"12.EDEM1",0,1.53932765565057,0.292,0.076,0,"12","EDEM1"
"12.FBXW5",0,0.581474108189206,0.392,0.177,0,"12","FBXW5"
"12.BIRC3",0,2.1698202150664,0.63,0.415,0,"12","BIRC3"
"12.NAGK",0,0.712784431438328,0.364,0.149,0,"12","NAGK"
"12.OGFRL1",0,1.2029721838362,0.292,0.077,0,"12","OGFRL1"
"12.GNB1",0,0.635963317740633,0.364,0.15,0,"12","GNB1"
"12.ACAA1",0,0.807832548851504,0.351,0.137,0,"12","ACAA1"
"12.TSPAN13",0,1.38406282983519,0.279,0.066,0,"12","TSPAN13"
"12.IMPDH2",0,0.590198051273612,0.357,0.144,0,"12","IMPDH2"
"12.SFT2D2",0,0.895282975087167,0.317,0.105,0,"12","SFT2D2"
"12.DST",0,1.63489408036792,0.257,0.046,0,"12","DST"
"12.CEBPD",0,1.26391354556542,0.335,0.124,0,"12","CEBPD"
"12.OAZ2",0,1.32289791536607,0.304,0.094,0,"12","OAZ2"
"12.G0S2",0,1.68230225524979,0.27,0.061,0,"12","G0S2"
"12.ERICH1",0,1.2333925726704,0.332,0.123,0,"12","ERICH1"
"12.CTNNA1",0,1.05039313544954,0.304,0.095,0,"12","CTNNA1"
"12.MARCKS",0,1.04424894879434,0.354,0.145,0,"12","MARCKS"
"12.ATP1B1",0,1.39077083484325,0.304,0.096,0,"12","ATP1B1"
"12.ARPC3",0,0.612850241899538,0.85,0.642,0,"12","ARPC3"
"12.MCOLN2",0,1.06604325293681,0.26,0.053,0,"12","MCOLN2"
"12.PSMC1",0,0.5320874125502,0.37,0.163,0,"12","PSMC1"
"12.RIPK2",0,0.807721897826782,0.32,0.114,0,"12","RIPK2"
"12.MAN2B1",0,1.18818196830413,0.326,0.12,0,"12","MAN2B1"
"12.BACH1",0,0.677418540842711,0.339,0.133,0,"12","BACH1"
"12.IER5",0,0.670990236649707,0.37,0.164,0,"12","IER5"
"12.SH2B3",0,1.66969387849314,0.276,0.071,0,"12","SH2B3"
"12.ATP6V1D",0,0.739926935554732,0.332,0.127,0,"12","ATP6V1D"
"12.GLRX3",0,0.616136215131671,0.329,0.125,0,"12","GLRX3"
"12.NME4",0,1.00104289447867,0.307,0.103,0,"12","NME4"
"12.YBX1",0,0.718617803832529,0.837,0.633,0,"12","YBX1"
"12.CD74",0,2.42334826782646,0.997,0.793,0,"12","CD74"
"12.GINM1",0,0.824457487007215,0.307,0.104,0,"12","GINM1"
"12.IDH3A",0,1.17097686247217,0.273,0.07,0,"12","IDH3A"
"12.CEP170",0,1.01096492783058,0.292,0.089,0,"12","CEP170"
"12.MCUR1",0,1.02834010667356,0.31,0.108,0,"12","MCUR1"
"12.MIF4GD",0,0.822046911286855,0.32,0.118,0,"12","MIF4GD"
"12.UBL7",0,0.934817722752292,0.32,0.119,0,"12","UBL7"
"12.SERTAD2",0,1.39417864984416,0.263,0.063,0,"12","SERTAD2"
"12.DDAH2",0,0.792610143353464,0.329,0.129,0,"12","DDAH2"
"12.MICAL1",0,1.26807154967359,0.273,0.073,0,"12","MICAL1"
"12.PSMC2",0,0.612468781354048,0.329,0.129,0,"12","PSMC2"
"12.P2RY6",0,2.10977500825933,0.257,0.057,0,"12","P2RY6"
"12.SLC25A33",0,1.02140941737565,0.282,0.082,0,"12","SLC25A33"
"12.COA4",0,0.595894897366377,0.339,0.14,0,"12","COA4"
"12.DUSP5",0,1.64280566626125,0.317,0.118,0,"12","DUSP5"
"12.DLGAP4",0,1.41520311952678,0.263,0.064,0,"12","DLGAP4"
"12.RAP2B",0,0.591928117597865,0.339,0.141,0,"12","RAP2B"
"12.IFT20",0,0.993393706754619,0.304,0.106,0,"12","IFT20"
"12.CEP350",0,0.678763963548005,0.339,0.142,0,"12","CEP350"
"12.AKR7A2",0,0.720840855302728,0.329,0.132,0,"12","AKR7A2"
"12.TRIB1",0,1.17636683337057,0.279,0.082,0,"12","TRIB1"
"12.COMMD9",0,0.864207298804983,0.292,0.095,0,"12","COMMD9"
"12.PPM1M",0,0.699893744384114,0.326,0.13,0,"12","PPM1M"
"12.RAD23B",0,0.764329276638774,0.307,0.111,0,"12","RAD23B"
"12.ARL5B",0,0.610731838277336,0.298,0.102,0,"12","ARL5B"
"12.RP5-1171I10.5",0,0.532557599784805,0.326,0.13,0,"12","RP5-1171I10.5"
"12.ACO2",0,0.511381541614977,0.307,0.111,0,"12","ACO2"
"12.ATP5O",0,1.25698768359682,0.335,0.139,0,"12","ATP5O"
"12.IL6R",0,1.24526323212644,0.282,0.086,0,"12","IL6R"
"12.PHLDA2",0,1.14940317441027,0.292,0.096,0,"12","PHLDA2"
"12.ETV3",0,1.37925258767315,0.266,0.071,0,"12","ETV3"
"12.EIF4EBP1",0,0.672200477563816,0.332,0.137,0,"12","EIF4EBP1"
"12.RAB5A",0,0.536663389111649,0.357,0.162,0,"12","RAB5A"
"12.PDLIM5",0,1.15196400758973,0.282,0.087,0,"12","PDLIM5"
"12.HSD17B12",0,1.4567770936352,0.285,0.09,0,"12","HSD17B12"
"12.MRPL13",0,0.827724354406538,0.317,0.123,0,"12","MRPL13"
"12.IFI30",0,1.49513186292816,0.292,0.098,0,"12","IFI30"
"12.MRPS33",0,0.562763668648519,0.332,0.139,0,"12","MRPS33"
"12.CPPED1",0,1.55926724261728,0.251,0.058,0,"12","CPPED1"
"12.SNX20",0,1.29414570540655,0.282,0.089,0,"12","SNX20"
"12.UBE2E1",0,0.742202003296725,0.307,0.115,0,"12","UBE2E1"
"12.ADAM19",0,0.959240634882362,0.251,0.059,0,"12","ADAM19"
"12.GNA13",0,0.527117629989814,0.332,0.141,0,"12","GNA13"
"12.TIMM10",0,0.512644278519739,0.323,0.132,0,"12","TIMM10"
"12.APOL3",0,1.09224622247242,0.276,0.085,0,"12","APOL3"
"12.GLB1",0,0.891230966669253,0.276,0.086,0,"12","GLB1"
"12.SLC31A2",0,1.42380354429062,0.279,0.089,0,"12","SLC31A2"
"12.DCTPP1",0,0.982280615490623,0.276,0.086,0,"12","DCTPP1"
"12.SBNO1",0,0.586166035266438,0.292,0.102,0,"12","SBNO1"
"12.CECR1",0,0.792923317729114,0.332,0.143,0,"12","CECR1"
"12.IL4I1",0,1.81384715513342,0.254,0.065,0,"12","IL4I1"
"12.PARVG",0,0.679168717039636,0.332,0.144,0,"12","PARVG"
"12.SLC8A1",0,1.85331561619689,0.26,0.072,0,"12","SLC8A1"
"12.GTF2E2",0,0.579585515438557,0.304,0.116,0,"12","GTF2E2"
"12.CHMP4B",0,0.697034857456091,0.32,0.132,0,"12","CHMP4B"
"12.DYNC1LI1",0,0.556548123043878,0.276,0.089,0,"12","DYNC1LI1"
"12.ELOVL1",0,1.06318277451263,0.317,0.13,0,"12","ELOVL1"
"12.RRP7A",0,0.526187190833126,0.323,0.136,0,"12","RRP7A"
"12.SNRNP25",0,1.09519818181221,0.279,0.093,0,"12","SNRNP25"
"12.SEMA4A",0,1.02675972013969,0.27,0.085,0,"12","SEMA4A"
"12.LTBR",0,1.31243002459377,0.26,0.075,0,"12","LTBR"
"12.PHACTR1",0,0.732642637762105,0.276,0.094,0,"12","PHACTR1"
"12.SSRP1",0,0.528665878305096,0.295,0.114,0,"12","SSRP1"
"12.NIT2",0,1.188728430073,0.266,0.086,0,"12","NIT2"
"12.TPRKB",0,0.51913607468653,0.301,0.121,0,"12","TPRKB"
"12.SUB1",0,0.775456942829825,0.859,0.679,0,"12","SUB1"
"12.GM2A",0,0.636194160368007,0.27,0.091,0,"12","GM2A"
"12.ATP6V1E1",0,0.846241165297429,0.31,0.131,0,"12","ATP6V1E1"
"12.KLHL6",0,1.01331789752941,0.254,0.076,0,"12","KLHL6"
"12.ABCE1",0,0.64674699831335,0.285,0.107,0,"12","ABCE1"
"12.YBX3",0,0.846257475486702,0.295,0.117,0,"12","YBX3"
"12.DESI1",0,0.563571032936607,0.292,0.114,0,"12","DESI1"
"12.TRPV2",0,1.05561530885538,0.263,0.086,0,"12","TRPV2"
"12.HDAC2",0,0.783220034824646,0.298,0.122,0,"12","HDAC2"
"12.GRHPR",0,0.746620260899416,0.285,0.11,0,"12","GRHPR"
"12.ARPC2",0,0.681661112083353,0.868,0.694,0,"12","ARPC2"
"12.LPGAT1",0,0.520183042961516,0.254,0.08,0,"12","LPGAT1"
"12.NUDT16",0,0.804360162491743,0.257,0.083,0,"12","NUDT16"
"12.GGCT",0,0.597089863729903,0.273,0.1,0,"12","GGCT"
"12.MBD2",0,0.944081150613112,0.273,0.1,0,"12","MBD2"
"12.MIIP",0,0.670928572797783,0.292,0.119,0,"12","MIIP"
"12.AIDA",0,0.820866401122404,0.254,0.081,0,"12","AIDA"
"12.TCTN3",0,1.38072112732884,0.251,0.078,0,"12","TCTN3"
"12.SLC25A19",0,1.05525003322841,0.254,0.082,0,"12","SLC25A19"
"12.AHCY",0,0.787925401418303,0.27,0.1,0,"12","AHCY"
"12.ARF3",0,1.00011055721651,0.26,0.091,0,"12","ARF3"
"12.PSMA2",0,1.28205538983746,0.254,0.086,0,"12","PSMA2"
"12.MAP3K11",0,0.787504995783781,0.254,0.086,0,"12","MAP3K11"
"12.CTNNBL1",0,0.867320546508518,0.257,0.09,0,"12","CTNNBL1"
"12.MAP2K1",0,0.806718753101327,0.273,0.107,0,"12","MAP2K1"
"12.TAF10",0,0.750786749311042,0.263,0.097,0,"12","TAF10"
"12.NUP62",0,1.47473709762742,0.251,0.085,0,"12","NUP62"
"12.SHMT2",0,0.713601188219131,0.279,0.114,0,"12","SHMT2"
"12.ACOT9",0,1.33632146938273,0.257,0.092,0,"12","ACOT9"
"12.NQO2",0,0.635947971603828,0.263,0.099,0,"12","NQO2"
"12.PICALM",0,0.789451764135367,0.27,0.108,0,"12","PICALM"
"12.RNPEP",0,0.923860562407712,0.257,0.095,0,"12","RNPEP"
"12.FAM105A",0,0.728373218225741,0.276,0.115,0,"12","FAM105A"
"12.BLVRA",0,1.13951691368277,0.288,0.127,0,"12","BLVRA"
"12.MTMR14",0,0.667588357880941,0.276,0.116,0,"12","MTMR14"
"12.CLPTM1",0,0.848069093102848,0.27,0.113,0,"12","CLPTM1"
"12.WDR61",0,0.584789426442865,0.254,0.098,0,"12","WDR61"
"12.LONP2",0,0.542847973723365,0.257,0.101,0,"12","LONP2"
"12.BCKDK",0,0.889494648515072,0.254,0.104,0,"12","BCKDK"
"12.MPDU1",0,0.623642102378449,0.251,0.101,0,"12","MPDU1"
"12.PABPC1",0,0.542162320085669,0.906,0.759,0,"12","PABPC1"
"12.VIM",0,0.982344651893748,0.934,0.796,0,"12","VIM"
"12.PFN1",0,0.709432166344726,0.953,0.823,0,"12","PFN1"
"12.ACTG1",0,1.26292928270206,0.969,0.844,0,"12","ACTG1"
"12.CFL1",0,0.539980823499102,0.909,0.792,0,"12","CFL1"
"12.PPIA",0,0.668018064386907,0.909,0.8,0,"12","PPIA"
"12.MYL6",0,0.821287274354777,0.925,0.821,0,"12","MYL6"
"12.RPS11",0,0.638321466511985,0.884,0.781,0,"12","RPS11"
"12.RPL4",0,0.539512045619441,0.89,0.804,0,"12","RPL4"
"12.ACTB",0,1.55726606299621,1,0.943,0,"12","ACTB"
"12.TMSB10",0,1.30413604162219,1,0.967,0,"12","TMSB10"
"12.TMSB4X",0,1.13434820582661,0.997,0.986,0,"12","TMSB4X"
"12.ARPC1B",2.22044604925031e-16,0.661739900123278,0.658,0.393,5.75894887333561e-12,"12","ARPC1B"
"12.GPX4",2.22044604925031e-16,0.844614692880353,0.759,0.495,5.75894887333561e-12,"12","GPX4"
"12.PSMB6",2.22044604925031e-16,0.760018457190055,0.586,0.326,5.75894887333561e-12,"12","PSMB6"
"12.FAM49B",2.22044604925031e-16,0.621159126140883,0.602,0.346,5.75894887333561e-12,"12","FAM49B"
"12.GNAI2",2.22044604925031e-16,0.524860632767959,0.52,0.27,5.75894887333561e-12,"12","GNAI2"
"12.THOC7",2.22044604925031e-16,0.558627723481663,0.361,0.167,5.75894887333561e-12,"12","THOC7"
"12.DCP2",2.22044604925031e-16,0.550366143316552,0.298,0.127,5.75894887333561e-12,"12","DCP2"
"12.NDUFC2",2.22044604925031e-16,0.735924632654165,0.251,0.102,5.75894887333561e-12,"12","NDUFC2"
"12.SLC25A6",4.44089209850063e-16,0.62471355161848,0.793,0.612,1.15178977466712e-11,"12","SLC25A6"
"12.CYSTM1",4.44089209850063e-16,0.540368829843339,0.323,0.144,1.15178977466712e-11,"12","CYSTM1"
"12.CCR7",4.44089209850063e-16,2.12537205469298,0.345,0.183,1.15178977466712e-11,"12","CCR7"
"12.TSPAN3",4.44089209850063e-16,0.514191888520053,0.263,0.111,1.15178977466712e-11,"12","TSPAN3"
"12.EIF2S2",8.88178419700125e-16,0.814283456788954,0.448,0.224,2.30357954933424e-11,"12","EIF2S2"
"12.OXA1L",1.11022302462516e-15,0.590263767299109,0.411,0.202,2.87947443666781e-11,"12","OXA1L"
"12.EIF5A",1.99840144432528e-15,0.702105892792062,0.63,0.383,5.18305398600205e-11,"12","EIF5A"
"12.FDFT1",2.88657986402541e-15,0.617428687621,0.323,0.145,7.4866335353363e-11,"12","FDFT1"
"12.COX5A",3.5527136788005e-15,0.588293219778616,0.646,0.415,9.21431819733698e-11,"12","COX5A"
"12.OSTF1",4.21884749357559e-15,0.549642947773899,0.564,0.307,1.09420028593377e-10,"12","OSTF1"
"12.PIM3",5.32907051820075e-15,0.674466985050023,0.489,0.28,1.38214772960055e-10,"12","PIM3"
"12.ANXA6",1.79856129989275e-14,0.517489946609387,0.473,0.246,4.66474858740185e-10,"12","ANXA6"
"12.PSMA1",1.90958360235527e-14,0.538159549831865,0.354,0.175,4.95269603106863e-10,"12","PSMA1"
"12.STX11",2.68673971959288e-14,0.758859746445002,0.323,0.157,6.96832813673609e-10,"12","STX11"
"12.LSM3",3.41948691584548e-14,0.626480590283226,0.467,0.246,8.86878126493684e-10,"12","LSM3"
"12.OS9",3.79696274421804e-14,0.514597318242699,0.364,0.181,9.8478025734039e-10,"12","OS9"
"12.DOCK2",3.84137166520304e-14,0.573585804699886,0.279,0.123,9.96298155087061e-10,"12","DOCK2"
"12.PYCARD",3.97459842815806e-14,0.83637229492757,0.455,0.262,1.03085184832707e-09,"12","PYCARD"
"12.JAML",4.13002965160558e-14,0.891573376869894,0.288,0.134,1.07116449044042e-09,"12","JAML"
"12.GBP1",5.6843418860808e-14,1.42089222161893,0.335,0.176,1.47429091157392e-09,"12","GBP1"
"12.NDUFB1",7.48290318597356e-14,0.552831033193508,0.439,0.226,1.9407657703141e-09,"12","NDUFB1"
"12.ARL8B",8.08242361927114e-14,0.814693632955053,0.298,0.14,2.09625738989416e-09,"12","ARL8B"
"12.HMG20B",8.12683254025615e-14,0.603349533413031,0.257,0.114,2.10777528764083e-09,"12","HMG20B"
"12.ZCRB1",9.2148511043888e-14,0.634600606139807,0.335,0.161,2.38996378243428e-09,"12","ZCRB1"
"12.PGD",9.25926002537381e-14,0.673183804836725,0.288,0.133,2.40148168018095e-09,"12","PGD"
"12.BHLHE40",1.15907283770866e-13,0.554702597501523,0.389,0.2,3.00617131188119e-09,"12","BHLHE40"
"12.GLO1",1.35669253609194e-13,0.607896301242324,0.254,0.111,3.51871776160806e-09,"12","GLO1"
"12.ERP44",1.36779476633819e-13,0.512699432290454,0.361,0.177,3.54751250597474e-09,"12","ERP44"
"12.MRPL14",1.3899992268307e-13,0.508440565186409,0.37,0.186,3.60510199470809e-09,"12","MRPL14"
"12.STMN1",2.23154827949656e-13,0.60182329926942,0.376,0.202,5.78774361770229e-09,"12","STMN1"
"12.GPR183",5.08038056068472e-13,1.08816857896495,0.514,0.313,1.31764750221919e-08,"12","GPR183"
"12.ATP6V0E1",8.42659275690494e-13,0.502400172262224,0.774,0.539,2.18552109743086e-08,"12","ATP6V0E1"
"12.N4BP2L1",9.19486708994555e-13,0.535903400924631,0.254,0.115,2.38478072844828e-08,"12","N4BP2L1"
"12.ITGB2",1.33182354034034e-12,0.505744164169016,0.643,0.402,3.4542175342267e-08,"12","ITGB2"
"12.NDUFS8",2.42739162104044e-12,0.532297710684023,0.492,0.278,6.29568290833049e-08,"12","NDUFS8"
"12.YWHAH",4.90918417028752e-12,0.584268799912219,0.408,0.218,1.27324600640577e-07,"12","YWHAH"
"12.RAB9A",4.96558349993848e-12,1.14903881726968,0.298,0.155,1.28787373654404e-07,"12","RAB9A"
"12.CCPG1",1.11946008019004e-11,0.643425519545599,0.279,0.135,2.90343166398088e-07,"12","CCPG1"
"12.HMGN2",1.62698743366718e-11,0.714024923171961,0.708,0.477,4.2197546079592e-07,"12","HMGN2"
"12.RPS27L",7.55102647076455e-11,0.572666273477114,0.655,0.417,1.95843422545749e-06,"12","RPS27L"
"12.FNTA",2.25552021504427e-10,0.664465918620741,0.254,0.123,5.84991722973882e-06,"12","FNTA"
"12.UQCC2",2.79006817649474e-10,0.599724353585566,0.288,0.149,7.23632082255676e-06,"12","UQCC2"
"12.SPAG9",3.65189878337446e-10,0.630988099312172,0.279,0.146,9.47156468456001e-06,"12","SPAG9"
"12.LRRC59",4.79674744369163e-10,0.505784119023738,0.285,0.148,1.24408441699586e-05,"12","LRRC59"
"12.GABARAP",5.28101717911511e-09,0.632038529324978,0.599,0.455,0.00013696846155753,"12","GABARAP"
"12.BAG3",4.59818725317973e-08,0.544596678538979,0.27,0.153,0.00119258584598469,"12","BAG3"
"12.FIBP",9.7040827817807e-08,0.609285075621325,0.317,0.182,0.00251685091028264,"12","FIBP"
"12.SDHB",5.9774419391978e-07,0.534471049542137,0.285,0.16,0.0155030934135034,"12","SDHB"
"12.IFITM3",0.0347806239208157,0.565594705207897,0.423,0.346,1,"12","IFITM3"
"13.JCHAIN",0,2.23983020547283,0.973,0.107,0,"13","JCHAIN"
"13.LILRA4",0,9.76266204346034,0.864,0.004,0,"13","LILRA4"
"13.SERPINF1",0,5.1637098789163,0.912,0.069,0,"13","SERPINF1"
"13.PLAC8",0,4.41154630785574,0.935,0.11,0,"13","PLAC8"
"13.GZMB",0,3.65307560370673,0.966,0.142,0,"13","GZMB"
"13.IRF8",0,4.31507449163935,0.898,0.114,0,"13","IRF8"
"13.TSPAN13",0,4.50563909411999,0.844,0.062,0,"13","TSPAN13"
"13.TCF4",0,4.39324045392836,0.871,0.103,0,"13","TCF4"
"13.PLD4",0,5.79596064264607,0.789,0.034,0,"13","PLD4"
"13.CCDC50",0,3.99066663764084,0.85,0.126,0,"13","CCDC50"
"13.ITM2C",0,3.13894477064836,0.895,0.18,0,"13","ITM2C"
"13.IL3RA",0,7.4456752071701,0.721,0.011,0,"13","IL3RA"
"13.CST3",0,0.706425938839278,0.932,0.227,0,"13","CST3"
"13.PPP1R14B",0,4.46434053875372,0.772,0.068,0,"13","PPP1R14B"
"13.CLIC3",0,4.16054961818059,0.772,0.07,0,"13","CLIC3"
"13.TYROBP",0,1.00316853700273,0.939,0.242,0,"13","TYROBP"
"13.IRF4",0,4.04392010634635,0.776,0.083,0,"13","IRF4"
"13.UGCG",0,3.75651650089961,0.793,0.108,0,"13","UGCG"
"13.IRF7",0,4.10209243222945,0.939,0.272,0,"13","IRF7"
"13.MZB1",0,1.79578147075743,0.759,0.103,0,"13","MZB1"
"13.SMPD3",0,6.49806566002977,0.66,0.009,0,"13","SMPD3"
"13.C1orf186",0,5.35163657257255,0.677,0.03,0,"13","C1orf186"
"13.C12orf75",0,2.87472941774302,0.823,0.176,0,"13","C12orf75"
"13.FCER1G",0,0.985153995518567,0.861,0.22,0,"13","FCER1G"
"13.TRAF4",0,3.42895633752673,0.718,0.083,0,"13","TRAF4"
"13.LILRB4",0,3.1263594467054,0.738,0.105,0,"13","LILRB4"
"13.NPC2",0,2.07482165018208,0.956,0.333,0,"13","NPC2"
"13.APP",0,3.7870584229877,0.704,0.087,0,"13","APP"
"13.PTCRA",0,10.2103717184723,0.619,0.003,0,"13","PTCRA"
"13.MAP1A",0,5.83990813001043,0.629,0.014,0,"13","MAP1A"
"13.MPEG1",0,3.91255134850849,0.694,0.08,0,"13","MPEG1"
"13.CLEC4C",0,10.4631364074111,0.612,0.001,0,"13","CLEC4C"
"13.GPR183",0,3.73846859480083,0.922,0.311,0,"13","GPR183"
"13.CTSB",0,0.622848945674589,0.905,0.298,0,"13","CTSB"
"13.LRRC26",0,8.53039280801507,0.605,0.002,0,"13","LRRC26"
"13.DNASE1L3",0,6.88184666324875,0.605,0.004,0,"13","DNASE1L3"
"13.SCT",0,10.3217504426874,0.602,0.001,0,"13","SCT"
"13.CYB561A3",0,3.49802027195337,0.69,0.089,0,"13","CYB561A3"
"13.RNASE6",0,3.12719473376106,0.714,0.122,0,"13","RNASE6"
"13.SPIB",0,5.54234091680229,0.595,0.015,0,"13","SPIB"
"13.CLN8",0,4.09677000505641,0.646,0.068,0,"13","CLN8"
"13.DERL3",0,2.56119133603344,0.646,0.07,0,"13","DERL3"
"13.TPM2",0,5.41341172217416,0.599,0.029,0,"13","TPM2"
"13.SLC15A4",0,4.69627720336953,0.592,0.033,0,"13","SLC15A4"
"13.PLEK",0,2.56787527180083,0.721,0.163,0,"13","PLEK"
"13.PTPRS",0,8.24560448151626,0.558,0.002,0,"13","PTPRS"
"13.HLA-DQA1",0,0.989842854004745,0.874,0.326,0,"13","HLA-DQA1"
"13.BCL11A",0,5.08411577613993,0.565,0.017,0,"13","BCL11A"
"13.STMN1",0,1.36846966388842,0.745,0.199,0,"13","STMN1"
"13.HLA-DRA",0,0.695924733073916,0.993,0.447,0,"13","HLA-DRA"
"13.SOX4",0,4.29691096045635,0.605,0.062,0,"13","SOX4"
"13.VIMP",0,2.26576449622,0.776,0.235,0,"13","VIMP"
"13.LAMP5",0,7.83568773005494,0.544,0.006,0,"13","LAMP5"
"13.ALOX5AP",0,1.84958529235399,0.935,0.399,0,"13","ALOX5AP"
"13.FAM129C",0,4.59253469481962,0.551,0.015,0,"13","FAM129C"
"13.FCHSD2",0,3.24261046701747,0.616,0.087,0,"13","FCHSD2"
"13.SEL1L3",0,3.24174600863326,0.609,0.081,0,"13","SEL1L3"
"13.PTGDS",0,7.44519665830577,0.544,0.018,0,"13","PTGDS"
"13.LINC00996",0,4.94780801179645,0.541,0.016,0,"13","LINC00996"
"13.DUSP5",0,2.918327421248,0.636,0.116,0,"13","DUSP5"
"13.MYBL2",0,6.86470528501299,0.531,0.012,0,"13","MYBL2"
"13.GRN",0,1.49282479267884,0.752,0.237,0,"13","GRN"
"13.MS4A6A",0,1.11394090354869,0.673,0.159,0,"13","MS4A6A"
"13.GAPT",0,3.95183638618217,0.548,0.037,0,"13","GAPT"
"13.IRF2BP2",0,2.26395411317507,0.684,0.174,0,"13","IRF2BP2"
"13.CD68",0,0.647486268370609,0.684,0.178,0,"13","CD68"
"13.SELL",0,1.35276456673403,0.701,0.199,0,"13","SELL"
"13.TXN",0,2.4453144084521,0.925,0.424,0,"13","TXN"
"13.SLC20A1",0,2.3329645267496,0.65,0.15,0,"13","SLC20A1"
"13.THEMIS2",0,2.75832240821563,0.619,0.12,0,"13","THEMIS2"
"13.HSP90B1",0,1.856802706638,0.922,0.425,0,"13","HSP90B1"
"13.RAB11FIP1",0,2.40387159348034,0.65,0.154,0,"13","RAB11FIP1"
"13.ZFAT",0,5.72525661416452,0.507,0.014,0,"13","ZFAT"
"13.EGLN3",0,5.94504897999978,0.503,0.012,0,"13","EGLN3"
"13.CYBB",0,1.41371059195461,0.633,0.144,0,"13","CYBB"
"13.GPX1",0,1.43765506233763,0.935,0.448,0,"13","GPX1"
"13.HLA-DMA",0,0.99195867718266,0.789,0.303,0,"13","HLA-DMA"
"13.HLA-DQB1",0,0.977667455842642,0.837,0.353,0,"13","HLA-DQB1"
"13.IDH3A",0,3.20112683742489,0.551,0.068,0,"13","IDH3A"
"13.RNASET2",0,1.61955782432561,0.854,0.372,0,"13","RNASET2"
"13.RPS6KA4",0,3.66293824719574,0.537,0.056,0,"13","RPS6KA4"
"13.SEC61B",0,2.70521133346723,0.98,0.5,0,"13","SEC61B"
"13.OFD1",0,1.86798993780681,0.646,0.167,0,"13","OFD1"
"13.LDLRAD4",0,2.33296151545858,0.653,0.177,0,"13","LDLRAD4"
"13.SPCS1",0,2.03157469165196,0.925,0.45,0,"13","SPCS1"
"13.FKBP2",0,1.62734877034278,0.724,0.251,0,"13","FKBP2"
"13.JAML",0,1.99737489406123,0.605,0.132,0,"13","JAML"
"13.SIDT1",0,3.57307162938661,0.514,0.042,0,"13","SIDT1"
"13.IFI44L",0,1.79226448551281,0.68,0.21,0,"13","IFI44L"
"13.CNPY3",0,1.77877701617159,0.724,0.254,0,"13","CNPY3"
"13.HLA-DPB1",0,0.583923621407038,0.952,0.487,0,"13","HLA-DPB1"
"13.HLA-DPA1",0,0.512128282176861,0.969,0.505,0,"13","HLA-DPA1"
"13.PLP2",0,1.3871568359879,0.857,0.394,0,"13","PLP2"
"13.POLB",0,3.42389683122491,0.531,0.069,0,"13","POLB"
"13.SMIM5",0,8.46916995106038,0.463,0.002,0,"13","SMIM5"
"13.PTPRE",0,2.35618535648002,0.595,0.136,0,"13","PTPRE"
"13.DBI",0,1.42155126787381,0.898,0.445,0,"13","DBI"
"13.SMIM3",0,3.06133948487227,0.52,0.068,0,"13","SMIM3"
"13.SLC7A5",0,1.99654688423221,0.639,0.187,0,"13","SLC7A5"
"13.HLA-DMB",0,1.42959984881298,0.626,0.179,0,"13","HLA-DMB"
"13.VAMP8",0,1.57275719000768,0.881,0.435,0,"13","VAMP8"
"13.MEF2C",0,2.08291722220367,0.575,0.13,0,"13","MEF2C"
"13.CORO1C",0,3.47726254916403,0.52,0.077,0,"13","CORO1C"
"13.GNA15",0,2.80467766167183,0.544,0.106,0,"13","GNA15"
"13.CD2AP",0,2.95559549328519,0.51,0.077,0,"13","CD2AP"
"13.ERP29",0,1.56462586459083,0.854,0.421,0,"13","ERP29"
"13.RRBP1",0,2.50455993093007,0.578,0.146,0,"13","RRBP1"
"13.TCL1A",0,5.29966110269377,0.446,0.015,0,"13","TCL1A"
"13.DCK",0,1.81107810519104,0.571,0.14,0,"13","DCK"
"13.CCDC186",0,2.19467680854102,0.537,0.107,0,"13","CCDC186"
"13.MAPKAPK2",0,2.61950005839182,0.52,0.091,0,"13","MAPKAPK2"
"13.CD4",0,1.89310361116934,0.605,0.176,0,"13","CD4"
"13.PRKCB",0,2.19449853259503,0.534,0.106,0,"13","PRKCB"
"13.CTSC",0,0.971168925112335,0.786,0.362,0,"13","CTSC"
"13.OSTC",0,1.4483400323493,0.704,0.284,0,"13","OSTC"
"13.UBE2J1",0,1.53352741864644,0.646,0.227,0,"13","UBE2J1"
"13.CCDC88A",0,2.54079179531802,0.537,0.121,0,"13","CCDC88A"
"13.HERPUD1",0,1.9258998529197,0.929,0.516,0,"13","HERPUD1"
"13.PARK7",0,1.42417176300611,0.874,0.461,0,"13","PARK7"
"13.CHAF1A",0,4.44635056869732,0.435,0.025,0,"13","CHAF1A"
"13.BST2",0,1.29848270941532,0.84,0.43,0,"13","BST2"
"13.TGFBI",0,1.85424198027606,0.524,0.115,0,"13","TGFBI"
"13.MX1",0,1.53129567302771,0.636,0.227,0,"13","MX1"
"13.SPINT2",0,1.77102786908286,0.588,0.179,0,"13","SPINT2"
"13.CXCR3",0,1.98475293630016,0.568,0.164,0,"13","CXCR3"
"13.C9orf142",0,1.40838556972818,0.711,0.311,0,"13","C9orf142"
"13.CD83",0,1.58293550487718,0.653,0.254,0,"13","CD83"
"13.RUNX2",0,2.85633537916523,0.446,0.048,0,"13","RUNX2"
"13.PLA2G16",0,1.71279461897705,0.531,0.134,0,"13","PLA2G16"
"13.AREG",0,2.63278582961945,0.646,0.25,0,"13","AREG"
"13.CHD9",0,1.72483709533889,0.554,0.158,0,"13","CHD9"
"13.NUCB2",0,1.67378314755169,0.571,0.177,0,"13","NUCB2"
"13.SEC61G",0,1.26655082968079,0.776,0.387,0,"13","SEC61G"
"13.SSR3",0,1.09783486039234,0.704,0.315,0,"13","SSR3"
"13.RNF130",0,1.1551364404592,0.544,0.156,0,"13","RNF130"
"13.HLA-DQA2",0,1.64971967409026,0.537,0.149,0,"13","HLA-DQA2"
"13.RUBCN",0,3.36285129823345,0.435,0.049,0,"13","RUBCN"
"13.RNF149",0,1.10190242232903,0.707,0.321,0,"13","RNF149"
"13.NEK8",0,4.83734595090584,0.398,0.013,0,"13","NEK8"
"13.P4HB",0,1.24904706444641,0.724,0.339,0,"13","P4HB"
"13.LTB",0,1.0518653022264,0.759,0.375,0,"13","LTB"
"13.GAS6",0,3.39360228060711,0.449,0.065,0,"13","GAS6"
"13.TIMM13",0,1.73454576397225,0.541,0.158,0,"13","TIMM13"
"13.CTSZ",0,0.771163099035337,0.571,0.189,0,"13","CTSZ"
"13.P2RY14",0,4.58763067224731,0.395,0.014,0,"13","P2RY14"
"13.NR3C1",0,1.34051398014215,0.728,0.347,0,"13","NR3C1"
"13.NR4A3",0,2.0873456098389,0.619,0.24,0,"13","NR4A3"
"13.NCF1",0,1.49540501990154,0.602,0.224,0,"13","NCF1"
"13.ANKRD11",0,1.95239263823751,0.534,0.158,0,"13","ANKRD11"
"13.PRMT9",0,2.10067286447234,0.517,0.142,0,"13","PRMT9"
"13.BID",0,2.16185440895378,0.514,0.139,0,"13","BID"
"13.PHACTR1",0,2.04817420344311,0.466,0.093,0,"13","PHACTR1"
"13.SYNGR2",0,1.29633221581365,0.721,0.348,0,"13","SYNGR2"
"13.SFT2D2",0,2.09662349737236,0.476,0.104,0,"13","SFT2D2"
"13.OPN3",0,4.11482057176,0.408,0.038,0,"13","OPN3"
"13.BLNK",0,2.97987634423546,0.435,0.066,0,"13","BLNK"
"13.ERN1",0,1.97933994222878,0.493,0.124,0,"13","ERN1"
"13.RASD1",0,3.94734957371382,0.405,0.038,0,"13","RASD1"
"13.MGST2",0,2.55949541775335,0.449,0.084,0,"13","MGST2"
"13.EIF3L",0,1.05896977358771,0.755,0.392,0,"13","EIF3L"
"13.TMED10",0,0.91758759452812,0.677,0.315,0,"13","TMED10"
"13.LGMN",0,1.0194978299607,0.48,0.118,0,"13","LGMN"
"13.AP1S2",0,1.25655774009274,0.565,0.204,0,"13","AP1S2"
"13.SIVA1",0,1.14841765812535,0.65,0.29,0,"13","SIVA1"
"13.SH2B3",0,3.01980871738888,0.429,0.07,0,"13","SH2B3"
"13.CSF2RB",0,4.14385432351369,0.398,0.04,0,"13","CSF2RB"
"13.SEMA7A",0,4.1050284833329,0.374,0.019,0,"13","SEMA7A"
"13.GPM6B",0,3.44544247241278,0.374,0.02,0,"13","GPM6B"
"13.UCP2",0,1.08972305550389,0.745,0.391,0,"13","UCP2"
"13.GABARAPL2",0,0.905885720779537,0.69,0.336,0,"13","GABARAPL2"
"13.N4BP2L1",0,1.89334498980276,0.466,0.113,0,"13","N4BP2L1"
"13.PTRHD1",0,1.66445734335372,0.497,0.144,0,"13","PTRHD1"
"13.DSTN",0,1.42601770432687,0.571,0.219,0,"13","DSTN"
"13.HMGN3",0,0.957312123795067,0.66,0.309,0,"13","HMGN3"
"13.SNX3",0,0.93564620397742,0.718,0.367,0,"13","SNX3"
"13.ST6GALNAC4",0,2.75495647273257,0.429,0.079,0,"13","ST6GALNAC4"
"13.C12orf45",0,2.81816489608761,0.429,0.08,0,"13","C12orf45"
"13.PPIB",0,1.13836398505325,0.905,0.556,0,"13","PPIB"
"13.XBP1",0,0.525023834371528,0.701,0.352,0,"13","XBP1"
"13.CXorf21",0,3.28632582014041,0.425,0.077,0,"13","CXorf21"
"13.KDM6B",0,1.30497323654517,0.578,0.231,0,"13","KDM6B"
"13.COX7A2L",0,0.889293996011813,0.663,0.317,0,"13","COX7A2L"
"13.GSTP1",0,0.663662428798386,0.769,0.423,0,"13","GSTP1"
"13.CD164",0,1.03437722168171,0.656,0.312,0,"13","CD164"
"13.APEX1",0,1.4218993308618,0.541,0.197,0,"13","APEX1"
"13.DNAJC7",0,1.51707881862729,0.524,0.181,0,"13","DNAJC7"
"13.RP11-117D22.2",0,6.5819360024441,0.347,0.004,0,"13","RP11-117D22.2"
"13.P2RY6",0,3.49020972100736,0.398,0.056,0,"13","P2RY6"
"13.NHP2",0,1.00287380595104,0.571,0.229,0,"13","NHP2"
"13.TNFRSF21",0,4.20042210616184,0.371,0.029,0,"13","TNFRSF21"
"13.TNFSF13B",0,1.239326272124,0.503,0.161,0,"13","TNFSF13B"
"13.FAM213A",0,3.27326416430655,0.391,0.05,0,"13","FAM213A"
"13.CAT",0,1.98948393926792,0.452,0.116,0,"13","CAT"
"13.ATF5",0,1.84712439371021,0.459,0.125,0,"13","ATF5"
"13.FERMT3",0,1.39636151172154,0.541,0.208,0,"13","FERMT3"
"13.ZNF706",0,0.999334450088733,0.687,0.355,0,"13","ZNF706"
"13.AHI1",0,1.74685316831516,0.425,0.093,0,"13","AHI1"
"13.ATP6V0B",0,0.638996829099453,0.687,0.356,0,"13","ATP6V0B"
"13.PYCARD",0,0.93351471892505,0.592,0.261,0,"13","PYCARD"
"13.CXXC5",0,2.59727894813134,0.388,0.058,0,"13","CXXC5"
"13.UNC93B1",0,2.69924204499422,0.408,0.078,0,"13","UNC93B1"
"13.HIGD1A",0,2.92287641031855,0.378,0.049,0,"13","HIGD1A"
"13.PPM1K",0,1.20602122053084,0.507,0.178,0,"13","PPM1K"
"13.LYN",0,1.70635354805258,0.449,0.12,0,"13","LYN"
"13.RNF5",0,1.63612429431303,0.452,0.124,0,"13","RNF5"
"13.BAG1",0,1.30231222496449,0.524,0.196,0,"13","BAG1"
"13.SULF2",0,4.29587734394208,0.347,0.019,0,"13","SULF2"
"13.GPR65",0,1.57973984571287,0.551,0.224,0,"13","GPR65"
"13.DBNL",0,1.41248359172162,0.517,0.194,0,"13","DBNL"
"13.COX5A",0,0.968023360541257,0.738,0.415,0,"13","COX5A"
"13.ZDHHC4",0,2.45912707265178,0.401,0.079,0,"13","ZDHHC4"
"13.RBX1",0,0.736156831420431,0.68,0.359,0,"13","RBX1"
"13.PACSIN1",0,7.37160411239599,0.323,0.002,0,"13","PACSIN1"
"13.FAM96A",0,0.952079359774353,0.571,0.251,0,"13","FAM96A"
"13.C11orf31",0,0.88559799752797,0.714,0.395,0,"13","C11orf31"
"13.ENY2",0,0.653237529109833,0.65,0.332,0,"13","ENY2"
"13.CAPG",0,0.505811495473003,0.578,0.26,0,"13","CAPG"
"13.CDK2AP2",0,0.884358236936312,0.616,0.299,0,"13","CDK2AP2"
"13.LAP3",0,0.916724233061208,0.561,0.245,0,"13","LAP3"
"13.PTPN1",0,1.19095066442383,0.524,0.209,0,"13","PTPN1"
"13.ERGIC3",0,0.790660194207669,0.588,0.273,0,"13","ERGIC3"
"13.REL",0,0.779776846826846,0.752,0.438,0,"13","REL"
"13.SELPLG",0,1.35751100664777,0.507,0.193,0,"13","SELPLG"
"13.GNG7",0,3.16969661285836,0.354,0.04,0,"13","GNG7"
"13.INPP4A",0,2.52150781798413,0.374,0.063,0,"13","INPP4A"
"13.SCAMP5",0,5.91029795562322,0.32,0.009,0,"13","SCAMP5"
"13.CHMP5",0,0.786858028209134,0.551,0.242,0,"13","CHMP5"
"13.CANX",0,0.91906036646658,0.571,0.262,0,"13","CANX"
"13.TRABD",0,1.14323629882461,0.527,0.219,0,"13","TRABD"
"13.FYTTD1",0,1.79860670437364,0.432,0.124,0,"13","FYTTD1"
"13.TRIM22",0,0.732812985541924,0.544,0.237,0,"13","TRIM22"
"13.RGS2",0,1.9432593440241,0.68,0.374,0,"13","RGS2"
"13.KIAA0226L",0,3.41477714736604,0.337,0.031,0,"13","KIAA0226L"
"13.MTDH",0,0.703028394018879,0.721,0.415,0,"13","MTDH"
"13.NAP1L1",0,0.577850797518073,0.721,0.415,0,"13","NAP1L1"
"13.AKAP13",0,0.976168363189559,0.653,0.348,0,"13","AKAP13"
"13.ADAM19",0,2.14310702978652,0.364,0.059,0,"13","ADAM19"
"13.DAAM1",0,2.54751899746655,0.357,0.052,0,"13","DAAM1"
"13.PHB",0,1.23528499827311,0.507,0.202,0,"13","PHB"
"13.NFKBID",0,1.11009875516614,0.486,0.181,0,"13","NFKBID"
"13.LINC01420",0,0.831380684721963,0.534,0.231,0,"13","LINC01420"
"13.SNRNP25",0,2.14726214115829,0.395,0.092,0,"13","SNRNP25"
"13.SMIM14",0,1.59766545346181,0.405,0.103,0,"13","SMIM14"
"13.GPX7",0,2.72005430716459,0.344,0.042,0,"13","GPX7"
"13.B4GALT1",0,1.36366457753881,0.49,0.189,0,"13","B4GALT1"
"13.PMEPA1",0,2.60194567821656,0.354,0.053,0,"13","PMEPA1"
"13.PGD",0,1.50745650423319,0.432,0.132,0,"13","PGD"
"13.SEP15",0,0.721275756631785,0.636,0.336,0,"13","SEP15"
"13.TM9SF2",0,1.5028162365069,0.442,0.144,0,"13","TM9SF2"
"13.TMEM258",0,0.559798084171842,0.707,0.409,0,"13","TMEM258"
"13.ATG101",0,1.63838367222044,0.422,0.124,0,"13","ATG101"
"13.ALG2",0,2.46702339593215,0.364,0.067,0,"13","ALG2"
"13.EIF3A",0,0.730361907524638,0.565,0.268,0,"13","EIF3A"
"13.SNHG7",0,1.2937970929947,0.456,0.16,0,"13","SNHG7"
"13.HYOU1",0,2.67884610759343,0.357,0.062,0,"13","HYOU1"
"13.SNX9",0,1.02119465180908,0.486,0.192,0,"13","SNX9"
"13.RP5-1171I10.5",0,1.81388067500926,0.422,0.129,0,"13","RP5-1171I10.5"
"13.H2AFY",0,0.760400139871587,0.527,0.236,0,"13","H2AFY"
"13.CCDC69",0,1.52790310556055,0.398,0.107,0,"13","CCDC69"
"13.PHEX",0,6.36802820843521,0.293,0.002,0,"13","PHEX"
"13.LAMTOR5",0,0.658526496820279,0.578,0.288,0,"13","LAMTOR5"
"13.DNAJC4",0,1.30888736040009,0.469,0.179,0,"13","DNAJC4"
"13.SFT2D1",0,0.98510459952339,0.51,0.221,0,"13","SFT2D1"
"13.DDX21",0,0.793760336912701,0.531,0.242,0,"13","DDX21"
"13.COMMD6",0,0.827032498887305,0.929,0.64,0,"13","COMMD6"
"13.XIST",0,0.64806635253616,0.622,0.333,0,"13","XIST"
"13.CD36",0,2.8860307036049,0.323,0.035,0,"13","CD36"
"13.VEGFB",0,3.07420410711899,0.333,0.045,0,"13","VEGFB"
"13.EIF2AK4",0,2.20841083359918,0.374,0.086,0,"13","EIF2AK4"
"13.LPIN1",0,1.60327681621121,0.415,0.128,0,"13","LPIN1"
"13.FAM53C",0,1.45889626781296,0.446,0.16,0,"13","FAM53C"
"13.SLC25A5",0,0.559631040855272,0.789,0.503,0,"13","SLC25A5"
"13.TRIM44",0,1.64664320585786,0.395,0.109,0,"13","TRIM44"
"13.RASSF2",0,2.4832505361746,0.357,0.071,0,"13","RASSF2"
"13.SHD",0,12.7530383630047,0.286,0,0,"13","SHD"
"13.SUSD1",0,4.66857630546607,0.306,0.021,0,"13","SUSD1"
"13.SSR1",0,1.0196506393412,0.51,0.226,0,"13","SSR1"
"13.PLVAP",0,3.9140667711862,0.296,0.012,0,"13","PLVAP"
"13.ERCC1",0,1.61957818828969,0.412,0.128,0,"13","ERCC1"
"13.TMED9",0,0.991320623163174,0.551,0.268,0,"13","TMED9"
"13.GRASP",0,2.84882499629978,0.34,0.057,0,"13","GRASP"
"13.NAPA",0,1.01522241675508,0.534,0.251,0,"13","NAPA"
"13.RANBP2",0,1.04953716235857,0.476,0.193,0,"13","RANBP2"
"13.PIM3",0,0.918421631561767,0.561,0.279,0,"13","PIM3"
"13.ADA",0,1.81987840002182,0.361,0.081,0,"13","ADA"
"13.OGT",0,1.10076890194545,0.415,0.136,0,"13","OGT"
"13.SMC6",0,2.32848586069286,0.34,0.062,0,"13","SMC6"
"13.GRSF1",0,0.835246617783028,0.466,0.188,0,"13","GRSF1"
"13.DDIT4",0,0.89477526742115,0.728,0.45,0,"13","DDIT4"
"13.CDKN1A",0,0.868237060069837,0.643,0.366,0,"13","CDKN1A"
"13.ETV6",0,1.95374092093792,0.371,0.094,0,"13","ETV6"
"13.UFC1",0,0.605010812370209,0.612,0.335,0,"13","UFC1"
"13.FEZ2",0,1.87033235686516,0.374,0.098,0,"13","FEZ2"
"13.APPL1",0,1.26674414020773,0.418,0.143,0,"13","APPL1"
"13.SRPRA",0,1.20851447538501,0.446,0.171,0,"13","SRPRA"
"13.NAGK",0,1.3828645988391,0.422,0.148,0,"13","NAGK"
"13.MAP3K2",0,1.10513874907844,0.429,0.155,0,"13","MAP3K2"
"13.ALDH2",0,1.79057598654101,0.367,0.093,0,"13","ALDH2"
"13.CUX1",0,1.80141314079185,0.374,0.101,0,"13","CUX1"
"13.TMEM8B",0,5.62974848101158,0.279,0.006,0,"13","TMEM8B"
"13.GNL3",0,1.73928589671617,0.405,0.133,0,"13","GNL3"
"13.MTPN",0,0.997925252847479,0.486,0.214,0,"13","MTPN"
"13.ARL4C",0,0.736927727705984,0.541,0.27,0,"13","ARL4C"
"13.SYK",0,1.92386809195595,0.378,0.107,0,"13","SYK"
"13.C14orf2",0,0.579807345216649,0.612,0.341,0,"13","C14orf2"
"13.MRPL36",0,1.40437069057396,0.391,0.121,0,"13","MRPL36"
"13.COMT",0,0.98374655134749,0.466,0.196,0,"13","COMT"
"13.ATP5A1",0,0.699386531407928,0.592,0.322,0,"13","ATP5A1"
"13.SAMHD1",0,1.07625404391501,0.503,0.234,0,"13","SAMHD1"
"13.FLNB",0,3.21257269345082,0.293,0.024,0,"13","FLNB"
"13.HIST1H2AC",0,1.76952271842824,0.364,0.097,0,"13","HIST1H2AC"
"13.STX7",0,1.44473573043342,0.398,0.131,0,"13","STX7"
"13.SRP14",0,1.18857566640463,0.966,0.7,0,"13","SRP14"
"13.UBE2E2",0,2.13853062357807,0.34,0.075,0,"13","UBE2E2"
"13.TMED2",0,0.652487176667,0.575,0.31,0,"13","TMED2"
"13.SERP1",0,0.631560575330039,0.871,0.607,0,"13","SERP1"
"13.PTPN2",0,0.856041758504033,0.459,0.195,0,"13","PTPN2"
"13.UBE2L6",0,0.617514426051881,0.602,0.338,0,"13","UBE2L6"
"13.SLC44A2",0,1.48877930666181,0.347,0.084,0,"13","SLC44A2"
"13.NGLY1",0,1.3565215791801,0.384,0.122,0,"13","NGLY1"
"13.RBM6",0,1.13876260161627,0.391,0.129,0,"13","RBM6"
"13.MAN2B1",0,1.94401554974117,0.381,0.119,0,"13","MAN2B1"
"13.TAGLN2",0,0.629047325306148,0.854,0.594,0,"13","TAGLN2"
"13.AP3S1",0,1.08011725442503,0.463,0.203,0,"13","AP3S1"
"13.MIF4GD",0,1.70448348070266,0.378,0.118,0,"13","MIF4GD"
"13.MOB1A",0,0.586916165809793,0.548,0.289,0,"13","MOB1A"
"13.BHLHE40",0,1.35904124080702,0.459,0.2,0,"13","BHLHE40"
"13.ZDHHC17",0,2.73800736222426,0.293,0.034,0,"13","ZDHHC17"
"13.EIF2S2",0,0.756627213225341,0.483,0.224,0,"13","EIF2S2"
"13.NEDD8",0,0.716231994839391,0.568,0.309,0,"13","NEDD8"
"13.NUDT1",0,1.46223577986883,0.378,0.12,0,"13","NUDT1"
"13.KRT5",0,5.45762340141406,0.265,0.007,0,"13","KRT5"
"13.NME4",0,1.77224331145006,0.361,0.103,0,"13","NME4"
"13.USF2",0,1.62549730324743,0.378,0.12,0,"13","USF2"
"13.ABHD15",0,3.3997394650189,0.286,0.028,0,"13","ABHD15"
"13.LSM3",0,0.634450777344183,0.503,0.246,0,"13","LSM3"
"13.SPN",0,1.43613380754546,0.374,0.117,0,"13","SPN"
"13.A1BG",0,1.3169357665248,0.374,0.117,0,"13","A1BG"
"13.CERS6",0,3.03441265903318,0.299,0.043,0,"13","CERS6"
"13.TMIGD2",0,2.21231877773967,0.286,0.03,0,"13","TMIGD2"
"13.PGLS",0,0.765359177777574,0.51,0.254,0,"13","PGLS"
"13.SLAMF7",0,1.89733735511259,0.344,0.089,0,"13","SLAMF7"
"13.REPIN1",0,3.08414979748383,0.296,0.041,0,"13","REPIN1"
"13.CDKN2D",0,1.85043659367682,0.316,0.061,0,"13","CDKN2D"
"13.PPP1R14A",0,5.30427521025066,0.262,0.007,0,"13","PPP1R14A"
"13.CYSTM1",0,1.05086349182515,0.398,0.144,0,"13","CYSTM1"
"13.RNF126",0,1.60375518043648,0.357,0.103,0,"13","RNF126"
"13.S100A6",0,0.577726572648006,0.925,0.672,0,"13","S100A6"
"13.SEPT11",0,1.56355028777948,0.357,0.104,0,"13","SEPT11"
"13.SPCS3",0,0.694072775775701,0.507,0.255,0,"13","SPCS3"
"13.IFIT2",0,2.29442008062153,0.323,0.071,0,"13","IFIT2"
"13.KCTD5",0,2.31790299399339,0.316,0.064,0,"13","KCTD5"
"13.NAPSA",0,3.89086877981454,0.272,0.02,0,"13","NAPSA"
"13.TLR7",0,3.44479342391597,0.286,0.035,0,"13","TLR7"
"13.CYSLTR1",0,1.33379077918802,0.33,0.079,0,"13","CYSLTR1"
"13.GSN",0,0.661368259902874,0.391,0.14,0,"13","GSN"
"13.MLF2",0,1.00540746261488,0.49,0.24,0,"13","MLF2"
"13.KIF5B",0,0.670584287249093,0.531,0.282,0,"13","KIF5B"
"13.COBLL1",0,3.0297481517661,0.276,0.027,0,"13","COBLL1"
"13.WDFY4",0,3.52351591471394,0.279,0.03,0,"13","WDFY4"
"13.MYDGF",0,0.685002481709523,0.531,0.283,0,"13","MYDGF"
"13.NRDC",0,1.09909442316357,0.425,0.177,0,"13","NRDC"
"13.PFKFB3",0,1.03009807309238,0.429,0.181,0,"13","PFKFB3"
"13.TUBB6",0,2.98710955272987,0.289,0.041,0,"13","TUBB6"
"13.RPL23",0,1.08310205771346,0.884,0.637,0,"13","RPL23"
"13.TACC1",0,1.09490614962395,0.415,0.168,0,"13","TACC1"
"13.HIST1H1C",0,1.94183874770616,0.35,0.104,0,"13","HIST1H1C"
"13.ST3GAL4",0,3.33637973353019,0.269,0.024,0,"13","ST3GAL4"
"13.HVCN1",0,1.93252914582689,0.316,0.071,0,"13","HVCN1"
"13.ZC3HAV1",0,1.15886332021802,0.554,0.31,0,"13","ZC3HAV1"
"13.CDYL",0,3.34703303610383,0.272,0.028,0,"13","CDYL"
"13.SUPT4H1",0,0.702142496032577,0.486,0.242,0,"13","SUPT4H1"
"13.TMEM141",0,1.38758007208207,0.35,0.107,0,"13","TMEM141"
"13.NDUFB1",0,0.551728078684728,0.469,0.226,0,"13","NDUFB1"
"13.RPS17",0,1.06840504556511,0.782,0.54,0,"13","RPS17"
"13.POLR2A",0,0.867386975820017,0.429,0.187,0,"13","POLR2A"
"13.C1QBP",0,0.716881933825074,0.473,0.231,0,"13","C1QBP"
"13.YME1L1",0,0.568657038445922,0.493,0.252,0,"13","YME1L1"
"13.ABCE1",0,1.43185403556756,0.347,0.107,0,"13","ABCE1"
"13.LSM5",0,0.676526844900852,0.473,0.234,0,"13","LSM5"
"13.SAP30BP",0,0.975952650007107,0.381,0.143,0,"13","SAP30BP"
"13.LUC7L3",0,0.61558476704007,0.483,0.245,0,"13","LUC7L3"
"13.AHCY",0,1.84101110108544,0.337,0.1,0,"13","AHCY"
"13.PPM1G",0,0.715003059207561,0.493,0.256,0,"13","PPM1G"
"13.KDELR2",0,0.600404572683458,0.497,0.26,0,"13","KDELR2"
"13.WDFY2",0,1.65829768901213,0.316,0.079,0,"13","WDFY2"
"13.CARD11",0,2.45846977639804,0.276,0.04,0,"13","CARD11"
"13.TMX1",0,0.934695002736997,0.395,0.16,0,"13","TMX1"
"13.APH1A",0,0.644890480041306,0.49,0.255,0,"13","APH1A"
"13.ETV3",0,1.99410834870278,0.306,0.071,0,"13","ETV3"
"13.DDAH2",0,1.55706299463559,0.364,0.129,0,"13","DDAH2"
"13.CNP",0,1.80780638135195,0.316,0.082,0,"13","CNP"
"13.PSMB4",0,0.839919363805384,0.412,0.179,0,"13","PSMB4"
"13.LAIR1",0,1.19763671205333,0.361,0.129,0,"13","LAIR1"
"13.BCL2L11",0,1.81286750274329,0.316,0.085,0,"13","BCL2L11"
"13.PTMS",0,0.510162232490541,0.435,0.206,0,"13","PTMS"
"13.TBC1D8",0,3.03732996328331,0.259,0.031,0,"13","TBC1D8"
"13.DPYSL2",0,2.20860232372798,0.303,0.075,0,"13","DPYSL2"
"13.NUDT22",0,1.52289932325155,0.367,0.139,0,"13","NUDT22"
"13.CIITA",0,2.47485666302601,0.289,0.062,0,"13","CIITA"
"13.CYBA",0,1.17025198439738,0.827,0.6,0,"13","CYBA"
"13.OAS1",0,1.06700502474115,0.384,0.158,0,"13","OAS1"
"13.SERPING1",0,1.21441115090077,0.33,0.105,0,"13","SERPING1"
"13.CREB3L2",0,1.8309169016779,0.316,0.091,0,"13","CREB3L2"
"13.UVRAG",0,1.09790871511075,0.367,0.142,0,"13","UVRAG"
"13.ARL6IP1",0,0.636216270229462,0.439,0.214,0,"13","ARL6IP1"
"13.BRD4",0,1.01445270788277,0.378,0.153,0,"13","BRD4"
"13.HINT1",0,0.894134424831282,0.959,0.735,0,"13","HINT1"
"13.RMDN3",0,1.55232128372296,0.303,0.079,0,"13","RMDN3"
"13.SUMO3",0,0.656755561436538,0.463,0.24,0,"13","SUMO3"
"13.ARID3A",0,3.44404494545766,0.252,0.029,0,"13","ARID3A"
"13.SMARCB1",0,1.23911838633413,0.388,0.165,0,"13","SMARCB1"
"13.RFTN1",0,0.999646951065115,0.357,0.134,0,"13","RFTN1"
"13.TMEM109",0,1.03208492254109,0.398,0.176,0,"13","TMEM109"
"13.ACTN4",0,0.735327784786378,0.395,0.173,0,"13","ACTN4"
"13.PARP10",0,1.30313255189712,0.32,0.098,0,"13","PARP10"
"13.SUB1",0,0.688775862858995,0.901,0.679,0,"13","SUB1"
"13.SKAP2",0,1.35450690889527,0.344,0.122,0,"13","SKAP2"
"13.NUP62",0,1.77051176897711,0.306,0.085,0,"13","NUP62"
"13.SMCO4",0,1.25449591919132,0.337,0.117,0,"13","SMCO4"
"13.THUMPD3-AS1",0,0.809853585221991,0.391,0.171,0,"13","THUMPD3-AS1"
"13.CYTH4",0,1.55468586325413,0.327,0.108,0,"13","CYTH4"
"13.SRD5A1",0,2.80117656237908,0.255,0.036,0,"13","SRD5A1"
"13.DCPS",0,1.63117063233413,0.31,0.091,0,"13","DCPS"
"13.MAD2L2",0,1.17811063140491,0.344,0.125,0,"13","MAD2L2"
"13.RABGAP1L",0,0.505092533703211,0.415,0.196,0,"13","RABGAP1L"
"13.PRKCD",0,2.11083405393814,0.293,0.074,0,"13","PRKCD"
"13.HINT2",0,0.930811894960681,0.361,0.143,0,"13","HINT2"
"13.USP36",0,1.11018710225152,0.364,0.146,0,"13","USP36"
"13.N4BP2",0,2.29668924667265,0.269,0.052,0,"13","N4BP2"
"13.TSPAN3",0,1.61580960105434,0.327,0.11,0,"13","TSPAN3"
"13.KDM5A",0,0.920434825765517,0.371,0.154,0,"13","KDM5A"
"13.MLEC",0,1.09296070140543,0.388,0.171,0,"13","MLEC"
"13.FGD2",0,2.11023856778935,0.286,0.069,0,"13","FGD2"
"13.MYL12A",0,0.553869935911452,0.935,0.719,0,"13","MYL12A"
"13.BAIAP2",0,2.11047920072789,0.272,0.056,0,"13","BAIAP2"
"13.MAP2K3",0,0.97035599947914,0.384,0.169,0,"13","MAP2K3"
"13.NBPF14",0,1.82796701356727,0.293,0.078,0,"13","NBPF14"
"13.SEC31A",0,1.17330939231929,0.347,0.132,0,"13","SEC31A"
"13.MILR1",0,2.84216716171098,0.265,0.051,0,"13","MILR1"
"13.SNRPE",0,0.71581003169177,0.418,0.204,0,"13","SNRPE"
"13.PAG1",0,0.649957484028867,0.378,0.164,0,"13","PAG1"
"13.IGF2R",0,1.88648049875413,0.282,0.068,0,"13","IGF2R"
"13.IFI35",0,0.861709283279939,0.398,0.185,0,"13","IFI35"
"13.MGP",0,0.584311140892481,0.364,0.151,0,"13","MGP"
"13.INTS6",0,0.860051861305511,0.35,0.137,0,"13","INTS6"
"13.TATDN3",0,2.52405032528479,0.259,0.047,0,"13","TATDN3"
"13.NPC1",0,1.7615425434838,0.269,0.057,0,"13","NPC1"
"13.ATP5L",0,0.520482318938341,0.935,0.724,0,"13","ATP5L"
"13.ADPGK",0,0.980714360903101,0.34,0.129,0,"13","ADPGK"
"13.FBL",0,0.681974980783062,0.388,0.177,0,"13","FBL"
"13.MYD88",0,1.41776733630068,0.32,0.11,0,"13","MYD88"
"13.CLECL1",0,1.82161108994803,0.265,0.055,0,"13","CLECL1"
"13.PIK3AP1",0,1.83731026458697,0.299,0.089,0,"13","PIK3AP1"
"13.TOR3A",0,1.2241976008367,0.347,0.137,0,"13","TOR3A"
"13.RNASEH2B",0,0.751979944337469,0.381,0.172,0,"13","RNASEH2B"
"13.UBL7",0,1.20616980897858,0.327,0.119,0,"13","UBL7"
"13.PHYKPL",0,0.854455503682924,0.357,0.149,0,"13","PHYKPL"
"13.CD74",0,1.46986933225082,1,0.793,0,"13","CD74"
"13.MCOLN2",0,1.8406806235093,0.259,0.053,0,"13","MCOLN2"
"13.AGPAT2",0,1.34152540856867,0.323,0.117,0,"13","AGPAT2"
"13.TPP1",0,0.631798080457557,0.384,0.178,0,"13","TPP1"
"13.IQSEC1",0,2.23292212220487,0.252,0.047,0,"13","IQSEC1"
"13.THBD",0,1.99779216034856,0.265,0.06,0,"13","THBD"
"13.GLG1",0,0.889188632668112,0.337,0.133,0,"13","GLG1"
"13.LYPLA1",0,0.689797561565317,0.374,0.17,0,"13","LYPLA1"
"13.STAT2",0,1.72979648426495,0.293,0.089,0,"13","STAT2"
"13.ITGAE",0,0.654021511416837,0.354,0.15,0,"13","ITGAE"
"13.CHCHD2",0,0.758229847020572,0.888,0.684,0,"13","CHCHD2"
"13.MX2",0,0.751594700425513,0.344,0.14,0,"13","MX2"
"13.TNFSF13",0,2.18278483400457,0.269,0.066,0,"13","TNFSF13"
"13.SRSF6",0,1.083664877646,0.316,0.113,0,"13","SRSF6"
"13.SLC39A6",0,1.12058461627734,0.282,0.079,0,"13","SLC39A6"
"13.ZDHHC24",0,1.13923220958409,0.316,0.114,0,"13","ZDHHC24"
"13.GGA2",0,1.15614433644246,0.31,0.108,0,"13","GGA2"
"13.LY9",0,0.863939870289034,0.296,0.094,0,"13","LY9"
"13.CSF2RA",0,2.33462029271604,0.262,0.061,0,"13","CSF2RA"
"13.PARVB",0,1.33774723947742,0.31,0.109,0,"13","PARVB"
"13.PFKL",0,1.00286315158624,0.344,0.143,0,"13","PFKL"
"13.LYSMD2",0,0.932818394879332,0.361,0.161,0,"13","LYSMD2"
"13.EEF2",0,0.564822565085237,0.881,0.681,0,"13","EEF2"
"13.RBBP4",0,0.679216818371842,0.371,0.173,0,"13","RBBP4"
"13.CYFIP2",0,0.748304871387045,0.306,0.108,0,"13","CYFIP2"
"13.RNF144B",0,2.45212382307426,0.259,0.061,0,"13","RNF144B"
"13.SMG1",0,0.846403462727129,0.371,0.173,0,"13","SMG1"
"13.ARHGAP17",0,1.51448538218843,0.272,0.074,0,"13","ARHGAP17"
"13.MGAT2",0,1.55703364402019,0.279,0.082,0,"13","MGAT2"
"13.ARFGAP3",0,1.09842731092197,0.333,0.136,0,"13","ARFGAP3"
"13.EMC3",0,0.659237072111641,0.361,0.164,0,"13","EMC3"
"13.IGFLR1",0,1.19352193422575,0.296,0.099,0,"13","IGFLR1"
"13.ESD",0,0.93263440420342,0.361,0.165,0,"13","ESD"
"13.CNDP2",0,1.15116182990824,0.337,0.142,0,"13","CNDP2"
"13.NIN",0,1.11772204737908,0.306,0.111,0,"13","NIN"
"13.PBRM1",0,1.14134260638527,0.303,0.109,0,"13","PBRM1"
"13.TMEM19",0,1.87714400980744,0.252,0.058,0,"13","TMEM19"
"13.IFNAR2",0,1.01510814841213,0.361,0.167,0,"13","IFNAR2"
"13.RPL7",0,0.79634049760931,0.956,0.762,0,"13","RPL7"
"13.MDM4",0,0.880410887386931,0.306,0.114,0,"13","MDM4"
"13.TUSC2",0,1.03646459597889,0.316,0.124,0,"13","TUSC2"
"13.MED13L",0,1.75530709347716,0.265,0.074,0,"13","MED13L"
"13.ZNF10",0,1.0907823771017,0.282,0.091,0,"13","ZNF10"
"13.PABPC1",0,0.602741370011286,0.949,0.758,0,"13","PABPC1"
"13.ZDHHC12",0,0.991163833895676,0.32,0.13,0,"13","ZDHHC12"
"13.RELT",0,1.63374354024558,0.272,0.082,0,"13","RELT"
"13.PEA15",0,1.01756630818926,0.333,0.145,0,"13","PEA15"
"13.MALT1",0,1.4648738875856,0.276,0.088,0,"13","MALT1"
"13.FAM105A",0,1.26058046634117,0.303,0.115,0,"13","FAM105A"
"13.CHMP4B",0,1.0910765220668,0.32,0.132,0,"13","CHMP4B"
"13.RPL31",0,0.695072617031106,0.939,0.751,0,"13","RPL31"
"13.LILRB1",0,1.47803052037469,0.272,0.085,0,"13","LILRB1"
"13.TOB2",0,1.12599191622776,0.296,0.109,0,"13","TOB2"
"13.NUTM2B-AS1",0,0.759819958998526,0.316,0.13,0,"13","NUTM2B-AS1"
"13.RPS11",0,1.30950403360088,0.966,0.78,0,"13","RPS11"
"13.ZMYM2",0,0.757658721597388,0.33,0.145,0,"13","ZMYM2"
"13.PSENEN",0,1.28746308170373,0.276,0.091,0,"13","PSENEN"
"13.NIPA2",0,0.977180582599878,0.306,0.121,0,"13","NIPA2"
"13.MAP4K4",0,1.43556924576346,0.252,0.068,0,"13","MAP4K4"
"13.SNX20",0,1.21618047787698,0.272,0.089,0,"13","SNX20"
"13.PDIA4",0,1.02457794080912,0.344,0.161,0,"13","PDIA4"
"13.GTF2I",0,0.974844314094578,0.333,0.152,0,"13","GTF2I"
"13.NFATC2IP",0,1.32022229902821,0.272,0.091,0,"13","NFATC2IP"
"13.KLF10",0,1.2813931241336,0.296,0.115,0,"13","KLF10"
"13.TMED3",0,0.729923178317065,0.316,0.136,0,"13","TMED3"
"13.U2AF1L4",0,1.25600079005417,0.255,0.075,0,"13","U2AF1L4"
"13.ECHDC1",0,0.754657645535738,0.31,0.131,0,"13","ECHDC1"
"13.SP110",0,0.92888543154528,0.286,0.108,0,"13","SP110"
"13.CPNE3",0,0.722431325251516,0.313,0.135,0,"13","CPNE3"
"13.NDUFC2",0,1.12689792018621,0.279,0.102,0,"13","NDUFC2"
"13.FAM60A",0,0.594475711725021,0.282,0.107,0,"13","FAM60A"
"13.SEC61A1",0,1.23232618478974,0.303,0.129,0,"13","SEC61A1"
"13.RASGRP2",0,0.921187691539027,0.259,0.085,0,"13","RASGRP2"
"13.ZNF22",0,1.07979813604734,0.282,0.108,0,"13","ZNF22"
"13.PAIP1",0,1.58143373967809,0.272,0.099,0,"13","PAIP1"
"13.PPP6R1",0,1.32528609230874,0.255,0.082,0,"13","PPP6R1"
"13.SNAP29",0,1.1695004057628,0.279,0.107,0,"13","SNAP29"
"13.RNF11",0,1.05072695973092,0.276,0.106,0,"13","RNF11"
"13.NDRG1",0,1.15136252815961,0.262,0.092,0,"13","NDRG1"
"13.EI24",0,1.22196430703574,0.259,0.09,0,"13","EI24"
"13.MKKS",0,1.05759002053287,0.286,0.117,0,"13","MKKS"
"13.RP11-160E2.6",0,1.36578868168495,0.265,0.097,0,"13","RP11-160E2.6"
"13.MARCH1",0,1.0186507106628,0.272,0.105,0,"13","MARCH1"
"13.BAZ2B",0,1.19002163106653,0.262,0.095,0,"13","BAZ2B"
"13.SCARB2",0,0.968951112045618,0.279,0.115,0,"13","SCARB2"
"13.SND1",0,1.26396531207206,0.282,0.118,0,"13","SND1"
"13.PDE7A",0,0.628561070108635,0.269,0.107,0,"13","PDE7A"
"13.RPL13A",0,0.836400535466693,0.939,0.777,0,"13","RPL13A"
"13.SUPT5H",0,1.10314255781031,0.269,0.111,0,"13","SUPT5H"
"13.RAP1GDS1",0,0.988005973213054,0.252,0.095,0,"13","RAP1GDS1"
"13.PPIA",0,0.543489163910071,0.956,0.8,0,"13","PPIA"
"13.TERF1",0,1.43247028950834,0.252,0.098,0,"13","TERF1"
"13.RPS2",0,1.04966473817704,0.963,0.809,0,"13","RPS2"
"13.RPL4",0,0.564648272646808,0.946,0.804,0,"13","RPL4"
"13.RPL37A",0,0.78444871729523,0.969,0.833,0,"13","RPL37A"
"13.RPL27A",0,0.790414040867168,0.918,0.785,0,"13","RPL27A"
"13.EEF1B2",0,0.745806224488841,0.959,0.827,0,"13","EEF1B2"
"13.RPL27",0,0.683431490089755,0.966,0.848,0,"13","RPL27"
"13.RPL22",0,0.535078144611627,0.963,0.865,0,"13","RPL22"
"13.RPL10A",0,0.613468564037785,0.98,0.886,0,"13","RPL10A"
"13.RPS16",0,0.604290149284641,0.983,0.91,0,"13","RPS16"
"13.NACA",0,0.784936027460792,0.976,0.908,0,"13","NACA"
"13.RPL37",0,0.57797503539459,0.983,0.932,0,"13","RPL37"
"13.RPLP0",0,0.853126611369463,0.983,0.933,0,"13","RPLP0"
"13.RPS9",0,0.53133782150999,0.98,0.934,0,"13","RPS9"
"13.RPL15",0,0.552287222351485,0.993,0.949,0,"13","RPL15"
"13.RPL6",0,0.577015711263345,0.986,0.943,0,"13","RPL6"
"13.RPS6",0,0.546807062322637,1,0.958,0,"13","RPS6"
"13.RPS3A",0,0.849112122829776,0.993,0.969,0,"13","RPS3A"
"13.RPS13",0,0.633702604303518,0.986,0.962,0,"13","RPS13"
"13.RPS8",0,0.81302586800496,0.993,0.97,0,"13","RPS8"
"13.RPS4X",0,0.528348293812682,0.997,0.976,0,"13","RPS4X"
"13.RPS23",0,0.774228191785364,0.986,0.97,0,"13","RPS23"
"13.GNG5",2.22044604925031e-16,0.515234042577391,0.765,0.464,5.75894887333561e-12,"13","GNG5"
"13.BRK1",2.22044604925031e-16,0.531989573626988,0.735,0.444,5.75894887333561e-12,"13","BRK1"
"13.C8orf59",2.22044604925031e-16,0.584375959415972,0.527,0.285,5.75894887333561e-12,"13","C8orf59"
"13.SLC25A6",2.22044604925031e-16,0.553585177133467,0.833,0.612,5.75894887333561e-12,"13","SLC25A6"
"13.SRRM2",2.22044604925031e-16,0.7401140295692,0.469,0.248,5.75894887333561e-12,"13","SRRM2"
"13.VDAC3",2.22044604925031e-16,0.671473739163146,0.371,0.174,5.75894887333561e-12,"13","VDAC3"
"13.IGSF6",2.22044604925031e-16,0.676560402962592,0.272,0.111,5.75894887333561e-12,"13","IGSF6"
"13.PLEKHO1",2.22044604925031e-16,1.19109300239381,0.286,0.126,5.75894887333561e-12,"13","PLEKHO1"
"13.SEC63",2.22044604925031e-16,1.04913062723132,0.279,0.122,5.75894887333561e-12,"13","SEC63"
"13.ANAPC11",4.44089209850063e-16,0.518713328053793,0.595,0.332,1.15178977466712e-11,"13","ANAPC11"
"13.LAMTOR1",4.44089209850063e-16,0.652923258365128,0.537,0.286,1.15178977466712e-11,"13","LAMTOR1"
"13.PRDX5",4.44089209850063e-16,0.648123245799055,0.592,0.347,1.15178977466712e-11,"13","PRDX5"
"13.BTG2",4.44089209850063e-16,0.612972010583267,0.735,0.492,1.15178977466712e-11,"13","BTG2"
"13.CCT8",4.44089209850063e-16,0.610120914745448,0.463,0.24,1.15178977466712e-11,"13","CCT8"
"13.PSMA4",4.44089209850063e-16,0.527378629081002,0.452,0.229,1.15178977466712e-11,"13","PSMA4"
"13.TNRC6B",4.44089209850063e-16,0.567499169252289,0.408,0.199,1.15178977466712e-11,"13","TNRC6B"
"13.ARPC4",4.44089209850063e-16,0.764124148744883,0.313,0.14,1.15178977466712e-11,"13","ARPC4"
"13.POLR2J3",4.44089209850063e-16,0.687579862744794,0.299,0.131,1.15178977466712e-11,"13","POLR2J3"
"13.ATP5G3",6.66133814775094e-16,0.546670504363389,0.731,0.443,1.72768466200068e-11,"13","ATP5G3"
"13.CHMP1B",6.66133814775094e-16,0.695432412673827,0.517,0.282,1.72768466200068e-11,"13","CHMP1B"
"13.VPS36",8.88178419700125e-16,0.860248388823469,0.323,0.15,2.30357954933424e-11,"13","VPS36"
"13.THOC2",1.11022302462516e-15,0.759180078214858,0.34,0.16,2.87947443666781e-11,"13","THOC2"
"13.ICAM1",1.11022302462516e-15,0.681668168242852,0.313,0.141,2.87947443666781e-11,"13","ICAM1"
"13.RPS20",1.33226762955019e-15,1.05756068524008,0.782,0.588,3.45536932400137e-11,"13","RPS20"
"13.ACTR2",1.77635683940025e-15,0.543411152090928,0.541,0.293,4.60715909866849e-11,"13","ACTR2"
"13.TBL1XR1",1.77635683940025e-15,0.905292828363538,0.276,0.119,4.60715909866849e-11,"13","TBL1XR1"
"13.RPN2",1.99840144432528e-15,0.771819019437342,0.48,0.267,5.18305398600205e-11,"13","RPN2"
"13.PECAM1",1.99840144432528e-15,1.01576127312839,0.255,0.109,5.18305398600205e-11,"13","PECAM1"
"13.DNAJB9",2.22044604925031e-15,0.553851698198737,0.446,0.225,5.75894887333561e-11,"13","DNAJB9"
"13.GGNBP2",2.88657986402541e-15,0.7138215598928,0.378,0.186,7.4866335353363e-11,"13","GGNBP2"
"13.MANF",2.88657986402541e-15,0.637906482064261,0.364,0.176,7.4866335353363e-11,"13","MANF"
"13.RBM3",3.5527136788005e-15,0.553774155244292,0.745,0.483,9.21431819733698e-11,"13","RBM3"
"13.PPP1R10",3.5527136788005e-15,0.5625898423928,0.425,0.219,9.21431819733698e-11,"13","PPP1R10"
"13.PTBP3",3.77475828372553e-15,0.731683176748554,0.337,0.161,9.79021308467054e-11,"13","PTBP3"
"13.RPS10",4.66293670342566e-15,0.515356175470001,0.656,0.398,1.20937926340048e-10,"13","RPS10"
"13.EIF4A3",4.88498130835069e-15,0.675069400681745,0.493,0.26,1.26696875213383e-10,"13","EIF4A3"
"13.AKR7A2",5.77315972805081e-15,0.766947418665419,0.293,0.132,1.49732670706726e-10,"13","AKR7A2"
"13.NDUFB8",6.66133814775094e-15,0.756760396271252,0.255,0.108,1.72768466200068e-10,"13","NDUFB8"
"13.PSMA3",8.21565038222616e-15,0.604500424172076,0.439,0.229,2.13081108313418e-10,"13","PSMA3"
"13.SETX",8.21565038222616e-15,0.894693779576794,0.296,0.135,2.13081108313418e-10,"13","SETX"
"13.COPA",8.43769498715119e-15,0.803819918019843,0.323,0.155,2.18840057186753e-10,"13","COPA"
"13.KTN1",9.32587340685131e-15,0.564300406348409,0.503,0.278,2.41875852680096e-10,"13","KTN1"
"13.GDI2",1.02140518265514e-14,0.603114908551182,0.541,0.302,2.64911648173438e-10,"13","GDI2"
"13.RRP7A",1.86517468137026e-14,0.560124196482962,0.299,0.136,4.83751705360191e-10,"13","RRP7A"
"13.EIF3F",1.99840144432528e-14,0.559354454507983,0.728,0.509,5.18305398600205e-10,"13","EIF3F"
"13.RPL26",2.19824158875781e-14,0.509437220417484,0.932,0.83,5.70135938460226e-10,"13","RPL26"
"13.ADI1",2.46469511466785e-14,0.826564880372356,0.299,0.142,6.39243324940253e-10,"13","ADI1"
"13.TRAM1",2.68673971959288e-14,0.602515389068935,0.503,0.281,6.96832813673609e-10,"13","TRAM1"
"13.HMGA1",3.530509218308e-14,0.575502444545265,0.432,0.228,9.15672870860362e-10,"13","HMGA1"
"13.TTC3",3.73034936274053e-14,0.590631800467296,0.412,0.218,9.67503410720383e-10,"13","TTC3"
"13.FMNL1",4.37427871702312e-14,0.592949996932037,0.357,0.176,1.13451292804712e-09,"13","FMNL1"
"13.PABPN1",5.24025267623074e-14,0.666382601807638,0.286,0.131,1.3591119341072e-09,"13","PABPN1"
"13.GTF3A",6.68354260824344e-14,0.518061242033444,0.571,0.334,1.73344361087402e-09,"13","GTF3A"
"13.TALDO1",1.06581410364015e-13,0.572873578133239,0.476,0.261,2.76429545920109e-09,"13","TALDO1"
"13.TGFBR2",1.14130926931466e-13,0.67691280427662,0.34,0.169,2.9600997208945e-09,"13","TGFBR2"
"13.NENF",1.26565424807268e-13,0.85009062368349,0.279,0.133,3.2826008578013e-09,"13","NENF"
"13.CDC40",1.64313007644523e-13,0.608219550179635,0.286,0.131,4.26162216626835e-09,"13","CDC40"
"13.MTMR14",1.68975944347949e-13,0.815442455767089,0.259,0.116,4.3825600926084e-09,"13","MTMR14"
"13.CCS",1.72750702631674e-13,0.762389595389618,0.265,0.121,4.48046222345511e-09,"13","CCS"
"13.MAP3K8",1.74082970261225e-13,0.616430244445496,0.415,0.223,4.51501591669512e-09,"13","MAP3K8"
"13.TDG",1.79856129989275e-13,0.510445836442592,0.255,0.112,4.66474858740185e-09,"13","TDG"
"13.RELB",2.05613304160579e-13,0.712850303589876,0.395,0.214,5.33278665670878e-09,"13","RELB"
"13.KLF4",2.08277839419679e-13,0.759737748077115,0.286,0.133,5.4018940431888e-09,"13","KLF4"
"13.DNAJB11",2.40474307133809e-13,0.766502892662046,0.33,0.167,6.23694162982247e-09,"13","DNAJB11"
"13.RNASEH2C",2.40696351738734e-13,0.708910701838604,0.333,0.168,6.2427005786958e-09,"13","RNASEH2C"
"13.DDX18",2.94209101525666e-13,0.851884279779712,0.429,0.236,7.63060725716969e-09,"13","DDX18"
"13.TAOK3",3.75699471533153e-13,0.540179913103855,0.398,0.209,9.74414149368386e-09,"13","TAOK3"
"13.SRSF3",3.90354415458205e-13,0.529223082681699,0.707,0.468,1.0124232119324e-08,"13","SRSF3"
"13.MIS18BP1",4.9604764740252e-13,0.77421525704079,0.32,0.161,1.28654917830318e-08,"13","MIS18BP1"
"13.LSM4",4.98046048846845e-13,0.553591067718259,0.415,0.223,1.29173223228918e-08,"13","LSM4"
"13.FRYL",5.83311177138057e-13,0.583506822007693,0.259,0.115,1.51287586902527e-08,"13","FRYL"
"13.FKBP3",6.70130617663744e-13,0.854996089834097,0.272,0.127,1.73805076997269e-08,"13","FKBP3"
"13.OS9",7.68496377645533e-13,0.695734604369624,0.35,0.181,1.99317220506146e-08,"13","OS9"
"13.PCMTD1",7.92921284187287e-13,0.5362645291552,0.313,0.153,2.05652064266815e-08,"13","PCMTD1"
"13.UPF2",9.09494701772928e-13,0.546073300681534,0.265,0.121,2.35886545851827e-08,"13","UPF2"
"13.TXNL4A",9.75886038645513e-13,0.818533528206846,0.252,0.117,2.531058029831e-08,"13","TXNL4A"
"13.LINC00657",1.0822454044046e-12,0.685730882386888,0.282,0.134,2.80691168086378e-08,"13","LINC00657"
"13.LGALS9",1.11666231816798e-12,0.777992410882949,0.299,0.145,2.89617538840048e-08,"13","LGALS9"
"13.CLINT1",1.20659038316262e-12,0.759390559546983,0.289,0.141,3.12941281777057e-08,"13","CLINT1"
"13.GTF2E2",1.2188028364335e-12,0.923401941207987,0.255,0.116,3.16108703657392e-08,"13","GTF2E2"
"13.LAGE3",1.30317978630501e-12,0.661489811598542,0.33,0.168,3.37992709376067e-08,"13","LAGE3"
"13.ACAA1",1.55053747619149e-12,0.603920832904551,0.286,0.137,4.02147399825026e-08,"13","ACAA1"
"13.HECTD1",1.64956936998806e-12,0.698319367033124,0.279,0.132,4.27832311800103e-08,"13","HECTD1"
"13.DNAJC3",2.42450504117642e-12,0.582137542394567,0.354,0.187,6.28819627479515e-08,"13","DNAJC3"
"13.TOP1",2.66586752672993e-12,0.517699994106946,0.48,0.275,6.91419401732674e-08,"13","TOP1"
"13.IFNAR1",3.22875060021488e-12,0.818919836023427,0.272,0.133,8.37408755671731e-08,"13","IFNAR1"
"13.ITPR2",4.67892391498026e-12,0.869086687877594,0.259,0.123,1.21352570658928e-07,"13","ITPR2"
"13.CLTC",5.67079716518037e-12,0.615416657944905,0.303,0.151,1.47077795276118e-07,"13","CLTC"
"13.RAB4A",6.94444501903035e-12,0.785872562467795,0.282,0.139,1.80111126013571e-07,"13","RAB4A"
"13.LSM10",7.39741601307742e-12,0.597850004393003,0.354,0.19,1.91859381715176e-07,"13","LSM10"
"13.PRPF4B",1.03979047594294e-11,0.504735580386176,0.323,0.164,2.6968005784056e-07,"13","PRPF4B"
"13.MRPS33",1.12310161171081e-11,0.78400772561398,0.279,0.139,2.91287634013315e-07,"13","MRPS33"
"13.LEPROT",1.13491438469282e-11,0.780586718182831,0.276,0.135,2.9435139481393e-07,"13","LEPROT"
"13.MED29",1.23616672453863e-11,0.658290645311053,0.272,0.133,3.2061220167634e-07,"13","MED29"
"13.GABPB1-AS1",1.32094335469901e-11,0.540734296583085,0.272,0.129,3.42599868474736e-07,"13","GABPB1-AS1"
"13.M6PR",1.32762689730725e-11,0.580509218480702,0.456,0.262,3.4433331208561e-07,"13","M6PR"
"13.SUMF2",1.350608513917e-11,0.788126286466135,0.282,0.139,3.50293824169512e-07,"13","SUMF2"
"13.DENR",1.51774148804407e-11,0.545153877340115,0.272,0.132,3.93641432339109e-07,"13","DENR"
"13.MKNK2",1.58244528591922e-11,0.811244645901845,0.276,0.137,4.10423009356009e-07,"13","MKNK2"
"13.TRIM38",1.66731073392157e-11,0.545351612121468,0.289,0.143,4.32433711949898e-07,"13","TRIM38"
"13.EIF2AK2",1.78399517380967e-11,0.554284679717121,0.388,0.211,4.62696988279276e-07,"13","EIF2AK2"
"13.PMAIP1",1.89299687036737e-11,0.741091381165139,0.408,0.228,4.90967668298481e-07,"13","PMAIP1"
"13.KLF3",2.47848408463369e-11,0.587782163988296,0.272,0.133,6.42819632190594e-07,"13","KLF3"
"13.SENP6",2.69952948883656e-11,0.68862907125717,0.289,0.146,7.0014996822465e-07,"13","SENP6"
"13.BDP1",2.81175083216567e-11,0.59035344139144,0.313,0.161,7.29255695830489e-07,"13","BDP1"
"13.EIF4G1",3.1815883261288e-11,0.807365758098083,0.259,0.127,8.25176748264767e-07,"13","EIF4G1"
"13.SMIM19",3.23205906482826e-11,0.566501728126442,0.282,0.141,8.38266839053858e-07,"13","SMIM19"
"13.GNB1",3.35349525926176e-11,0.671251943889313,0.293,0.151,8.69762530442131e-07,"13","GNB1"
"13.SYNCRIP",5.43096678740085e-11,0.615444596020084,0.299,0.154,1.40857554598028e-06,"13","SYNCRIP"
"13.MCL1",5.56894530490126e-11,0.524028765926966,0.806,0.604,1.44436165427919e-06,"13","MCL1"
"13.SEC13",7.22297777144831e-11,0.732607430023653,0.333,0.181,1.87335151480283e-06,"13","SEC13"
"13.SREK1",8.93367602117223e-11,0.59073204402092,0.259,0.126,2.31703821285123e-06,"13","SREK1"
"13.UBE2E3",9.89235360293605e-11,0.680194681491886,0.262,0.131,2.5656808304575e-06,"13","UBE2E3"
"13.ERO1B",1.0757306156961e-10,0.574705349554216,0.259,0.125,2.79001492486941e-06,"13","ERO1B"
"13.TIMM8B",1.13585363337165e-10,0.822257497764168,0.313,0.168,2.94594998351272e-06,"13","TIMM8B"
"13.FAAP20",1.3282197564024e-10,0.547192537990721,0.384,0.219,3.44487076020528e-06,"13","FAAP20"
"13.NUCB1",1.35489397479205e-10,0.575325465112051,0.395,0.219,3.51405301302066e-06,"13","NUCB1"
"13.FOSL2",1.37079902984283e-10,1.00954258925324,0.361,0.207,3.55530436380036e-06,"13","FOSL2"
"13.PSMD3",2.46239029166873e-10,0.733144773534784,0.255,0.128,6.38645546047201e-06,"13","PSMD3"
"13.GORASP2",2.87442736279786e-10,0.697189704199555,0.265,0.135,7.45511480815253e-06,"13","GORASP2"
"13.GPAA1",3.05183878168691e-10,0.691945611661502,0.265,0.136,7.91524906418317e-06,"13","GPAA1"
"13.MRPS12",3.59238194747036e-10,0.582757710569305,0.279,0.144,9.31720181895912e-06,"13","MRPS12"
"13.SKIL",3.78482134522073e-10,0.508235437158986,0.347,0.189,9.8163126409645e-06,"13","SKIL"
"13.AFF4",4.88065587944675e-10,0.610303050855686,0.33,0.181,1.26584690889331e-05,"13","AFF4"
"13.LSM1",5.34216670899923e-10,0.517654286624172,0.299,0.159,1.38554435764604e-05,"13","LSM1"
"13.GABARAP",6.03464611614868e-10,0.565485896396095,0.616,0.455,1.56514581668432e-05,"13","GABARAP"
"13.MARCKSL1",9.90073134587988e-10,0.523924213860279,0.391,0.225,2.5678536818674e-05,"13","MARCKSL1"
"13.HNRNPD",1.25693322416964e-09,0.507751550899697,0.289,0.153,3.25998201020639e-05,"13","HNRNPD"
"13.RTF1",1.26814936329822e-09,0.616936415411691,0.303,0.162,3.28907218865027e-05,"13","RTF1"
"13.CEP350",1.37432154545536e-09,0.571850172299075,0.272,0.143,3.56444036029302e-05,"13","CEP350"
"13.SERINC3",1.93171634244038e-09,0.573786352887485,0.323,0.18,5.01009950575337e-05,"13","SERINC3"
"13.TNIP1",3.43263129032323e-09,0.529675423425819,0.354,0.201,8.90287251458233e-05,"13","TNIP1"
"13.MTIF3",3.78834341674406e-09,0.512679971597574,0.272,0.147,9.82544748566738e-05,"13","MTIF3"
"13.PRMT1",5.89520676719246e-09,0.605773264913285,0.299,0.164,0.000152898082713904,"13","PRMT1"
"13.CHCHD5",9.5842001002211e-09,0.609202307771628,0.255,0.137,0.000248575813799334,"13","CHCHD5"
"13.ACADVL",1.02031800786051e-08,0.623753497444053,0.33,0.193,0.000264629678518702,"13","ACADVL"
"13.FLOT1",3.5793281227825e-08,0.633147875975935,0.32,0.187,0.000928334541924869,"13","FLOT1"
"13.ATF3",8.6035366164694e-08,0.586496266418193,0.422,0.272,0.0022314132568475,"13","ATF3"
"13.ASNA1",1.40433804141082e-07,0.521242750371002,0.276,0.157,0.00364229114420311,"13","ASNA1"
"13.ZNF331",2.17533982382889e-07,0.622493861360037,0.578,0.444,0.00564196136708262,"13","ZNF331"
"14.C1QC",0,2.51963013735743,0.948,0.142,0,"14","C1QC"
"14.C1QA",0,2.42908397237533,0.938,0.148,0,"14","C1QA"
"14.C1QB",0,2.65281521650468,0.924,0.149,0,"14","C1QB"
"14.CST3",0,2.17824769233241,0.986,0.227,0,"14","CST3"
"14.AIF1",0,2.36792349432923,0.941,0.186,0,"14","AIF1"
"14.TYMS",0,4.33019635630177,0.781,0.032,0,"14","TYMS"
"14.MS4A6A",0,2.37337661106531,0.906,0.158,0,"14","MS4A6A"
"14.FCER1G",0,2.09899877306867,0.955,0.22,0,"14","FCER1G"
"14.STMN1",0,2.76729938609185,0.927,0.198,0,"14","STMN1"
"14.CD68",0,2.41836613694673,0.899,0.177,0,"14","CD68"
"14.TYROBP",0,2.00324330380441,0.962,0.242,0,"14","TYROBP"
"14.LYZ",0,1.84757184277151,0.899,0.184,0,"14","LYZ"
"14.YWHAH",0,2.60610015731371,0.917,0.215,0,"14","YWHAH"
"14.TGFBI",0,3.07185692940125,0.816,0.114,0,"14","TGFBI"
"14.RAB31",0,2.60092009373782,0.823,0.132,0,"14","RAB31"
"14.SPI1",0,2.38198018777691,0.837,0.154,0,"14","SPI1"
"14.CTSZ",0,2.48814780446258,0.861,0.187,0,"14","CTSZ"
"14.GRN",0,2.13352637516281,0.906,0.236,0,"14","GRN"
"14.PLAUR",0,1.71322228419903,0.844,0.176,0,"14","PLAUR"
"14.LST1",0,1.87974661922619,0.83,0.164,0,"14","LST1"
"14.RNF130",0,2.10703477525205,0.816,0.155,0,"14","RNF130"
"14.CTSB",0,2.4949184063788,0.955,0.298,0,"14","CTSB"
"14.CD14",0,1.98523866847615,0.781,0.125,0,"14","CD14"
"14.MKI67",0,3.99935915316808,0.684,0.028,0,"14","MKI67"
"14.CTSH",0,2.10519968437922,0.844,0.188,0,"14","CTSH"
"14.NPC2",0,2.25493248596475,0.983,0.333,0,"14","NPC2"
"14.CYBB",0,2.30781732745244,0.785,0.143,0,"14","CYBB"
"14.MS4A7",0,1.76760738383396,0.774,0.133,0,"14","MS4A7"
"14.CKS1B",0,3.12706207608386,0.715,0.077,0,"14","CKS1B"
"14.SERPINA1",0,2.27363146236691,0.767,0.129,0,"14","SERPINA1"
"14.TK1",0,4.4547421734778,0.663,0.026,0,"14","TK1"
"14.PPT1",0,2.28992745958243,0.823,0.189,0,"14","PPT1"
"14.FCGR3A",0,1.84186978178438,0.778,0.146,0,"14","FCGR3A"
"14.MARCKS",0,2.27668477083576,0.774,0.143,0,"14","MARCKS"
"14.AP2S1",0,2.42469308709927,0.906,0.276,0,"14","AP2S1"
"14.GSN",0,2.50190042394757,0.767,0.138,0,"14","GSN"
"14.C1orf162",0,1.77713481505081,0.83,0.202,0,"14","C1orf162"
"14.GLUL",0,1.91311318373934,0.878,0.253,0,"14","GLUL"
"14.CSF1R",0,2.43991049392333,0.726,0.106,0,"14","CSF1R"
"14.MAFB",0,2.08791589447542,0.743,0.125,0,"14","MAFB"
"14.MNDA",0,2.87071649365582,0.726,0.109,0,"14","MNDA"
"14.FCGRT",0,2.19986002991839,0.802,0.189,0,"14","FCGRT"
"14.RASSF4",0,2.4581233131514,0.719,0.112,0,"14","RASSF4"
"14.DTYMK",0,2.98468527825584,0.677,0.071,0,"14","DTYMK"
"14.CCL2",0,3.37562538702069,0.684,0.078,0,"14","CCL2"
"14.ADAP2",0,2.69492013866191,0.708,0.103,0,"14","ADAP2"
"14.FCGR2A",0,2.16995874005105,0.726,0.123,0,"14","FCGR2A"
"14.CENPW",0,3.46863332489329,0.646,0.046,0,"14","CENPW"
"14.EIF4EBP1",0,2.6673913956083,0.729,0.135,0,"14","EIF4EBP1"
"14.CREG1",0,2.19366390190205,0.729,0.138,0,"14","CREG1"
"14.HNMT",0,2.62940106835343,0.681,0.092,0,"14","HNMT"
"14.ANXA2",0,2.14706643438915,0.958,0.369,0,"14","ANXA2"
"14.CCDC88A",0,2.52085058389842,0.708,0.12,0,"14","CCDC88A"
"14.CAPG",0,2.19400906315725,0.844,0.258,0,"14","CAPG"
"14.PSAP",0,1.98249259118541,0.965,0.382,0,"14","PSAP"
"14.IGSF6",0,2.34457798776721,0.691,0.108,0,"14","IGSF6"
"14.ANXA5",0,1.69442567887132,0.903,0.325,0,"14","ANXA5"
"14.MFSD1",0,2.05261080754578,0.743,0.165,0,"14","MFSD1"
"14.TUBB",0,2.76585246471997,0.944,0.366,0,"14","TUBB"
"14.BIRC5",0,4.15077667538982,0.597,0.019,0,"14","BIRC5"
"14.RRM2",0,4.09214266219775,0.597,0.021,0,"14","RRM2"
"14.CTSL",0,1.99441829827029,0.722,0.146,0,"14","CTSL"
"14.FAM26F",0,2.06936360101822,0.701,0.126,0,"14","FAM26F"
"14.AP1S2",0,2.18384768246263,0.778,0.203,0,"14","AP1S2"
"14.HSBP1",0,1.70086156288177,0.83,0.255,0,"14","HSBP1"
"14.MS4A4A",0,2.61402901298789,0.66,0.088,0,"14","MS4A4A"
"14.HLA-DQB1",0,1.2231715913848,0.924,0.353,0,"14","HLA-DQB1"
"14.IFNGR2",0,2.11271228318492,0.722,0.152,0,"14","IFNGR2"
"14.CENPF",0,3.13370563220424,0.608,0.04,0,"14","CENPF"
"14.APLP2",0,1.90850331623694,0.75,0.184,0,"14","APLP2"
"14.KCTD12",0,2.31532722513542,0.667,0.101,0,"14","KCTD12"
"14.DEK",0,2.02290947503044,0.865,0.3,0,"14","DEK"
"14.HLA-DMA",0,1.44483649748693,0.868,0.303,0,"14","HLA-DMA"
"14.RANBP1",0,2.05842359107994,0.816,0.252,0,"14","RANBP1"
"14.LAMTOR2",0,1.54591401828473,0.788,0.225,0,"14","LAMTOR2"
"14.DAB2",0,2.41089517322336,0.663,0.1,0,"14","DAB2"
"14.GSTO1",0,1.88250258918758,0.785,0.223,0,"14","GSTO1"
"14.SIRPA",0,2.75122942706496,0.642,0.08,0,"14","SIRPA"
"14.TMEM176B",0,1.88434248899754,0.681,0.121,0,"14","TMEM176B"
"14.LSM4",0,1.79333689169611,0.781,0.221,0,"14","LSM4"
"14.HLA-DRB5",0,1.58753901732935,0.955,0.395,0,"14","HLA-DRB5"
"14.RAC1",0,1.74190066151209,0.944,0.384,0,"14","RAC1"
"14.TOP2A",0,4.02839961367854,0.583,0.023,0,"14","TOP2A"
"14.TUBA1C",0,2.06327514546489,0.747,0.189,0,"14","TUBA1C"
"14.RNASE1",0,2.64038894739848,0.653,0.097,0,"14","RNASE1"
"14.NUCKS1",0,1.8150442558664,0.799,0.245,0,"14","NUCKS1"
"14.CLEC7A",0,2.07603858523332,0.663,0.11,0,"14","CLEC7A"
"14.PTTG1IP",0,1.94730541779356,0.698,0.145,0,"14","PTTG1IP"
"14.TMEM106C",0,2.58391258009508,0.639,0.087,0,"14","TMEM106C"
"14.CD81",0,1.80496325232621,0.726,0.175,0,"14","CD81"
"14.STRA13",0,2.26931388556839,0.708,0.159,0,"14","STRA13"
"14.AKR1A1",0,1.6233554630791,0.788,0.242,0,"14","AKR1A1"
"14.HLA-DRA",0,1.379010996074,0.993,0.447,0,"14","HLA-DRA"
"14.HEXB",0,1.81368418363285,0.715,0.171,0,"14","HEXB"
"14.DNMT1",0,2.06760539131815,0.708,0.164,0,"14","DNMT1"
"14.NUDT1",0,1.93383432669357,0.66,0.119,0,"14","NUDT1"
"14.SUMO3",0,1.55738811392503,0.778,0.238,0,"14","SUMO3"
"14.ANAPC11",0,1.88063716022952,0.868,0.33,0,"14","ANAPC11"
"14.NUSAP1",0,2.81386521580629,0.583,0.045,0,"14","NUSAP1"
"14.SMC4",0,1.77232121414497,0.66,0.123,0,"14","SMC4"
"14.ATG3",0,1.6824580506572,0.733,0.196,0,"14","ATG3"
"14.VMA21",0,1.78151029355527,0.681,0.145,0,"14","VMA21"
"14.UBE2C",0,3.96880412199617,0.559,0.024,0,"14","UBE2C"
"14.LAIR1",0,1.93097808161445,0.66,0.127,0,"14","LAIR1"
"14.TYMP",0,1.51149338414095,0.892,0.359,0,"14","TYMP"
"14.SMC2",0,2.89928514981215,0.59,0.057,0,"14","SMC2"
"14.HLA-DQA1",0,1.14124902600362,0.858,0.326,0,"14","HLA-DQA1"
"14.CDKN3",0,3.8789997173202,0.559,0.027,0,"14","CDKN3"
"14.PEA15",0,1.8801322158204,0.674,0.143,0,"14","PEA15"
"14.TMPO",0,1.769960337677,0.653,0.122,0,"14","TMPO"
"14.APOC1",0,2.64202361818949,0.656,0.125,0,"14","APOC1"
"14.ARHGAP18",0,1.79416755712584,0.694,0.163,0,"14","ARHGAP18"
"14.LAP3",0,1.6859759822239,0.774,0.244,0,"14","LAP3"
"14.ASAH1",0,1.36052427073505,0.733,0.203,0,"14","ASAH1"
"14.BANF1",0,1.30690511635441,0.812,0.283,0,"14","BANF1"
"14.RAD51AP1",0,4.3502487774815,0.556,0.027,0,"14","RAD51AP1"
"14.LGMN",0,1.78804795960677,0.646,0.117,0,"14","LGMN"
"14.RHEB",0,1.76926371063144,0.799,0.271,0,"14","RHEB"
"14.S100A9",0,1.27788585087138,0.639,0.112,0,"14","S100A9"
"14.TMEM14C",0,1.59424644259835,0.757,0.23,0,"14","TMEM14C"
"14.SAMHD1",0,1.4097429366777,0.76,0.233,0,"14","SAMHD1"
"14.LGALS1",0,1.91811403335777,0.969,0.443,0,"14","LGALS1"
"14.H2AFY",0,1.52394094304072,0.76,0.235,0,"14","H2AFY"
"14.DUT",0,1.82067692470442,0.774,0.249,0,"14","DUT"
"14.PYCARD",0,1.57108768909601,0.785,0.26,0,"14","PYCARD"
"14.GPX1",0,2.28391933460705,0.972,0.448,0,"14","GPX1"
"14.PAK1",0,2.61257011579014,0.618,0.094,0,"14","PAK1"
"14.CENPM",0,2.99182361745937,0.569,0.045,0,"14","CENPM"
"14.GNAI2",0,1.72306691348344,0.792,0.269,0,"14","GNAI2"
"14.UQCC2",0,1.81329803089186,0.67,0.147,0,"14","UQCC2"
"14.CDK1",0,4.02560819026746,0.552,0.029,0,"14","CDK1"
"14.TMEM176A",0,2.02545392949054,0.635,0.114,0,"14","TMEM176A"
"14.HLA-DMB",0,1.27870761555889,0.698,0.178,0,"14","HLA-DMB"
"14.LSM3",0,1.43263344146172,0.764,0.245,0,"14","LSM3"
"14.PCBD1",0,1.9042699874583,0.674,0.155,0,"14","PCBD1"
"14.PLEK",0,1.49424670989244,0.681,0.164,0,"14","PLEK"
"14.CENPU",0,3.77928379078641,0.545,0.028,0,"14","CENPU"
"14.RAB32",0,2.85954037085099,0.59,0.073,0,"14","RAB32"
"14.ATOX1",0,1.44624203629603,0.74,0.224,0,"14","ATOX1"
"14.FGL2",0,1.51867256874445,0.663,0.147,0,"14","FGL2"
"14.ATP6V1F",0,1.47207153557552,0.878,0.362,0,"14","ATP6V1F"
"14.FABP5",0,1.66375909092803,0.76,0.244,0,"14","FABP5"
"14.LSM5",0,1.35053014410994,0.747,0.232,0,"14","LSM5"
"14.TALDO1",0,1.50943117832545,0.774,0.259,0,"14","TALDO1"
"14.IFITM3",0,1.268700748486,0.858,0.343,0,"14","IFITM3"
"14.TPX2",0,3.83298458407689,0.535,0.021,0,"14","TPX2"
"14.HCK",0,2.45479107211824,0.608,0.094,0,"14","HCK"
"14.SNRNP25",0,2.44034721823952,0.604,0.091,0,"14","SNRNP25"
"14.TIMP2",0,2.3831176124632,0.601,0.088,0,"14","TIMP2"
"14.VSIG4",0,2.62044332498173,0.594,0.082,0,"14","VSIG4"
"14.UQCRQ",0,1.47227555952358,0.865,0.354,0,"14","UQCRQ"
"14.IER3",0,1.52508507798348,0.708,0.197,0,"14","IER3"
"14.PLAU",0,3.03900983592836,0.573,0.063,0,"14","PLAU"
"14.FAM96A",0,1.55668238343647,0.76,0.25,0,"14","FAM96A"
"14.LGALS9",0,1.84107187470349,0.653,0.143,0,"14","LGALS9"
"14.APOE",0,2.10292490319381,0.691,0.181,0,"14","APOE"
"14.ZWINT",0,3.76147531297173,0.535,0.026,0,"14","ZWINT"
"14.SPG21",0,1.43272473071027,0.705,0.196,0,"14","SPG21"
"14.SNX10",0,1.9765385653966,0.667,0.159,0,"14","SNX10"
"14.PARP1",0,1.52529327915072,0.74,0.233,0,"14","PARP1"
"14.PTMS",0,1.48988583818633,0.712,0.205,0,"14","PTMS"
"14.ATP6V0B",0,1.63400977207665,0.861,0.355,0,"14","ATP6V0B"
"14.PKM",0,1.34922867266432,0.924,0.419,0,"14","PKM"
"14.CD63",0,1.61136253273635,0.896,0.391,0,"14","CD63"
"14.PLTP",0,2.34332752958657,0.604,0.099,0,"14","PLTP"
"14.STAB1",0,2.89591019348173,0.58,0.076,0,"14","STAB1"
"14.PRDX3",0,1.57372546378975,0.712,0.209,0,"14","PRDX3"
"14.SOD2",0,1.07874989570685,0.809,0.307,0,"14","SOD2"
"14.CD4",0,1.47846184677809,0.677,0.175,0,"14","CD4"
"14.ATP6V1B2",0,2.03307704967464,0.639,0.138,0,"14","ATP6V1B2"
"14.HMGN2",0,2.50482043496568,0.976,0.476,0,"14","HMGN2"
"14.ATP6AP2",0,1.37354443049458,0.747,0.247,0,"14","ATP6AP2"
"14.CLTA",0,1.44321434227776,0.812,0.312,0,"14","CLTA"
"14.MRPL51",0,1.24123655007373,0.757,0.258,0,"14","MRPL51"
"14.BLVRB",0,1.8891383889738,0.639,0.14,0,"14","BLVRB"
"14.P4HB",0,1.44850307844588,0.837,0.338,0,"14","P4HB"
"14.NAGA",0,2.43644826494426,0.583,0.084,0,"14","NAGA"
"14.TMEM160",0,1.19179027556607,0.719,0.222,0,"14","TMEM160"
"14.HMGB2",0,1.34112604776597,0.816,0.319,0,"14","HMGB2"
"14.TNFSF13B",0,1.46647925914751,0.656,0.16,0,"14","TNFSF13B"
"14.RNASE6",0,1.87384027834464,0.618,0.122,0,"14","RNASE6"
"14.IDH2",0,1.48394032430379,0.767,0.271,0,"14","IDH2"
"14.CRTAP",0,1.48324694108567,0.684,0.189,0,"14","CRTAP"
"14.PLXDC2",0,2.11215309500423,0.594,0.099,0,"14","PLXDC2"
"14.TREM2",0,2.35495852799643,0.573,0.079,0,"14","TREM2"
"14.CTSS",0,1.03937861878857,0.795,0.302,0,"14","CTSS"
"14.FUCA2",0,2.32804817860553,0.597,0.104,0,"14","FUCA2"
"14.ZDHHC12",0,1.94563926525193,0.622,0.129,0,"14","ZDHHC12"
"14.FAM111A",0,2.03516966317038,0.597,0.105,0,"14","FAM111A"
"14.SLC7A7",0,2.25095701530431,0.59,0.098,0,"14","SLC7A7"
"14.SLC16A3",0,1.46202344399113,0.663,0.171,0,"14","SLC16A3"
"14.TPM4",0,1.38732981756585,0.823,0.332,0,"14","TPM4"
"14.CENPK",0,2.66889898533946,0.538,0.048,0,"14","CENPK"
"14.FLOT1",0,1.5961295218117,0.674,0.185,0,"14","FLOT1"
"14.MPP1",0,2.3369894811145,0.58,0.092,0,"14","MPP1"
"14.GNB4",0,2.61660373703328,0.566,0.078,0,"14","GNB4"
"14.MRPL14",0,1.34013199579676,0.67,0.184,0,"14","MRPL14"
"14.TPP1",0,1.37841318751193,0.663,0.177,0,"14","TPP1"
"14.COMT",0,1.40156798426212,0.681,0.195,0,"14","COMT"
"14.A2M",0,2.28687008435749,0.573,0.088,0,"14","A2M"
"14.CDK4",0,2.1506513576072,0.597,0.112,0,"14","CDK4"
"14.NME4",0,2.5527375358881,0.587,0.102,0,"14","NME4"
"14.AURKAIP1",0,1.27391027961792,0.781,0.297,0,"14","AURKAIP1"
"14.H2AFV",0,1.52927100159778,0.844,0.36,0,"14","H2AFV"
"14.LY96",0,1.4610875634989,0.646,0.162,0,"14","LY96"
"14.CTSD",0,1.78241066308142,0.868,0.385,0,"14","CTSD"
"14.RER1",0,1.07122697902091,0.719,0.237,0,"14","RER1"
"14.RAB13",0,2.51138452863588,0.576,0.094,0,"14","RAB13"
"14.CANX",0,1.25854255969347,0.743,0.261,0,"14","CANX"
"14.PHF19",0,2.33466243746318,0.538,0.057,0,"14","PHF19"
"14.DUSP23",0,1.37180708521243,0.639,0.158,0,"14","DUSP23"
"14.ARPC5",0,1.1076625843007,0.861,0.38,0,"14","ARPC5"
"14.RPA3",0,1.41744689530728,0.649,0.168,0,"14","RPA3"
"14.SGK1",0,1.36795378489695,0.681,0.201,0,"14","SGK1"
"14.PLSCR1",0,1.02203920006557,0.694,0.214,0,"14","PLSCR1"
"14.DHFR",0,3.69844933023019,0.507,0.028,0,"14","DHFR"
"14.ENO1",0,1.38977225479994,0.899,0.421,0,"14","ENO1"
"14.YWHAE",0,0.942639830043644,0.774,0.297,0,"14","YWHAE"
"14.UHRF1",0,4.69183780412749,0.49,0.013,0,"14","UHRF1"
"14.PLD3",0,1.61726895421765,0.67,0.194,0,"14","PLD3"
"14.CLSPN",0,3.90487595026383,0.5,0.024,0,"14","CLSPN"
"14.PTTG1",0,2.01633176103341,0.632,0.157,0,"14","PTTG1"
"14.ARL6IP1",0,1.63776003266706,0.688,0.213,0,"14","ARL6IP1"
"14.CENPN",0,3.08344981624681,0.51,0.035,0,"14","CENPN"
"14.MRPS15",0,1.22668992591713,0.649,0.175,0,"14","MRPS15"
"14.GSTP1",0,1.17752378562461,0.896,0.422,0,"14","GSTP1"
"14.HLA-DPA1",0,1.41418609232676,0.979,0.505,0,"14","HLA-DPA1"
"14.LAT2",0,1.52173316104524,0.601,0.127,0,"14","LAT2"
"14.MTCH2",0,1.62659349978367,0.611,0.137,0,"14","MTCH2"
"14.VPS29",0,1.46599208689557,0.76,0.287,0,"14","VPS29"
"14.NDUFB7",0,1.1184212471683,0.757,0.284,0,"14","NDUFB7"
"14.TXNDC17",0,1.41607993017801,0.688,0.215,0,"14","TXNDC17"
"14.SNRPD1",0,1.205194061145,0.719,0.246,0,"14","SNRPD1"
"14.DSE",0,1.89272040736009,0.569,0.097,0,"14","DSE"
"14.CTSC",0,1.17513959989854,0.833,0.361,0,"14","CTSC"
"14.HMGB3",0,3.46566460817383,0.507,0.036,0,"14","HMGB3"
"14.HLA-DPB1",0,1.14885773541016,0.958,0.487,0,"14","HLA-DPB1"
"14.LYN",0,1.51453214367026,0.59,0.119,0,"14","LYN"
"14.RNH1",0,1.12170285671221,0.722,0.251,0,"14","RNH1"
"14.ATP5J",0,1.17291310765574,0.875,0.404,0,"14","ATP5J"
"14.SRP9",0,0.886619647259107,0.778,0.308,0,"14","SRP9"
"14.SLIRP",0,1.40122940124892,0.653,0.183,0,"14","SLIRP"
"14.QKI",0,1.8259284608445,0.583,0.113,0,"14","QKI"
"14.KPNB1",0,1.10030070602501,0.691,0.221,0,"14","KPNB1"
"14.SKA2",0,1.53160027660689,0.576,0.106,0,"14","SKA2"
"14.CALM3",0,1.26026834416259,0.83,0.36,0,"14","CALM3"
"14.ACTR2",0,1.08827551796775,0.76,0.291,0,"14","ACTR2"
"14.ASPH",0,2.62305354500736,0.538,0.069,0,"14","ASPH"
"14.ARPC1B",0,1.11127471502327,0.861,0.392,0,"14","ARPC1B"
"14.NDUFAB1",0,1.22414486991058,0.729,0.26,0,"14","NDUFAB1"
"14.AKR1B1",0,1.50880924237049,0.642,0.174,0,"14","AKR1B1"
"14.LAMTOR1",0,1.20301222614257,0.753,0.285,0,"14","LAMTOR1"
"14.TSPO",0,1.41923150124538,0.878,0.41,0,"14","TSPO"
"14.SIVA1",0,1.40050843644987,0.757,0.29,0,"14","SIVA1"
"14.SYK",0,2.15866850679536,0.573,0.106,0,"14","SYK"
"14.ITGB2",0,1.22491887198719,0.868,0.401,0,"14","ITGB2"
"14.ATP5H",0,1.03272046040451,0.802,0.336,0,"14","ATP5H"
"14.CSTB",0,1.41912121132434,0.878,0.412,0,"14","CSTB"
"14.TIMM10",0,1.56092214409298,0.597,0.131,0,"14","TIMM10"
"14.TIMM8B",0,1.41325408524068,0.632,0.166,0,"14","TIMM8B"
"14.PRC1",0,3.99267425497374,0.486,0.02,0,"14","PRC1"
"14.TMEM147",0,1.24459310779313,0.684,0.219,0,"14","TMEM147"
"14.HNRNPAB",0,1.19963208525104,0.649,0.184,0,"14","HNRNPAB"
"14.ATP5J2",0,1.15479088794134,0.83,0.365,0,"14","ATP5J2"
"14.FAM49B",0,0.775462215210245,0.809,0.345,0,"14","FAM49B"
"14.SNRPC",0,1.0474871813176,0.691,0.227,0,"14","SNRPC"
"14.NAIP",0,2.22018891189992,0.556,0.093,0,"14","NAIP"
"14.UQCRC1",0,1.47769457435409,0.66,0.197,0,"14","UQCRC1"
"14.CAP1",0,0.814734275989292,0.851,0.388,0,"14","CAP1"
"14.PCNA",0,2.13052326947636,0.559,0.097,0,"14","PCNA"
"14.BLVRA",0,1.90108131918539,0.587,0.125,0,"14","BLVRA"
"14.RTN3",0,1.70649064950855,0.632,0.17,0,"14","RTN3"
"14.SDF2L1",0,1.28198371600339,0.684,0.223,0,"14","SDF2L1"
"14.VAMP8",0,1.40545921081804,0.896,0.435,0,"14","VAMP8"
"14.SPCS3",0,0.974798198575204,0.715,0.254,0,"14","SPCS3"
"14.CAPZA2",0,1.06176156630741,0.719,0.258,0,"14","CAPZA2"
"14.FCGR1A",0,2.17765000603856,0.549,0.089,0,"14","FCGR1A"
"14.SERPINB6",0,1.97138463834363,0.559,0.099,0,"14","SERPINB6"
"14.ATP6V0D1",0,1.29041939163577,0.674,0.214,0,"14","ATP6V0D1"
"14.IFI30",0,1.97789083035006,0.556,0.096,0,"14","IFI30"
"14.LMNB1",0,1.70315521295716,0.542,0.082,0,"14","LMNB1"
"14.PIN1",0,1.12107712737627,0.663,0.204,0,"14","PIN1"
"14.ZYX",0,1.01813147294494,0.781,0.322,0,"14","ZYX"
"14.FIBP",0,1.08399578244625,0.639,0.18,0,"14","FIBP"
"14.GGH",0,3.62720251888609,0.493,0.034,0,"14","GGH"
"14.M6PR",0,1.10696101146379,0.719,0.26,0,"14","M6PR"
"14.MRPL17",0,1.89271019243931,0.559,0.101,0,"14","MRPL17"
"14.EIF2S2",0,1.11574490401535,0.681,0.223,0,"14","EIF2S2"
"14.ATP1B3",0,0.67033794892034,0.774,0.316,0,"14","ATP1B3"
"14.COX5A",0,1.08739032307721,0.872,0.414,0,"14","COX5A"
"14.MGST3",0,1.23347106483042,0.736,0.278,0,"14","MGST3"
"14.SPP1",0,3.83165366895412,0.517,0.06,0,"14","SPP1"
"14.ENY2",0,1.01208985588956,0.788,0.331,0,"14","ENY2"
"14.HLA-DRB1",0,1.35238638843391,0.958,0.501,0,"14","HLA-DRB1"
"14.LIMS1",0,0.889723912801584,0.677,0.221,0,"14","LIMS1"
"14.NHP2",0,1.04284129298055,0.684,0.228,0,"14","NHP2"
"14.LILRB4",0,1.7841579064378,0.562,0.106,0,"14","LILRB4"
"14.GTF3C6",0,1.05015184842248,0.684,0.229,0,"14","GTF3C6"
"14.CD163",0,1.94953743387005,0.542,0.087,0,"14","CD163"
"14.SET",0,0.937489306163189,0.757,0.302,0,"14","SET"
"14.SLCO2B1",0,2.20532823318917,0.538,0.083,0,"14","SLCO2B1"
"14.POMP",0,1.47792278389589,0.882,0.427,0,"14","POMP"
"14.APPL1",0,1.53350450566488,0.597,0.142,0,"14","APPL1"
"14.SCARB2",0,2.01761043378156,0.569,0.114,0,"14","SCARB2"
"14.CLTC",0,1.46520746533476,0.604,0.149,0,"14","CLTC"
"14.CBR1",0,1.84594362717855,0.569,0.114,0,"14","CBR1"
"14.RBX1",0,1.04881611159264,0.812,0.358,0,"14","RBX1"
"14.GNB2",0,1.18290888513559,0.764,0.31,0,"14","GNB2"
"14.LSM2",0,0.832766466668132,0.691,0.237,0,"14","LSM2"
"14.CNPY3",0,1.22410060729717,0.708,0.254,0,"14","CNPY3"
"14.KDELR2",0,1.09802506098877,0.712,0.258,0,"14","KDELR2"
"14.MSR1",0,1.98659986177287,0.542,0.089,0,"14","MSR1"
"14.ARRB2",0,0.979118254015924,0.684,0.232,0,"14","ARRB2"
"14.RTN4",0,0.995479099866446,0.753,0.301,0,"14","RTN4"
"14.ANP32B",0,1.0355926878226,0.868,0.416,0,"14","ANP32B"
"14.SLC43A3",0,2.555623358832,0.521,0.069,0,"14","SLC43A3"
"14.PA2G4",0,1.00962358287899,0.691,0.239,0,"14","PA2G4"
"14.TSPAN4",0,2.00024794432508,0.538,0.087,0,"14","TSPAN4"
"14.DBI",0,1.25604111219625,0.896,0.445,0,"14","DBI"
"14.CAMTA1",0,1.23796742494936,0.618,0.167,0,"14","CAMTA1"
"14.CD151",0,1.77250513426635,0.573,0.122,0,"14","CD151"
"14.H2AFX",0,0.827137188193561,0.688,0.237,0,"14","H2AFX"
"14.GTF2A2",0,0.909074631021438,0.705,0.254,0,"14","GTF2A2"
"14.SCPEP1",0,1.7748009142141,0.569,0.118,0,"14","SCPEP1"
"14.HMGA1",0,1.21926306067499,0.677,0.227,0,"14","HMGA1"
"14.TCEB1",0,0.954712537016694,0.747,0.297,0,"14","TCEB1"
"14.CAMK1",0,2.29630267972141,0.528,0.079,0,"14","CAMK1"
"14.FKBP1A",0,1.0064103242648,0.833,0.384,0,"14","FKBP1A"
"14.PGAM1",0,1.01616945306881,0.806,0.358,0,"14","PGAM1"
"14.HDLBP",0,1.1326532854237,0.618,0.17,0,"14","HDLBP"
"14.TLN1",0,1.03161427414312,0.66,0.213,0,"14","TLN1"
"14.SMCO4",0,1.75678337553822,0.562,0.115,0,"14","SMCO4"
"14.SMS",0,1.07697025830628,0.632,0.185,0,"14","SMS"
"14.H2AFJ",0,1.08144584651215,0.649,0.202,0,"14","H2AFJ"
"14.SNRPE",0,0.973005985578099,0.649,0.203,0,"14","SNRPE"
"14.LGALS3",0,1.37787644987511,0.757,0.311,0,"14","LGALS3"
"14.UQCR10",0,1.1860087956732,0.882,0.436,0,"14","UQCR10"
"14.AP1B1",0,2.00376351776355,0.542,0.097,0,"14","AP1B1"
"14.BOLA3",0,1.56139716091612,0.566,0.121,0,"14","BOLA3"
"14.NOP10",0,0.933474926806279,0.788,0.344,0,"14","NOP10"
"14.COQ2",0,2.59835398800932,0.503,0.059,0,"14","COQ2"
"14.DMXL2",0,2.46987873736425,0.51,0.066,0,"14","DMXL2"
"14.NAA38",0,0.936411082085834,0.639,0.195,0,"14","NAA38"
"14.SMC1A",0,1.42014618824154,0.583,0.139,0,"14","SMC1A"
"14.ALOX5AP",0,0.948951299923358,0.844,0.4,0,"14","ALOX5AP"
"14.HBEGF",0,1.89386196580344,0.549,0.106,0,"14","HBEGF"
"14.COX8A",0,1.36735181514257,0.924,0.481,0,"14","COX8A"
"14.LAPTM4A",0,1.077343816617,0.715,0.272,0,"14","LAPTM4A"
"14.NME2",0,1.53978617303685,0.646,0.204,0,"14","NME2"
"14.TTYH3",0,2.63040600525593,0.51,0.068,0,"14","TTYH3"
"14.NDUFB2",0,1.27387127557438,0.858,0.416,0,"14","NDUFB2"
"14.NDUFS8",0,1.01652462879103,0.719,0.277,0,"14","NDUFS8"
"14.PPIF",0,1.4523169180732,0.583,0.141,0,"14","PPIF"
"14.BAX",0,0.694360897575176,0.712,0.27,0,"14","BAX"
"14.HIF1A",0,0.982750528618217,0.677,0.236,0,"14","HIF1A"
"14.DNAJC15",0,0.833846360278632,0.708,0.267,0,"14","DNAJC15"
"14.CARHSP1",0,1.28096236967923,0.583,0.142,0,"14","CARHSP1"
"14.SNX3",0,1.04844245762957,0.806,0.366,0,"14","SNX3"
"14.SNX2",0,1.09079416704283,0.632,0.192,0,"14","SNX2"
"14.PSMB3",0,0.974360528056112,0.774,0.334,0,"14","PSMB3"
"14.HPRT1",0,1.40418095187568,0.576,0.136,0,"14","HPRT1"
"14.ZEB2",0,0.710878800610014,0.649,0.21,0,"14","ZEB2"
"14.PSMA4",0,1.39982850863198,0.667,0.228,0,"14","PSMA4"
"14.VDAC1",0,1.03918778304786,0.729,0.29,0,"14","VDAC1"
"14.HIST1H4C",0,2.06864267910123,0.767,0.328,0,"14","HIST1H4C"
"14.TMEM219",0,0.94188889655008,0.75,0.311,0,"14","TMEM219"
"14.PDCD5",0,1.13972746078901,0.642,0.203,0,"14","PDCD5"
"14.GTSE1",0,4.46528386214102,0.451,0.012,0,"14","GTSE1"
"14.MRPS16",0,1.38011329156499,0.597,0.158,0,"14","MRPS16"
"14.SSR1",0,1.0374595018904,0.663,0.225,0,"14","SSR1"
"14.BRI3",0,1.75396853294636,0.549,0.111,0,"14","BRI3"
"14.CSTA",0,2.02360041444536,0.51,0.072,0,"14","CSTA"
"14.SSR3",0,0.850861703062693,0.753,0.315,0,"14","SSR3"
"14.HINT2",0,1.39645509828506,0.58,0.142,0,"14","HINT2"
"14.ZCRB1",0,1.12180646357742,0.597,0.159,0,"14","ZCRB1"
"14.RB1",0,1.67956058622867,0.573,0.135,0,"14","RB1"
"14.HCFC1R1",0,1.36126986382207,0.576,0.138,0,"14","HCFC1R1"
"14.GNS",0,1.71703615520654,0.545,0.108,0,"14","GNS"
"14.POLR2E",0,0.884490602284758,0.684,0.247,0,"14","POLR2E"
"14.NFIC",0,1.6429752941593,0.545,0.108,0,"14","NFIC"
"14.RAD23A",0,1.12248948641714,0.729,0.292,0,"14","RAD23A"
"14.LRRC59",0,1.29144148921964,0.583,0.146,0,"14","LRRC59"
"14.TKT",0,0.975910565667192,0.674,0.238,0,"14","TKT"
"14.GNG5",0,1.2960138631604,0.899,0.463,0,"14","GNG5"
"14.TMEM109",0,1.33046596506703,0.611,0.175,0,"14","TMEM109"
"14.AGTRAP",0,1.25846653910451,0.597,0.161,0,"14","AGTRAP"
"14.VPS35",0,1.26403146937362,0.601,0.165,0,"14","VPS35"
"14.GRINA",0,0.794781105231068,0.663,0.228,0,"14","GRINA"
"14.NDUFB1",0,0.954972081290984,0.66,0.225,0,"14","NDUFB1"
"14.PGD",0,1.67712532752583,0.566,0.131,0,"14","PGD"
"14.PRKDC",0,1.35761433562708,0.566,0.131,0,"14","PRKDC"
"14.MIS18BP1",0,1.07444940288086,0.594,0.159,0,"14","MIS18BP1"
"14.C20orf24",0,0.988221867324394,0.681,0.247,0,"14","C20orf24"
"14.KDELR1",0,0.896599120061006,0.705,0.271,0,"14","KDELR1"
"14.GPR34",0,2.22707812526704,0.503,0.07,0,"14","GPR34"
"14.TMED10",0,0.866286825413297,0.747,0.314,0,"14","TMED10"
"14.CCL3",0,1.0206676443621,0.618,0.185,0,"14","CCL3"
"14.TUBA1B",0,2.48299205869559,0.976,0.543,0,"14","TUBA1B"
"14.RPN2",0,0.970468773382225,0.698,0.265,0,"14","RPN2"
"14.FAM105A",0,1.68436287620159,0.545,0.113,0,"14","FAM105A"
"14.NINJ1",0,1.0831168543006,0.663,0.231,0,"14","NINJ1"
"14.HMOX1",0,1.82391954427739,0.545,0.113,0,"14","HMOX1"
"14.CYC1",0,1.30639956650573,0.632,0.2,0,"14","CYC1"
"14.PLBD1",0,2.21301669860102,0.503,0.071,0,"14","PLBD1"
"14.KIAA0101",0,4.04017865645325,0.448,0.016,0,"14","KIAA0101"
"14.MRPL27",0,1.21082203572952,0.573,0.141,0,"14","MRPL27"
"14.SLC39A1",0,1.72572349143153,0.542,0.111,0,"14","SLC39A1"
"14.TGOLN2",0,0.839964065129082,0.646,0.215,0,"14","TGOLN2"
"14.PGLS",0,0.900595534237327,0.684,0.253,0,"14","PGLS"
"14.GRB2",0,0.948625189146458,0.76,0.329,0,"14","GRB2"
"14.MLEC",0,1.5329568040082,0.601,0.17,0,"14","MLEC"
"14.RAB5C",0,1.33405758458747,0.587,0.156,0,"14","RAB5C"
"14.PFDN2",0,0.864971644794077,0.677,0.247,0,"14","PFDN2"
"14.ABCA1",0,1.85121615767452,0.521,0.091,0,"14","ABCA1"
"14.SEC11A",0,0.72632900504777,0.778,0.348,0,"14","SEC11A"
"14.MZT2B",0,1.20573808204516,0.625,0.195,0,"14","MZT2B"
"14.CISD2",0,0.978879665746142,0.632,0.202,0,"14","CISD2"
"14.MYDGF",0,0.94040715524652,0.712,0.282,0,"14","MYDGF"
"14.EFHD2",0,1.19859452118312,0.587,0.157,0,"14","EFHD2"
"14.TNFRSF1A",0,1.49857943835499,0.566,0.136,0,"14","TNFRSF1A"
"14.JOSD2",0,1.22919796049093,0.573,0.143,0,"14","JOSD2"
"14.VAMP3",0,1.65830744924595,0.531,0.102,0,"14","VAMP3"
"14.NDUFB3",0,1.16978761132223,0.653,0.224,0,"14","NDUFB3"
"14.CCDC109B",0,0.646351563804707,0.653,0.224,0,"14","CCDC109B"
"14.ALCAM",0,2.35538613280343,0.497,0.068,0,"14","ALCAM"
"14.CNDP2",0,1.54552854890429,0.569,0.14,0,"14","CNDP2"
"14.TIMM13",0,1.29986228857145,0.587,0.158,0,"14","TIMM13"
"14.MMP14",0,2.81651803515567,0.483,0.055,0,"14","MMP14"
"14.PRELID1",0,1.04195368464645,0.823,0.395,0,"14","PRELID1"
"14.TACC1",0,1.15673368414094,0.594,0.166,0,"14","TACC1"
"14.FADS1",0,3.88168088576963,0.458,0.031,0,"14","FADS1"
"14.C15orf48",0,0.735598299815216,0.528,0.101,0,"14","C15orf48"
"14.NUTF2",0,0.762846128430477,0.635,0.208,0,"14","NUTF2"
"14.C14orf2",0,0.86577591458731,0.767,0.34,0,"14","C14orf2"
"14.TSPAN3",0,1.74163910387722,0.535,0.109,0,"14","TSPAN3"
"14.CCNA2",0,3.91309486638376,0.441,0.015,0,"14","CCNA2"
"14.PMP22",0,2.22785479161309,0.493,0.067,0,"14","PMP22"
"14.GNPTG",0,1.33010623174219,0.587,0.161,0,"14","GNPTG"
"14.SLC25A5",0,1.35831133457292,0.927,0.502,0,"14","SLC25A5"
"14.MRPL52",0,1.01842169350862,0.632,0.207,0,"14","MRPL52"
"14.CAPZB",0,0.769621991303777,0.872,0.447,0,"14","CAPZB"
"14.IFI6",0,1.17164662247932,0.743,0.318,0,"14","IFI6"
"14.DCTPP1",0,2.14947885027873,0.51,0.085,0,"14","DCTPP1"
"14.PSMB6",0,0.932841249720782,0.75,0.325,0,"14","PSMB6"
"14.PSMB2",0,0.789056420015089,0.66,0.236,0,"14","PSMB2"
"14.SNRPG",0,0.966034450494381,0.809,0.385,0,"14","SNRPG"
"14.C4orf48",0,0.999909076624141,0.646,0.222,0,"14","C4orf48"
"14.DRAM1",0,2.57710938436728,0.503,0.079,0,"14","DRAM1"
"14.CYFIP1",0,2.11661058795115,0.493,0.069,0,"14","CYFIP1"
"14.XPO1",0,1.432996726983,0.521,0.098,0,"14","XPO1"
"14.ANP32A",0,0.797054859766691,0.653,0.23,0,"14","ANP32A"
"14.ICAM1",0,1.314855539022,0.562,0.139,0,"14","ICAM1"
"14.ATP5C1",0,0.722671803828309,0.733,0.31,0,"14","ATP5C1"
"14.TMEM167A",0,0.950657290908325,0.635,0.213,0,"14","TMEM167A"
"14.NDUFA2",0,0.883891173255704,0.729,0.307,0,"14","NDUFA2"
"14.MEA1",0,0.946461283129303,0.618,0.196,0,"14","MEA1"
"14.HSP90B1",0,0.869150001881087,0.847,0.425,0,"14","HSP90B1"
"14.HDAC2",0,1.56907699056113,0.542,0.121,0,"14","HDAC2"
"14.SFT2D1",0,0.874530972835901,0.642,0.221,0,"14","SFT2D1"
"14.SHFM1",0,0.707122794590244,0.785,0.364,0,"14","SHFM1"
"14.SERPING1",0,1.53523605884458,0.524,0.103,0,"14","SERPING1"
"14.ILF3",0,0.766432173838173,0.635,0.214,0,"14","ILF3"
"14.NANS",0,1.0744076397454,0.611,0.19,0,"14","NANS"
"14.GDI2",0,0.912698395432226,0.722,0.301,0,"14","GDI2"
"14.POLE4",0,0.944878067547296,0.597,0.177,0,"14","POLE4"
"14.SNRPB",0,0.622835500831361,0.75,0.33,0,"14","SNRPB"
"14.CEBPB",0,1.14794008981378,0.59,0.17,0,"14","CEBPB"
"14.RNASET2",0,0.810138781736082,0.792,0.373,0,"14","RNASET2"
"14.RGS10",0,0.867188498890157,0.809,0.39,0,"14","RGS10"
"14.SRSF9",0,1.00019638142899,0.628,0.209,0,"14","SRSF9"
"14.LRP1",0,2.13126152151198,0.497,0.078,0,"14","LRP1"
"14.MTPN",0,0.798141734372043,0.632,0.214,0,"14","MTPN"
"14.PPP1CA",0,0.701717407609273,0.792,0.374,0,"14","PPP1CA"
"14.TMED9",0,1.0485035004677,0.684,0.267,0,"14","TMED9"
"14.ASPM",0,3.54307529874321,0.434,0.017,0,"14","ASPM"
"14.BMP2K",0,2.07073423746947,0.497,0.08,0,"14","BMP2K"
"14.CISD3",0,1.28300556435989,0.566,0.149,0,"14","CISD3"
"14.PDIA6",0,0.987043519651854,0.76,0.344,0,"14","PDIA6"
"14.RPN1",0,0.846362971770711,0.674,0.258,0,"14","RPN1"
"14.DPYSL2",0,2.18816416287434,0.49,0.074,0,"14","DPYSL2"
"14.ADAM9",0,2.54338068268592,0.476,0.06,0,"14","ADAM9"
"14.ME2",0,1.61890447633297,0.531,0.116,0,"14","ME2"
"14.RGS19",0,0.945408672430018,0.618,0.203,0,"14","RGS19"
"14.CHCHD10",0,1.14177508144676,0.736,0.321,0,"14","CHCHD10"
"14.TXN2",0,0.927451951126347,0.604,0.189,0,"14","TXN2"
"14.MRPL11",0,1.13104340358553,0.569,0.154,0,"14","MRPL11"
"14.NCF4",0,1.31601594670626,0.583,0.168,0,"14","NCF4"
"14.CD86",0,1.80968591569222,0.517,0.103,0,"14","CD86"
"14.RAD21",0,0.720733122948127,0.632,0.218,0,"14","RAD21"
"14.KLF4",0,1.55750040614408,0.545,0.131,0,"14","KLF4"
"14.PLEKHB2",0,0.737022683620304,0.587,0.173,0,"14","PLEKHB2"
"14.CMTM6",0,0.551017974764553,0.733,0.319,0,"14","CMTM6"
"14.SNX5",0,1.02508524663244,0.601,0.187,0,"14","SNX5"
"14.KTN1",0,0.618552812253043,0.691,0.277,0,"14","KTN1"
"14.ATRAID",0,0.804857155992104,0.674,0.261,0,"14","ATRAID"
"14.IL18",0,1.7910946733927,0.503,0.09,0,"14","IL18"
"14.NAA20",0,1.58706847992882,0.545,0.132,0,"14","NAA20"
"14.BTF3L4",0,0.797014708430305,0.597,0.184,0,"14","BTF3L4"
"14.C1orf54",0,2.42881335753743,0.479,0.066,0,"14","C1orf54"
"14.MCM4",0,3.44050576864385,0.438,0.025,0,"14","MCM4"
"14.USP1",0,1.35703510680587,0.528,0.116,0,"14","USP1"
"14.CBX3",0,0.785265207612619,0.649,0.237,0,"14","CBX3"
"14.ZNF706",0,0.805262868139569,0.767,0.355,0,"14","ZNF706"
"14.CXCL16",0,1.1553461864118,0.549,0.137,0,"14","CXCL16"
"14.NRP2",0,2.18372550453792,0.483,0.071,0,"14","NRP2"
"14.MTDH",0,0.852177020404965,0.826,0.414,0,"14","MTDH"
"14.RNASEH2B",0,0.982238066529269,0.583,0.171,0,"14","RNASEH2B"
"14.IFI27",0,1.92213994230259,0.58,0.168,0,"14","IFI27"
"14.NENF",0,1.63262719931502,0.542,0.131,0,"14","NENF"
"14.TPRKB",0,1.46299901179944,0.531,0.12,0,"14","TPRKB"
"14.DNAJC9",0,1.3816868569623,0.514,0.103,0,"14","DNAJC9"
"14.HN1",0,0.911370029664332,0.778,0.367,0,"14","HN1"
"14.ATP5F1",0,0.842471533018229,0.719,0.308,0,"14","ATP5F1"
"14.IFNGR1",0,1.12666512687488,0.583,0.172,0,"14","IFNGR1"
"14.NEK6",0,2.1146650418836,0.486,0.075,0,"14","NEK6"
"14.DERA",0,2.04772217146121,0.49,0.079,0,"14","DERA"
"14.APEX1",0,1.01966266160018,0.608,0.197,0,"14","APEX1"
"14.ANP32E",0,0.947222035818073,0.566,0.155,0,"14","ANP32E"
"14.HNRNPD",0,1.29670333414549,0.562,0.152,0,"14","HNRNPD"
"14.MRPS34",0,0.904012795893819,0.618,0.208,0,"14","MRPS34"
"14.TPD52L2",0,1.59309471852708,0.517,0.107,0,"14","TPD52L2"
"14.HMGN3",0,0.82855261369222,0.719,0.309,0,"14","HMGN3"
"14.PHB",0,1.04626867328868,0.611,0.201,0,"14","PHB"
"14.ARHGDIA",0,0.70126842664166,0.753,0.343,0,"14","ARHGDIA"
"14.APH1A",0,0.830275297065133,0.663,0.254,0,"14","APH1A"
"14.NDUFAF3",0,0.747089637332151,0.674,0.265,0,"14","NDUFAF3"
"14.C20orf27",0,1.68090003295371,0.524,0.115,0,"14","C20orf27"
"14.ATP5G3",0,1.08318530766528,0.851,0.442,0,"14","ATP5G3"
"14.TCF19",0,3.36980971894107,0.431,0.022,0,"14","TCF19"
"14.UPP1",0,0.886184820295497,0.587,0.178,0,"14","UPP1"
"14.HSPB1",0,0.93215665492961,0.844,0.435,0,"14","HSPB1"
"14.DNAJC8",0,0.627802650164057,0.653,0.245,0,"14","DNAJC8"
"14.SSNA1",0,0.674582460148733,0.632,0.224,0,"14","SSNA1"
"14.FERMT3",0,0.950062936129624,0.615,0.207,0,"14","FERMT3"
"14.ARL6IP4",0,0.683585808878338,0.819,0.411,0,"14","ARL6IP4"
"14.PRDX4",0,1.02953319078911,0.569,0.161,0,"14","PRDX4"
"14.RHOB",0,1.37293085352976,0.667,0.26,0,"14","RHOB"
"14.VAMP5",0,1.11295696940413,0.663,0.256,0,"14","VAMP5"
"14.RNF181",0,0.617657941180911,0.667,0.26,0,"14","RNF181"
"14.C11orf31",0,0.64680580242343,0.802,0.395,0,"14","C11orf31"
"14.RPS27L",0,0.697053188909888,0.823,0.416,0,"14","RPS27L"
"14.MESDC2",0,1.00690452564823,0.59,0.183,0,"14","MESDC2"
"14.COX20",0,1.0592264190466,0.566,0.159,0,"14","COX20"
"14.PHPT1",0,0.749130678994413,0.67,0.264,0,"14","PHPT1"
"14.MRPL41",0,0.687513371250237,0.684,0.278,0,"14","MRPL41"
"14.MRPS12",0,1.07891279363716,0.549,0.143,0,"14","MRPS12"
"14.TACC3",0,1.88279656782234,0.476,0.07,0,"14","TACC3"
"14.KIF20B",0,1.61428597074625,0.479,0.073,0,"14","KIF20B"
"14.BST2",0,0.743096883163794,0.837,0.431,0,"14","BST2"
"14.MCM7",0,2.40505430054706,0.455,0.05,0,"14","MCM7"
"14.AGPAT2",0,1.46043299101164,0.521,0.116,0,"14","AGPAT2"
"14.SLC25A39",0,1.14748038434527,0.611,0.206,0,"14","SLC25A39"
"14.PSMG2",0,0.877311660597287,0.625,0.22,0,"14","PSMG2"
"14.SNX6",0,0.808586562671649,0.694,0.289,0,"14","SNX6"
"14.STARD3NL",0,1.19443215474909,0.538,0.134,0,"14","STARD3NL"
"14.RWDD1",0,0.509944164141583,0.691,0.287,0,"14","RWDD1"
"14.NDUFB10",0,0.748047691393421,0.726,0.322,0,"14","NDUFB10"
"14.NDUFA6",0,0.786581274541798,0.712,0.308,0,"14","NDUFA6"
"14.SDF4",0,0.637300867790541,0.663,0.26,0,"14","SDF4"
"14.NRP1",0,2.77976764129009,0.455,0.052,0,"14","NRP1"
"14.NDUFA12",0,0.806366945833221,0.667,0.264,0,"14","NDUFA12"
"14.RBM17",0,0.825357388872042,0.646,0.244,0,"14","RBM17"
"14.TOMM5",0,0.939192649563154,0.597,0.195,0,"14","TOMM5"
"14.NCF2",0,1.71761570086569,0.493,0.092,0,"14","NCF2"
"14.ENG",0,1.94591404836827,0.49,0.089,0,"14","ENG"
"14.RHOG",0,0.802178813929977,0.747,0.346,0,"14","RHOG"
"14.FKBP2",0,0.62774522291137,0.653,0.252,0,"14","FKBP2"
"14.CCDC124",0,1.18924365865991,0.552,0.151,0,"14","CCDC124"
"14.PFKL",0,1.31910875947843,0.542,0.141,0,"14","PFKL"
"14.DBNL",0,0.882531688309763,0.594,0.193,0,"14","DBNL"
"14.ASF1B",0,3.40822563587201,0.424,0.023,0,"14","ASF1B"
"14.LY86",0,1.47330412079273,0.503,0.103,0,"14","LY86"
"14.CECR1",0,1.30068527895878,0.542,0.142,0,"14","CECR1"
"14.IL13RA1",0,2.12593665569043,0.479,0.079,0,"14","IL13RA1"
"14.MRPL34",0,0.736697130421874,0.59,0.19,0,"14","MRPL34"
"14.KXD1",0,1.08196532983629,0.573,0.173,0,"14","KXD1"
"14.DDX39A",0,1.03545766525094,0.566,0.166,0,"14","DDX39A"
"14.PKIB",0,3.27061885664339,0.438,0.039,0,"14","PKIB"
"14.PSME2",0,1.24595262327018,0.899,0.5,0,"14","PSME2"
"14.UQCRFS1",0,0.742603477200805,0.677,0.278,0,"14","UQCRFS1"
"14.MGST2",0,2.02136879953379,0.483,0.084,0,"14","MGST2"
"14.PPM1G",0,0.717856704635731,0.653,0.255,0,"14","PPM1G"
"14.C7orf73",0,0.717438978974773,0.625,0.227,0,"14","C7orf73"
"14.EZH2",0,1.91688116452052,0.458,0.06,0,"14","EZH2"
"14.FOXM1",0,4.68727654139337,0.406,0.008,0,"14","FOXM1"
"14.C1QBP",0,1.06512512320041,0.628,0.23,0,"14","C1QBP"
"14.TPGS2",0,1.5203244095884,0.5,0.102,0,"14","TPGS2"
"14.KPNA2",0,1.380624996878,0.569,0.171,0,"14","KPNA2"
"14.COX5B",0,0.94746446120671,0.844,0.447,0,"14","COX5B"
"14.SPINT2",0,0.876319269763703,0.576,0.179,0,"14","SPINT2"
"14.GCA",0,1.7601971670377,0.5,0.104,0,"14","GCA"
"14.SLC11A1",0,1.87486747297366,0.465,0.069,0,"14","SLC11A1"
"14.UQCR11",0,0.743414321766424,0.816,0.42,0,"14","UQCR11"
"14.AP2M1",0,0.78321662369331,0.681,0.286,0,"14","AP2M1"
"14.MGAT1",0,0.770831343820968,0.618,0.223,0,"14","MGAT1"
"14.LINC00998",0,1.68122327969726,0.49,0.095,0,"14","LINC00998"
"14.RNASEH2C",0,0.992917159872155,0.562,0.167,0,"14","RNASEH2C"
"14.ROMO1",0,0.571302462899378,0.646,0.251,0,"14","ROMO1"
"14.TOMM40",0,1.66569166722322,0.493,0.098,0,"14","TOMM40"
"14.SLC39A8",0,1.73771767501345,0.479,0.084,0,"14","SLC39A8"
"14.TCEA1",0,0.565151778877733,0.698,0.303,0,"14","TCEA1"
"14.ALOX5",0,2.03243251115609,0.479,0.084,0,"14","ALOX5"
"14.FPR3",0,1.79296764672758,0.476,0.081,0,"14","FPR3"
"14.MCM5",0,2.37313372350134,0.476,0.081,0,"14","MCM5"
"14.SLC8A1",0,2.24738854449125,0.465,0.071,0,"14","SLC8A1"
"14.NDUFS6",0,0.886248095105038,0.674,0.28,0,"14","NDUFS6"
"14.CEBPD",0,0.860774127962371,0.517,0.123,0,"14","CEBPD"
"14.ATAD2",0,2.29050068831999,0.441,0.047,0,"14","ATAD2"
"14.NCOA4",0,1.02104599852745,0.542,0.148,0,"14","NCOA4"
"14.NCKAP1L",0,0.968912075154255,0.545,0.151,0,"14","NCKAP1L"
"14.RPS19BP1",0,0.71189834433588,0.646,0.252,0,"14","RPS19BP1"
"14.TMEM14B",0,0.604875720215644,0.642,0.249,0,"14","TMEM14B"
"14.CPVL",0,1.57163255347555,0.486,0.093,0,"14","CPVL"
"14.CCT6A",0,0.95954430279627,0.622,0.229,0,"14","CCT6A"
"14.SPTSSA",0,1.85063997701102,0.503,0.11,0,"14","SPTSSA"
"14.NDUFS7",0,0.63686492666357,0.674,0.281,0,"14","NDUFS7"
"14.CASP1",0,0.86422073965796,0.58,0.187,0,"14","CASP1"
"14.GMNN",0,2.4086905412437,0.438,0.046,0,"14","GMNN"
"14.MRPL57",0,0.850475257475241,0.653,0.261,0,"14","MRPL57"
"14.C6orf62",0,0.531967682987627,0.58,0.188,0,"14","C6orf62"
"14.CDC20",0,4.06637529238343,0.406,0.015,0,"14","CDC20"
"14.GGCT",0,1.63248654034554,0.49,0.099,0,"14","GGCT"
"14.ATP5G1",0,0.834063551602486,0.649,0.258,0,"14","ATP5G1"
"14.GADD45GIP1",0,0.789036753182883,0.639,0.248,0,"14","GADD45GIP1"
"14.C5AR1",0,1.36138301215673,0.493,0.102,0,"14","C5AR1"
"14.NDUFC1",0,0.876453796516683,0.594,0.203,0,"14","NDUFC1"
"14.ATP6AP1",0,1.14996083319399,0.569,0.178,0,"14","ATP6AP1"
"14.HP1BP3",0,0.694265935302453,0.649,0.259,0,"14","HP1BP3"
"14.NASP",0,0.604919262477438,0.618,0.228,0,"14","NASP"
"14.FCGR2B",0,2.00401603820495,0.486,0.096,0,"14","FCGR2B"
"14.MTCH1",0,0.618041242487997,0.639,0.249,0,"14","MTCH1"
"14.PDIA4",0,1.36420117231128,0.549,0.159,0,"14","PDIA4"
"14.RDX",0,1.64580933033342,0.493,0.103,0,"14","RDX"
"14.PDIA3",0,0.913947276466625,0.788,0.398,0,"14","PDIA3"
"14.ABI3",0,1.29872408718472,0.521,0.131,0,"14","ABI3"
"14.RNASEH2A",0,2.39112550992869,0.444,0.054,0,"14","RNASEH2A"
"14.RAB8A",0,0.92701223674025,0.594,0.204,0,"14","RAB8A"
"14.NEDD8",0,0.548563357255649,0.698,0.308,0,"14","NEDD8"
"14.MOB1A",0,0.545646162963962,0.677,0.288,0,"14","MOB1A"
"14.CNIH4",0,1.58648161362265,0.514,0.125,0,"14","CNIH4"
"14.SPPL2A",0,0.733398156854889,0.583,0.194,0,"14","SPPL2A"
"14.ITGB1BP1",0,0.836194429923128,0.556,0.168,0,"14","ITGB1BP1"
"14.HADHA",0,0.691642423357664,0.622,0.234,0,"14","HADHA"
"14.MYEOV2",0,0.71073325290446,0.646,0.258,0,"14","MYEOV2"
"14.NDUFA1",0,0.704889539241954,0.771,0.383,0,"14","NDUFA1"
"14.GPAA1",0,1.21135459045729,0.521,0.134,0,"14","GPAA1"
"14.CCNB2",0,4.24679559946225,0.403,0.016,0,"14","CCNB2"
"14.PPP4C",0,0.588416754240664,0.632,0.245,0,"14","PPP4C"
"14.AHCY",0,1.6692697785384,0.486,0.099,0,"14","AHCY"
"14.COLGALT1",0,2.19639709545296,0.455,0.068,0,"14","COLGALT1"
"14.LSM6",0,0.721290345618237,0.587,0.2,0,"14","LSM6"
"14.SKAP2",0,1.35844638680297,0.507,0.121,0,"14","SKAP2"
"14.PSMB5",0,1.23087536082316,0.545,0.159,0,"14","PSMB5"
"14.GAA",0,1.7781744115916,0.472,0.086,0,"14","GAA"
"14.STOM",0,0.524945439399989,0.576,0.19,0,"14","STOM"
"14.NUF2",0,3.75194208940964,0.399,0.014,0,"14","NUF2"
"14.NCAPH",0,3.52621275556866,0.403,0.018,0,"14","NCAPH"
"14.BCAT1",0,2.27544694991851,0.441,0.056,0,"14","BCAT1"
"14.CORO1C",0,1.96314246115934,0.462,0.077,0,"14","CORO1C"
"14.EIF5A",0,0.715880753671406,0.767,0.382,0,"14","EIF5A"
"14.PDAP1",0,0.80101532105285,0.58,0.195,0,"14","PDAP1"
"14.MAPRE1",0,0.699250466518185,0.587,0.202,0,"14","MAPRE1"
"14.SNRPD3",0,0.576141681747156,0.67,0.286,0,"14","SNRPD3"
"14.JTB",0,0.636602059490878,0.767,0.383,0,"14","JTB"
"14.SNX17",0,0.770769707076887,0.594,0.21,0,"14","SNX17"
"14.MAD2L1",0,2.75762180957795,0.417,0.033,0,"14","MAD2L1"
"14.MEF2C",0,1.00134869421956,0.514,0.13,0,"14","MEF2C"
"14.GPNMB",0,1.90874917710293,0.465,0.081,0,"14","GPNMB"
"14.PABPN1",0,0.953040484545556,0.514,0.13,0,"14","PABPN1"
"14.SLC25A19",0,2.01339214935903,0.465,0.081,0,"14","SLC25A19"
"14.CYB5A",0,1.35489328271781,0.507,0.123,0,"14","CYB5A"
"14.UFD1L",0,0.811313973363967,0.552,0.168,0,"14","UFD1L"
"14.IDH1",0,1.71100264550135,0.469,0.085,0,"14","IDH1"
"14.TXNDC12",0,1.09903290737338,0.562,0.179,0,"14","TXNDC12"
"14.CEP55",0,4.1648444402815,0.396,0.013,0,"14","CEP55"
"14.CHMP4B",0,1.50040534607237,0.514,0.131,0,"14","CHMP4B"
"14.GNAS",0,0.598912938249728,0.76,0.377,0,"14","GNAS"
"14.HSPB11",0,0.650505340000626,0.573,0.19,0,"14","HSPB11"
"14.UBE2I",0,0.606877683271728,0.712,0.329,0,"14","UBE2I"
"14.GNB1",0,1.27633703112075,0.531,0.149,0,"14","GNB1"
"14.LAMTOR4",0,0.529532704449295,0.764,0.382,0,"14","LAMTOR4"
"14.HEXA",0,1.53970086883896,0.476,0.094,0,"14","HEXA"
"14.PKMYT1",0,3.90098097832051,0.396,0.014,0,"14","PKMYT1"
"14.COA3",0,1.09179076755571,0.528,0.146,0,"14","COA3"
"14.CD300A",0,1.26351294669123,0.483,0.101,0,"14","CD300A"
"14.CD164",0,0.529735106798807,0.694,0.312,0,"14","CD164"
"14.EMC6",0,0.666180803673046,0.573,0.191,0,"14","EMC6"
"14.COX7B",0,0.726226445019891,0.809,0.428,0,"14","COX7B"
"14.NUDT3",0,1.70817510989062,0.479,0.098,0,"14","NUDT3"
"14.ATP2A2",0,1.53279954280161,0.483,0.102,0,"14","ATP2A2"
"14.PSMD7",0,0.874100840616233,0.597,0.216,0,"14","PSMD7"
"14.TXNL4A",0,1.28652568183248,0.497,0.116,0,"14","TXNL4A"
"14.CCT5",0,1.04707565669008,0.566,0.185,0,"14","CCT5"
"14.AP3S1",0,0.73321765623808,0.583,0.202,0,"14","AP3S1"
"14.SLAMF8",0,1.91739051597353,0.455,0.075,0,"14","SLAMF8"
"14.CD84",0,0.900964283842906,0.524,0.144,0,"14","CD84"
"14.SRD5A3",0,2.45965044391381,0.444,0.064,0,"14","SRD5A3"
"14.CHCHD1",0,1.02260447772074,0.521,0.141,0,"14","CHCHD1"
"14.DPP7",0,0.634150204159807,0.698,0.318,0,"14","DPP7"
"14.VDAC2",0,0.575695114431306,0.681,0.302,0,"14","VDAC2"
"14.TMEM230",0,0.679606042249809,0.663,0.284,0,"14","TMEM230"
"14.MCM3",0,2.0643896787457,0.434,0.055,0,"14","MCM3"
"14.OGFRL1",0,2.05694447691282,0.455,0.076,0,"14","OGFRL1"
"14.DUSP3",0,2.01893170496325,0.448,0.069,0,"14","DUSP3"
"14.EPB41L3",0,2.21300205190609,0.438,0.059,0,"14","EPB41L3"
"14.C19orf70",0,0.661813222512483,0.604,0.225,0,"14","C19orf70"
"14.CWC15",0,0.845934294720463,0.552,0.174,0,"14","CWC15"
"14.MRPL37",0,1.52473485146446,0.476,0.098,0,"14","MRPL37"
"14.VTI1B",0,0.887367437232879,0.549,0.171,0,"14","VTI1B"
"14.ACTR3",0,0.541660678261286,0.781,0.404,0,"14","ACTR3"
"14.FN1",0,2.99185659896168,0.451,0.074,0,"14","FN1"
"14.CD9",0,1.57212038819412,0.51,0.133,0,"14","CD9"
"14.LGALS3BP",0,1.60986523396289,0.486,0.109,0,"14","LGALS3BP"
"14.MKKS",0,1.10445256283173,0.493,0.116,0,"14","MKKS"
"14.EPN1",0,1.16627132143133,0.535,0.158,0,"14","EPN1"
"14.HNRNPU",0,0.544198333477096,0.715,0.338,0,"14","HNRNPU"
"14.CMTM7",0,0.765670208055174,0.573,0.196,0,"14","CMTM7"
"14.PSMA6",0,1.07200057514879,0.576,0.199,0,"14","PSMA6"
"14.BSG",0,0.525468329106556,0.712,0.335,0,"14","BSG"
"14.ATP5I",0,0.671369336512707,0.66,0.284,0,"14","ATP5I"
"14.VDAC3",0,0.895608950645314,0.549,0.173,0,"14","VDAC3"
"14.UBE2L3",0,0.511749175312341,0.681,0.305,0,"14","UBE2L3"
"14.HEBP1",0,1.75632419874132,0.458,0.082,0,"14","HEBP1"
"14.COMMD4",0,1.64308681835495,0.476,0.1,0,"14","COMMD4"
"14.TUBB6",0,2.79838856354804,0.417,0.041,0,"14","TUBB6"
"14.ILF2",0,0.675184238176631,0.615,0.24,0,"14","ILF2"
"14.HMMR",0,4.17602567604706,0.389,0.014,0,"14","HMMR"
"14.SRRM2",0,0.538190699223807,0.622,0.247,0,"14","SRRM2"
"14.SHCBP1",0,4.82356564499145,0.385,0.01,0,"14","SHCBP1"
"14.RAB34",0,2.16168386644966,0.438,0.063,0,"14","RAB34"
"14.PARVB",0,1.63923253309939,0.483,0.108,0,"14","PARVB"
"14.TPM3",0,0.861023504990333,0.92,0.546,0,"14","TPM3"
"14.ARPC1A",0,1.05779702663939,0.531,0.157,0,"14","ARPC1A"
"14.BNIP3L",0,0.655640876978854,0.583,0.209,0,"14","BNIP3L"
"14.COTL1",0,0.766818601126855,0.924,0.55,0,"14","COTL1"
"14.LINC01272",0,2.01160932561734,0.427,0.053,0,"14","LINC01272"
"14.LILRB2",0,1.72367862144243,0.455,0.081,0,"14","LILRB2"
"14.CHMP2A",0,0.551747833990787,0.597,0.223,0,"14","CHMP2A"
"14.RAP2B",0,0.864391316702588,0.514,0.141,0,"14","RAP2B"
"14.SEPT11",0,1.23957221747027,0.476,0.103,0,"14","SEPT11"
"14.BAZ1B",0,1.0321308430735,0.507,0.134,0,"14","BAZ1B"
"14.GNG10",0,1.85271221154418,0.486,0.113,0,"14","GNG10"
"14.PSMC3",0,1.09235852409462,0.538,0.165,0,"14","PSMC3"
"14.LAMTOR5",0,0.541855592896798,0.66,0.288,0,"14","LAMTOR5"
"14.AUP1",0,0.646426300914911,0.663,0.291,0,"14","AUP1"
"14.SRA1",0,0.831308572095774,0.559,0.187,0,"14","SRA1"
"14.BLOC1S1",0,0.823985838724494,0.562,0.19,0,"14","BLOC1S1"
"14.ADIPOR1",0,0.73782936788164,0.597,0.225,0,"14","ADIPOR1"
"14.ETV5",0,2.76089912195084,0.42,0.048,0,"14","ETV5"
"14.LRPAP1",0,0.895521371471002,0.587,0.215,0,"14","LRPAP1"
"14.CD93",0,2.5754962134411,0.434,0.062,0,"14","CD93"
"14.ATP5A1",0,0.527306098654738,0.694,0.322,0,"14","ATP5A1"
"14.CD59",0,1.00462865874053,0.556,0.185,0,"14","CD59"
"14.C1orf122",0,1.5741897759299,0.458,0.087,0,"14","C1orf122"
"14.MPC2",0,0.67219356865926,0.618,0.247,0,"14","MPC2"
"14.GALM",0,0.839875378610586,0.531,0.16,0,"14","GALM"
"14.MRPS18C",0,0.917704909828159,0.521,0.15,0,"14","MRPS18C"
"14.LIPA",0,1.27120739833931,0.5,0.129,0,"14","LIPA"
"14.PTPRE",0,1.06324923511928,0.507,0.136,0,"14","PTPRE"
"14.ACTN1",0,1.70193463451454,0.448,0.077,0,"14","ACTN1"
"14.CTSA",0,0.742886692478299,0.611,0.24,0,"14","CTSA"
"14.SRP72",0,0.772648710019886,0.542,0.172,0,"14","SRP72"
"14.USMG5",0,0.757481136734973,0.785,0.415,0,"14","USMG5"
"14.ACP1",0,0.552918443797018,0.587,0.217,0,"14","ACP1"
"14.SERPINB1",0,0.686247074297782,0.646,0.276,0,"14","SERPINB1"
"14.DNPH1",0,0.587670874918999,0.622,0.252,0,"14","DNPH1"
"14.LAMP1",0,0.615718030609596,0.604,0.234,0,"14","LAMP1"
"14.DCAF7",0,0.750517525798085,0.51,0.14,0,"14","DCAF7"
"14.GPX4",0,1.1443841892499,0.865,0.495,0,"14","GPX4"
"14.YIF1B",0,1.3068537105259,0.5,0.13,0,"14","YIF1B"
"14.BCL2L12",0,2.06493701950318,0.424,0.054,0,"14","BCL2L12"
"14.GPI",0,0.773644937527323,0.552,0.183,0,"14","GPI"
"14.TFEC",0,2.11711131908334,0.438,0.069,0,"14","TFEC"
"14.HNRNPM",0,0.569115953753623,0.615,0.246,0,"14","HNRNPM"
"14.MINOS1",0,1.34085768550479,0.569,0.2,0,"14","MINOS1"
"14.MT2A",0,0.989327597240335,0.816,0.447,0,"14","MT2A"
"14.PPIH",0,1.01410807433314,0.483,0.115,0,"14","PPIH"
"14.S100A11",0,1.50367439170411,0.99,0.622,0,"14","S100A11"
"14.PLXND1",0,2.26664164000422,0.427,0.059,0,"14","PLXND1"
"14.H2AFZ",0,1.84884907173741,0.976,0.608,0,"14","H2AFZ"
"14.COMMD9",0,1.63543741023367,0.462,0.094,0,"14","COMMD9"
"14.RRP7A",0,0.90185978361136,0.503,0.135,0,"14","RRP7A"
"14.COPE",0,0.745366546874962,0.677,0.31,0,"14","COPE"
"14.LINC00116",0,1.2639663051696,0.486,0.119,0,"14","LINC00116"
"14.NRM",0,2.24539661369378,0.41,0.043,0,"14","NRM"
"14.REEP3",0,1.12848490852617,0.465,0.098,0,"14","REEP3"
"14.PIK3AP1",0,1.41636973459172,0.455,0.088,0,"14","PIK3AP1"
"14.LPCAT2",0,2.62928104194676,0.424,0.057,0,"14","LPCAT2"
"14.PLEKHO1",0,1.25793405525438,0.49,0.124,0,"14","PLEKHO1"
"14.PSMD1",0,1.58431402821706,0.479,0.113,0,"14","PSMD1"
"14.FAM200B",0,1.00610522877582,0.472,0.106,0,"14","FAM200B"
"14.F13A1",0,2.61279085805591,0.427,0.061,0,"14","F13A1"
"14.CKLF",0,0.774127859418653,0.611,0.245,0,"14","CKLF"
"14.TMED2",0,0.627416735571797,0.674,0.309,0,"14","TMED2"
"14.SEC61A1",0,0.974249864716581,0.493,0.128,0,"14","SEC61A1"
"14.CCDC50",0,0.753573967773567,0.493,0.128,0,"14","CCDC50"
"14.GM2A",0,1.90817670185761,0.455,0.09,0,"14","GM2A"
"14.MRPS33",0,0.977005805780155,0.503,0.138,0,"14","MRPS33"
"14.LAGE3",0,0.965774674066853,0.531,0.166,0,"14","LAGE3"
"14.CDCA5",0,3.94800522822822,0.378,0.013,0,"14","CDCA5"
"14.HSD17B11",0,0.940979062277588,0.559,0.195,0,"14","HSD17B11"
"14.NDUFB5",0,0.839614641122848,0.583,0.219,0,"14","NDUFB5"
"14.CTNNA1",0,1.51030943531702,0.458,0.094,0,"14","CTNNA1"
"14.MIEN1",0,0.523878017364192,0.573,0.209,0,"14","MIEN1"
"14.ABHD12",0,1.57031511926779,0.5,0.136,0,"14","ABHD12"
"14.LILRB1",0,1.59090913983455,0.448,0.084,0,"14","LILRB1"
"14.TXN",0,0.533669468345109,0.788,0.425,0,"14","TXN"
"14.STX7",0,1.02864129063838,0.493,0.13,0,"14","STX7"
"14.UBAC1",0,2.08535260029804,0.424,0.061,0,"14","UBAC1"
"14.SAC3D1",0,2.9248272190244,0.399,0.037,0,"14","SAC3D1"
"14.TUBG1",0,2.48537866750383,0.399,0.037,0,"14","TUBG1"
"14.SCNM1",0,0.760605292115305,0.497,0.135,0,"14","SCNM1"
"14.NPL",0,1.84171566207651,0.434,0.072,0,"14","NPL"
"14.THOC7",0,0.72169164186112,0.528,0.166,0,"14","THOC7"
"14.SLBP",0,0.531281211674496,0.594,0.232,0,"14","SLBP"
"14.MCUR1",0,1.30738087096813,0.469,0.107,0,"14","MCUR1"
"14.CLEC4A",0,2.18558457133557,0.427,0.065,0,"14","CLEC4A"
"14.SCAMP2",0,0.796801216719531,0.601,0.239,0,"14","SCAMP2"
"14.SRSF1",0,0.676225173872836,0.51,0.148,0,"14","SRSF1"
"14.MYBL2",0,3.79396494696505,0.375,0.013,0,"14","MYBL2"
"14.CD33",0,2.47336677370591,0.42,0.058,0,"14","CD33"
"14.MARCH1",0,1.23819287697897,0.465,0.104,0,"14","MARCH1"
"14.SSBP1",0,0.555732224047251,0.656,0.295,0,"14","SSBP1"
"14.CEBPG",0,0.867728342793655,0.465,0.104,0,"14","CEBPG"
"14.NQO2",0,1.71548756383486,0.458,0.097,0,"14","NQO2"
"14.FEN1",0,2.32833442888695,0.396,0.035,0,"14","FEN1"
"14.MRC1",0,2.19518625427688,0.431,0.07,0,"14","MRC1"
"14.CALR",0,1.05455867013762,0.896,0.535,0,"14","CALR"
"14.TCIRG1",0,0.83091380553471,0.552,0.192,0,"14","TCIRG1"
"14.YY1",0,0.557730322691743,0.556,0.196,0,"14","YY1"
"14.HNRNPA3",0,0.514890257614476,0.76,0.4,0,"14","HNRNPA3"
"14.COPS3",0,0.765323451809855,0.493,0.133,0,"14","COPS3"
"14.ILK",0,0.938762107769588,0.535,0.176,0,"14","ILK"
"14.AK2",0,1.07150149518318,0.51,0.151,0,"14","AK2"
"14.VPS26A",0,0.964147915885269,0.483,0.124,0,"14","VPS26A"
"14.C10orf11",0,2.54414592919347,0.413,0.054,0,"14","C10orf11"
"14.ERH",0,0.598938549064927,0.715,0.356,0,"14","ERH"
"14.SPRED1",0,2.84756892347071,0.413,0.054,0,"14","SPRED1"
"14.CTDNEP1",0,1.45699590308185,0.455,0.096,0,"14","CTDNEP1"
"14.ETS2",0,1.16192347167002,0.469,0.11,0,"14","ETS2"
"14.GABARAP",0,1.09148917785898,0.812,0.454,0,"14","GABARAP"
"14.POLR2F",0,0.563408240151368,0.535,0.177,0,"14","POLR2F"
"14.HDGF",0,1.62709009461867,0.444,0.086,0,"14","HDGF"
"14.ARL8B",0,0.887997644114959,0.497,0.139,0,"14","ARL8B"
"14.FAM50A",0,0.707942961805312,0.514,0.156,0,"14","FAM50A"
"14.ATP6V1C1",0,1.63431821983603,0.444,0.086,0,"14","ATP6V1C1"
"14.ATL3",0,1.46005715969891,0.431,0.073,0,"14","ATL3"
"14.ORC6",0,3.47458814750791,0.378,0.02,0,"14","ORC6"
"14.NUCB1",0,0.835216064544127,0.576,0.218,0,"14","NUCB1"
"14.MRPL40",0,1.22351782894313,0.49,0.132,0,"14","MRPL40"
"14.TMOD3",0,0.729600460302901,0.531,0.174,0,"14","TMOD3"
"14.DDOST",0,0.578497838932441,0.59,0.233,0,"14","DDOST"
"14.RBM47",0,1.67225334503118,0.441,0.084,0,"14","RBM47"
"14.ECHS1",0,1.03102008121105,0.517,0.16,0,"14","ECHS1"
"14.MCOLN1",0,1.74711151239973,0.438,0.081,0,"14","MCOLN1"
"14.EPB41L2",0,2.39921342568368,0.403,0.047,0,"14","EPB41L2"
"14.CSRP1",0,0.937356320187162,0.503,0.147,0,"14","CSRP1"
"14.CEP170",0,1.56728271327045,0.444,0.088,0,"14","CEP170"
"14.ESCO2",0,4.77585916786673,0.365,0.009,0,"14","ESCO2"
"14.NDUFB6",0,0.675661456808531,0.569,0.213,0,"14","NDUFB6"
"14.SSRP1",0,1.1721671931345,0.469,0.113,0,"14","SSRP1"
"14.UQCC3",0,1.60880763830253,0.431,0.075,0,"14","UQCC3"
"14.MZT1",0,1.19027460079842,0.476,0.12,0,"14","MZT1"
"14.COX6C",0,0.544486120217012,0.878,0.523,0,"14","COX6C"
"14.ACP2",0,1.64555612930081,0.438,0.083,0,"14","ACP2"
"14.COX6A1",0,0.677039499422255,0.851,0.496,0,"14","COX6A1"
"14.SNRPA",0,0.806046644665036,0.5,0.145,0,"14","SNRPA"
"14.RAB10",0,0.694816924740567,0.559,0.205,0,"14","RAB10"
"14.ELP5",0,1.12546277825911,0.458,0.104,0,"14","ELP5"
"14.FUOM",0,1.38251754149893,0.472,0.118,0,"14","FUOM"
"14.ORMDL2",0,0.8393129802549,0.5,0.146,0,"14","ORMDL2"
"14.ELAVL1",0,0.820413461746145,0.5,0.146,0,"14","ELAVL1"
"14.TFPT",0,1.33175432625973,0.444,0.09,0,"14","TFPT"
"14.GBA",0,2.07164565394772,0.417,0.064,0,"14","GBA"
"14.SNX8",0,1.89674100999748,0.42,0.067,0,"14","SNX8"
"14.FBP1",0,2.72307203343451,0.424,0.071,0,"14","FBP1"
"14.NCAPD2",0,2.86584021558516,0.378,0.025,0,"14","NCAPD2"
"14.YBX3",0,1.2452494792126,0.469,0.116,0,"14","YBX3"
"14.FKBP3",0,1.07461041545749,0.479,0.126,0,"14","FKBP3"
"14.TPI1",0,0.947888726646702,0.92,0.568,0,"14","TPI1"
"14.APOA1BP",0,0.670801919093531,0.524,0.172,0,"14","APOA1BP"
"14.SLC29A1",0,2.70721141351965,0.403,0.051,0,"14","SLC29A1"
"14.FRMD4B",0,0.763458280124705,0.479,0.127,0,"14","FRMD4B"
"14.SMIM15",0,0.957459855499504,0.469,0.117,0,"14","SMIM15"
"14.RBBP7",0,0.868944356982724,0.483,0.131,0,"14","RBBP7"
"14.PARP14",0,0.720570759205612,0.535,0.184,0,"14","PARP14"
"14.RPL26L1",0,1.28116834424815,0.455,0.104,0,"14","RPL26L1"
"14.TMEM141",0,1.13595566862204,0.458,0.107,0,"14","TMEM141"
"14.SDHB",0,0.970202968242341,0.51,0.159,0,"14","SDHB"
"14.WASF2",0,0.512771166675018,0.601,0.25,0,"14","WASF2"
"14.XRCC5",0,0.512106852607744,0.625,0.274,0,"14","XRCC5"
"14.TMED3",0,1.3132890618493,0.486,0.135,0,"14","TMED3"
"14.C19orf24",0,0.694858561249276,0.566,0.215,0,"14","C19orf24"
"14.STX10",0,0.927190642267746,0.483,0.132,0,"14","STX10"
"14.LRRC25",0,2.32940379787402,0.413,0.062,0,"14","LRRC25"
"14.IFNAR1",0,0.97818331769308,0.483,0.132,0,"14","IFNAR1"
"14.BCL2A1",0,0.63767319204942,0.531,0.181,0,"14","BCL2A1"
"14.MRPL20",0,0.513038433463407,0.615,0.265,0,"14","MRPL20"
"14.MRPL55",0,0.823521406143946,0.486,0.136,0,"14","MRPL55"
"14.IMPDH2",0,0.711774469380348,0.493,0.143,0,"14","IMPDH2"
"14.EIF4G1",0,0.882997745994496,0.476,0.126,0,"14","EIF4G1"
"14.ITPR2",0,1.21665975670514,0.472,0.122,0,"14","ITPR2"
"14.TROAP",0,4.04562989309002,0.361,0.011,0,"14","TROAP"
"14.MEF2A",0,1.1310250589076,0.469,0.119,0,"14","MEF2A"
"14.SLC25A11",0,1.17471067130677,0.49,0.14,0,"14","SLC25A11"
"14.CALU",0,1.28130205990208,0.458,0.109,0,"14","CALU"
"14.NAGK",0,1.25648350339842,0.497,0.148,0,"14","NAGK"
"14.CCNB1",0,3.78271897486225,0.368,0.019,0,"14","CCNB1"
"14.GTF2H5",0,0.710366590609661,0.5,0.151,0,"14","GTF2H5"
"14.GUSB",0,1.33073584804239,0.483,0.134,0,"14","GUSB"
"14.NDUFS3",0,0.832980382759347,0.51,0.161,0,"14","NDUFS3"
"14.HK1",0,1.16240087296459,0.444,0.095,0,"14","HK1"
"14.NDUFV3",0,1.25118117588466,0.448,0.099,0,"14","NDUFV3"
"14.SDC3",0,2.59285278559064,0.399,0.051,0,"14","SDC3"
"14.FAAP20",0,0.616296808617212,0.566,0.218,0,"14","FAAP20"
"14.UBE2T",0,2.52368870528462,0.378,0.03,0,"14","UBE2T"
"14.TMEM70",0,0.7662627078745,0.51,0.162,0,"14","TMEM70"
"14.TMX1",0,0.702401903082493,0.507,0.159,0,"14","TMX1"
"14.NUDT21",0,0.630156971556976,0.517,0.169,0,"14","NUDT21"
"14.CYBA",0,0.968082792105323,0.948,0.6,0,"14","CYBA"
"14.PSMD11",0,0.644414407483013,0.51,0.162,0,"14","PSMD11"
"14.RNF13",0,0.546814703859695,0.528,0.181,0,"14","RNF13"
"14.DAP",0,1.03271326005228,0.462,0.115,0,"14","DAP"
"14.FAM120A",0,0.968321642239198,0.462,0.115,0,"14","FAM120A"
"14.CMTM3",0,0.676052117599787,0.524,0.177,0,"14","CMTM3"
"14.CYB5R3",0,0.585894277294936,0.528,0.181,0,"14","CYB5R3"
"14.SZRD1",0,0.84562796494438,0.503,0.156,0,"14","SZRD1"
"14.POP7",0,1.42016664192954,0.427,0.08,0,"14","POP7"
"14.REEP4",0,1.87853248921007,0.42,0.073,0,"14","REEP4"
"14.TNFAIP2",0,1.54734192179434,0.427,0.08,0,"14","TNFAIP2"
"14.PVRL2",0,2.09769221407817,0.413,0.066,0,"14","PVRL2"
"14.BID",0,1.22164675736051,0.486,0.139,0,"14","BID"
"14.ZCCHC17",0,0.8318055538419,0.448,0.102,0,"14","ZCCHC17"
"14.RPL39L",0,1.87767318669862,0.396,0.05,0,"14","RPL39L"
"14.IKBIP",0,1.32094832856967,0.451,0.105,0,"14","IKBIP"
"14.FGD5-AS1",0,1.2010993457975,0.438,0.092,0,"14","FGD5-AS1"
"14.RFC1",0,0.555586006621988,0.486,0.14,0,"14","RFC1"
"14.LTBR",0,1.96793382196756,0.42,0.074,0,"14","LTBR"
"14.MDH1",0,1.00260774981829,0.559,0.214,0,"14","MDH1"
"14.TWF2",0,0.556017446257912,0.559,0.214,0,"14","TWF2"
"14.HADH",0,1.94934713652595,0.406,0.061,0,"14","HADH"
"14.SLC31A1",0,2.2937306496473,0.406,0.061,0,"14","SLC31A1"
"14.MAD2L2",0,0.957526815778719,0.469,0.124,0,"14","MAD2L2"
"14.ADI1",0,0.877875499696869,0.486,0.141,0,"14","ADI1"
"14.PARL",0,0.954404137749941,0.483,0.138,0,"14","PARL"
"14.DCK",0,0.685650598663579,0.486,0.141,0,"14","DCK"
"14.HAVCR2",0,0.864198181418462,0.476,0.131,0,"14","HAVCR2"
"14.CLTB",0,0.585461840105503,0.58,0.235,0,"14","CLTB"
"14.STOML2",0,0.717639720309965,0.507,0.162,0,"14","STOML2"
"14.SMARCB1",0,0.629832342084372,0.51,0.165,0,"14","SMARCB1"
"14.RCC2",0,1.81985709553125,0.406,0.062,0,"14","RCC2"
"14.THEMIS2",0,1.2400181861874,0.465,0.121,0,"14","THEMIS2"
"14.IL1RN",0,1.98265806783683,0.403,0.059,0,"14","IL1RN"
"14.RRM1",0,1.76570733969893,0.406,0.062,0,"14","RRM1"
"14.THBD",0,2.14443030977669,0.403,0.059,0,"14","THBD"
"14.S100A10",0,0.928130446571001,0.938,0.594,0,"14","S100A10"
"14.IER5",0,0.985407355764747,0.507,0.163,0,"14","IER5"
"14.RNPEP",0,1.60151705583154,0.438,0.094,0,"14","RNPEP"
"14.ARF3",0,1.57120231411404,0.434,0.09,0,"14","ARF3"
"14.EXOSC8",0,1.64920547246626,0.444,0.1,0,"14","EXOSC8"
"14.ADPGK",0,1.02352840435504,0.472,0.128,0,"14","ADPGK"
"14.TCEB2",0,0.509531223629145,0.826,0.482,0,"14","TCEB2"
"14.KIF22",0,1.23065264068196,0.417,0.073,0,"14","KIF22"
"14.POLR2I",0,0.764831332248617,0.5,0.156,0,"14","POLR2I"
"14.AGGF1",0,1.04575272597488,0.451,0.108,0,"14","AGGF1"
"14.STUB1",0,0.707822194302014,0.521,0.178,0,"14","STUB1"
"14.TUFM",0,0.503229866668597,0.639,0.296,0,"14","TUFM"
"14.MCFD2",0,1.61640319765319,0.427,0.084,0,"14","MCFD2"
"14.IL1B",0,1.40883507034221,0.431,0.088,0,"14","IL1B"
"14.CENPE",0,2.95575917288501,0.365,0.022,0,"14","CENPE"
"14.GNAQ",0,1.41216637453355,0.427,0.084,0,"14","GNAQ"
"14.SH2B3",0,1.90425507082794,0.413,0.07,0,"14","SH2B3"
"14.PLEKHJ1",0,0.733096324528364,0.493,0.15,0,"14","PLEKHJ1"
"14.SEPW1",0,0.518768424188391,0.726,0.383,0,"14","SEPW1"
"14.ALDOA",0,0.852057786548858,0.931,0.589,0,"14","ALDOA"
"14.RBBP4",0,0.915572124374831,0.514,0.172,0,"14","RBBP4"
"14.GRHPR",0,0.943490671031608,0.451,0.109,0,"14","GRHPR"
"14.DDT",0,0.728280939848443,0.538,0.196,0,"14","DDT"
"14.TMEM60",0,1.427601853814,0.427,0.085,0,"14","TMEM60"
"14.UNC93B1",0,1.84820271821921,0.42,0.078,0,"14","UNC93B1"
"14.EEA1",0,1.41078042387641,0.434,0.092,0,"14","EEA1"
"14.NTAN1",0,1.47706726459677,0.438,0.096,0,"14","NTAN1"
"14.CRELD2",0,0.640277685340527,0.5,0.158,0,"14","CRELD2"
"14.TNFSF13",0,2.43635895013182,0.406,0.065,0,"14","TNFSF13"
"14.EMILIN2",0,1.97985056971681,0.403,0.062,0,"14","EMILIN2"
"14.LYPLA1",0,0.568775356576695,0.51,0.169,0,"14","LYPLA1"
"14.PSMA7",0,0.668270752063925,0.878,0.537,0,"14","PSMA7"
"14.MAPKAPK3",0,1.09518455276772,0.455,0.115,0,"14","MAPKAPK3"
"14.ACADVL",0,0.868162195873637,0.531,0.191,0,"14","ACADVL"
"14.CECR5",0,2.14937716541057,0.396,0.056,0,"14","CECR5"
"14.CCR1",0,1.73503618843625,0.41,0.07,0,"14","CCR1"
"14.SYNCRIP",0,0.931710584066631,0.493,0.153,0,"14","SYNCRIP"
"14.ANLN",0,4.87895323409637,0.347,0.007,0,"14","ANLN"
"14.LYSMD2",0,0.887040612967865,0.5,0.16,0,"14","LYSMD2"
"14.GBP1",0,0.806724854781853,0.514,0.175,0,"14","GBP1"
"14.MANF",0,0.802121456068914,0.514,0.175,0,"14","MANF"
"14.SDSL",0,2.64939143402952,0.385,0.046,0,"14","SDSL"
"14.MMD",0,2.16787298164045,0.392,0.053,0,"14","MMD"
"14.CTNNBIP1",0,1.57605359811414,0.42,0.081,0,"14","CTNNBIP1"
"14.CDCA8",0,3.28531271626535,0.354,0.015,0,"14","CDCA8"
"14.TMEM126A",0,0.700990827026766,0.472,0.133,0,"14","TMEM126A"
"14.TM9SF2",0,0.964583869425004,0.483,0.144,0,"14","TM9SF2"
"14.TRAPPC3",0,0.750258593597045,0.51,0.172,0,"14","TRAPPC3"
"14.LAMP2",0,1.35003270716527,0.465,0.127,0,"14","LAMP2"
"14.PLEC",0,0.944903652216487,0.451,0.113,0,"14","PLEC"
"14.BCKDK",0,1.41042799005165,0.441,0.103,0,"14","BCKDK"
"14.KHSRP",0,1.89991255300393,0.396,0.058,0,"14","KHSRP"
"14.EIF4E2",0,0.520472948022685,0.5,0.162,0,"14","EIF4E2"
"14.NUDCD2",0,0.936573189910791,0.469,0.131,0,"14","NUDCD2"
"14.TCEAL4",0,1.36863793261523,0.431,0.093,0,"14","TCEAL4"
"14.GINS2",0,3.25180304511888,0.358,0.02,0,"14","GINS2"
"14.EMP3",0,0.620372005126545,0.823,0.485,0,"14","EMP3"
"14.FBXL5",0,0.934357867660338,0.448,0.111,0,"14","FBXL5"
"14.YBX1",0,1.50626914309295,0.969,0.632,0,"14","YBX1"
"14.ATP6V1A",0,1.30815191780434,0.424,0.087,0,"14","ATP6V1A"
"14.CXCL10",0,2.37970075841587,0.41,0.073,0,"14","CXCL10"
"14.MPC1",0,0.512249177828361,0.507,0.17,0,"14","MPC1"
"14.CBX5",0,1.30884557322532,0.417,0.08,0,"14","CBX5"
"14.PDXK",0,1.74212069910142,0.424,0.087,0,"14","PDXK"
"14.IFI27L2",0,0.576805660910585,0.545,0.209,0,"14","IFI27L2"
"14.XRN2",0,0.623427881578308,0.542,0.206,0,"14","XRN2"
"14.TMEM30A",0,0.935774373929363,0.448,0.112,0,"14","TMEM30A"
"14.CTNND1",0,2.37007491791344,0.389,0.053,0,"14","CTNND1"
"14.FOLR2",0,2.3122564813953,0.396,0.06,0,"14","FOLR2"
"14.GHITM",0,0.724700177846661,0.635,0.299,0,"14","GHITM"
"14.PLIN3",0,1.50140162108243,0.444,0.108,0,"14","PLIN3"
"14.SLC25A24",0,1.35753151385793,0.42,0.084,0,"14","SLC25A24"
"14.PMVK",0,0.708830958543419,0.479,0.143,0,"14","PMVK"
"14.TOR3A",0,0.805141184224047,0.472,0.136,0,"14","TOR3A"
"14.RAB20",0,1.53631179711419,0.42,0.084,0,"14","RAB20"
"14.FNDC3B",0,1.14764517520838,0.458,0.123,0,"14","FNDC3B"
"14.WHSC1",0,2.22321641072546,0.375,0.04,0,"14","WHSC1"
"14.RHOBTB3",0,2.7598217601151,0.375,0.04,0,"14","RHOBTB3"
"14.UBE2E2",0,1.76732438064707,0.41,0.075,0,"14","UBE2E2"
"14.POLR2J",0,0.842203584681884,0.483,0.148,0,"14","POLR2J"
"14.VASP",0,0.587344718001858,0.573,0.238,0,"14","VASP"
"14.NMI",0,0.983501780478897,0.462,0.128,0,"14","NMI"
"14.GLIPR2",0,0.562373141436314,0.528,0.194,0,"14","GLIPR2"
"14.GLRX3",0,1.16528949255424,0.458,0.124,0,"14","GLRX3"
"14.KIAA0930",0,2.18495999524816,0.392,0.058,0,"14","KIAA0930"
"14.SPC25",0,4.27498521698711,0.344,0.01,0,"14","SPC25"
"14.GNPDA1",0,1.59034927964017,0.42,0.086,0,"14","GNPDA1"
"14.ZNF511",0,0.977793103121199,0.427,0.093,0,"14","ZNF511"
"14.ADAM15",0,2.07571843717917,0.385,0.052,0,"14","ADAM15"
"14.RAD23B",0,1.30053372946644,0.444,0.111,0,"14","RAD23B"
"14.ITGAM",0,1.96463336998274,0.392,0.059,0,"14","ITGAM"
"14.PTPN18",0,1.44002614848404,0.424,0.091,0,"14","PTPN18"
"14.ARPC4",0,0.66610561361219,0.472,0.139,0,"14","ARPC4"
"14.APIP",0,1.34983620268625,0.434,0.101,0,"14","APIP"
"14.FAM195B",0,0.784529899870186,0.479,0.146,0,"14","FAM195B"
"14.COX6B1",0,0.563825793090256,0.861,0.528,0,"14","COX6B1"
"14.USF2",0,0.849933322600977,0.451,0.119,0,"14","USF2"
"14.SLC25A1",0,1.1269033478773,0.434,0.102,0,"14","SLC25A1"
"14.NCAPG",0,3.58315867859596,0.344,0.012,0,"14","NCAPG"
"14.LDHA",0,0.652062503675609,0.892,0.56,0,"14","LDHA"
"14.C11orf73",0,0.548559735155931,0.503,0.171,0,"14","C11orf73"
"14.HELLS",0,2.44601584074338,0.365,0.033,0,"14","HELLS"
"14.CHD4",0,0.605528245405886,0.472,0.14,0,"14","CHD4"
"14.AKR7A2",0,1.0603631487732,0.462,0.131,0,"14","AKR7A2"
"14.TNS3",0,1.93582912941305,0.396,0.065,0,"14","TNS3"
"14.PRPS2",0,1.51525366957691,0.403,0.072,0,"14","PRPS2"
"14.CCDC47",0,0.963674143178234,0.448,0.117,0,"14","CCDC47"
"14.NUDT16",0,1.31318154755538,0.413,0.082,0,"14","NUDT16"
"14.DNAJB11",0,0.798142104876984,0.497,0.166,0,"14","DNAJB11"
"14.SMC3",0,0.646124828377778,0.476,0.145,0,"14","SMC3"
"14.OSTC",0,0.526956215943172,0.615,0.285,0,"14","OSTC"
"14.HACD4",0,0.938511463109383,0.448,0.118,0,"14","HACD4"
"14.CLN6",0,2.00809872946059,0.396,0.066,0,"14","CLN6"
"14.PLXNB2",0,2.30818056471893,0.385,0.055,0,"14","PLXNB2"
"14.PDZD11",0,1.18407261165878,0.42,0.09,0,"14","PDZD11"
"14.CCDC25",0,0.837811117040937,0.427,0.097,0,"14","CCDC25"
"14.COA4",0,0.737039135678173,0.469,0.139,0,"14","COA4"
"14.ST14",0,2.94809502818962,0.365,0.035,0,"14","ST14"
"14.ISOC2",0,1.47346009963274,0.427,0.097,0,"14","ISOC2"
"14.NDUFA4",0,0.615886039421373,0.903,0.574,0,"14","NDUFA4"
"14.LRRC58",0,1.29865629194342,0.399,0.07,0,"14","LRRC58"
"14.TEX30",0,1.64666926819635,0.382,0.053,0,"14","TEX30"
"14.PYGL",0,2.75289114993096,0.368,0.039,0,"14","PYGL"
"14.ACSL1",0,1.46136487246415,0.413,0.084,0,"14","ACSL1"
"14.RACGAP1",0,3.26364629724888,0.351,0.022,0,"14","RACGAP1"
"14.GPN3",0,1.85299722256048,0.396,0.068,0,"14","GPN3"
"14.NIPA2",0,0.885232001198974,0.448,0.12,0,"14","NIPA2"
"14.SPHK1",0,2.48161683845065,0.372,0.044,0,"14","SPHK1"
"14.ATP5B",0,0.538986593676176,0.715,0.387,0,"14","ATP5B"
"14.CHD9",0,0.66498276009303,0.486,0.158,0,"14","CHD9"
"14.TRAPPC2L",0,0.679145354885693,0.483,0.155,0,"14","TRAPPC2L"
"14.PAICS",0,2.09261945044433,0.378,0.051,0,"14","PAICS"
"14.PSMC2",0,1.19620869672957,0.455,0.128,0,"14","PSMC2"
"14.PRDX1",0,0.951077012419316,0.861,0.534,0,"14","PRDX1"
"14.MPV17",0,1.2820094838161,0.444,0.118,0,"14","MPV17"
"14.BARD1",0,1.87209553500373,0.375,0.049,0,"14","BARD1"
"14.SGOL1",0,3.73516250573029,0.34,0.014,0,"14","SGOL1"
"14.TOPBP1",0,1.82946012929675,0.382,0.056,0,"14","TOPBP1"
"14.C6orf1",0,0.634258862456011,0.462,0.136,0,"14","C6orf1"
"14.YWHAG",0,1.12207935771738,0.431,0.105,0,"14","YWHAG"
"14.CAPRIN1",0,1.14181890164083,0.444,0.118,0,"14","CAPRIN1"
"14.CKAP2",0,1.58690641387774,0.396,0.07,0,"14","CKAP2"
"14.MRPS7",0,0.50371894447102,0.5,0.174,0,"14","MRPS7"
"14.YIF1A",0,0.59472547618447,0.497,0.171,0,"14","YIF1A"
"14.PTAFR",0,2.10396203870239,0.392,0.067,0,"14","PTAFR"
"14.CKAP2L",0,3.80746914457769,0.337,0.012,0,"14","CKAP2L"
"14.POLE3",0,0.829242951651044,0.438,0.113,0,"14","POLE3"
"14.STARD7",0,0.50392467137918,0.479,0.154,0,"14","STARD7"
"14.SLC31A2",0,1.5999666591056,0.413,0.088,0,"14","SLC31A2"
"14.GINM1",0,1.00119649124493,0.427,0.103,0,"14","GINM1"
"14.AP2A2",0,1.74431099059872,0.403,0.079,0,"14","AP2A2"
"14.PICALM",0,1.1303501126229,0.431,0.107,0,"14","PICALM"
"14.OLR1",0,1.67560095694829,0.399,0.075,0,"14","OLR1"
"14.C19orf48",0,1.91424030686039,0.375,0.051,0,"14","C19orf48"
"14.PPA1",0,0.566970151931609,0.594,0.27,0,"14","PPA1"
"14.MTX1",0,1.53722626386615,0.406,0.083,0,"14","MTX1"
"14.MRPL36",0,0.737763359116384,0.444,0.121,0,"14","MRPL36"
"14.GPS1",0,0.90564722572493,0.444,0.121,0,"14","GPS1"
"14.FAM136A",0,1.11323545071278,0.431,0.109,0,"14","FAM136A"
"14.RFC2",0,1.8332091879538,0.378,0.056,0,"14","RFC2"
"14.MRPL13",0,0.964343840565187,0.444,0.122,0,"14","MRPL13"
"14.PSMB7",0,0.595624991786978,0.514,0.192,0,"14","PSMB7"
"14.P4HA1",0,0.741566155409083,0.431,0.109,0,"14","P4HA1"
"14.SUPT16H",0,0.87891807942283,0.424,0.102,0,"14","SUPT16H"
"14.CASC5",0,3.40036480593473,0.337,0.015,0,"14","CASC5"
"14.LACTB",0,1.97642165602555,0.399,0.077,0,"14","LACTB"
"14.HIRIP3",0,1.70251717769718,0.365,0.043,0,"14","HIRIP3"
"14.ETFB",0,1.11707304154828,0.444,0.122,0,"14","ETFB"
"14.VOPP1",0,0.54072378620147,0.545,0.224,0,"14","VOPP1"
"14.ACSL3",0,0.825676209539176,0.427,0.106,0,"14","ACSL3"
"14.CBFB",0,0.914029468374194,0.406,0.085,0,"14","CBFB"
"14.TMEM208",0,0.668660845880676,0.51,0.189,0,"14","TMEM208"
"14.ACTN4",0,0.551976220485698,0.493,0.172,0,"14","ACTN4"
"14.FPR1",0,2.11911620105522,0.382,0.061,0,"14","FPR1"
"14.DAZAP1",0,1.02839966470069,0.413,0.092,0,"14","DAZAP1"
"14.IL17RA",0,1.1101768575849,0.413,0.092,0,"14","IL17RA"
"14.RAN",0,0.726743259875198,0.896,0.576,0,"14","RAN"
"14.TPMT",0,1.4597896838616,0.399,0.079,0,"14","TPMT"
"14.AKIP1",0,1.61413518213123,0.396,0.076,0,"14","AKIP1"
"14.ANO6",0,1.3676661634527,0.392,0.072,0,"14","ANO6"
"14.GAS6",0,2.24710549082483,0.385,0.065,0,"14","GAS6"
"14.PILRA",0,1.15300321071814,0.41,0.09,0,"14","PILRA"
"14.IGFBP4",0,1.43196188078247,0.413,0.093,0,"14","IGFBP4"
"14.IL10RB",0,1.05524489894988,0.42,0.1,0,"14","IL10RB"
"14.PDCD10",0,0.505812534174541,0.497,0.178,0,"14","PDCD10"
"14.BCAP31",0,0.580170520910495,0.618,0.299,0,"14","BCAP31"
"14.CCDC167",0,0.6987857680072,0.472,0.153,0,"14","CCDC167"
"14.ESD",0,0.779519621931656,0.483,0.164,0,"14","ESD"
"14.KIFC1",0,3.32308914495014,0.333,0.015,0,"14","KIFC1"
"14.CARD19",0,0.974457025475017,0.42,0.102,0,"14","CARD19"
"14.ADAM10",0,0.626274180678361,0.451,0.133,0,"14","ADAM10"
"14.CDT1",0,3.75639789697013,0.333,0.015,0,"14","CDT1"
"14.CFD",0,0.845065029142988,0.434,0.116,0,"14","CFD"
"14.LMF2",0,0.723761665480578,0.444,0.126,0,"14","LMF2"
"14.TMBIM6",0,0.649275545571447,0.868,0.55,0,"14","TMBIM6"
"14.ALDH2",0,1.58207121313676,0.41,0.092,0,"14","ALDH2"
"14.SDCCAG8",0,1.3122785889198,0.42,0.103,0,"14","SDCCAG8"
"14.SEPP1",0,1.59932831469876,0.399,0.082,0,"14","SEPP1"
"14.TMEM126B",0,0.614098967746249,0.434,0.117,0,"14","TMEM126B"
"14.OS9",0,0.636959943048512,0.497,0.18,0,"14","OS9"
"14.GGA2",0,0.761827119269805,0.424,0.107,0,"14","GGA2"
"14.MAZ",0,0.834787516685573,0.427,0.11,0,"14","MAZ"
"14.GNA15",0,0.932205135292637,0.424,0.107,0,"14","GNA15"
"14.TIMM17A",0,0.618904740644446,0.479,0.162,0,"14","TIMM17A"
"14.PSMD4",0,0.712268506109262,0.51,0.194,0,"14","PSMD4"
"14.SLC1A3",0,1.89579952597523,0.372,0.056,0,"14","SLC1A3"
"14.NELFE",0,0.76126562654405,0.455,0.139,0,"14","NELFE"
"14.PLGRKT",0,1.01616197331729,0.431,0.115,0,"14","PLGRKT"
"14.CPM",0,1.1707679183668,0.399,0.083,0,"14","CPM"
"14.MT-ND6",0,0.60712763252691,0.615,0.299,0,"14","MT-ND6"
"14.COMMD1",0,0.669186802331338,0.479,0.163,0,"14","COMMD1"
"14.BRCA2",0,2.51389011502316,0.351,0.035,0,"14","BRCA2"
"14.APP",0,1.34189328700124,0.403,0.088,0,"14","APP"
"14.PIGT",0,0.919544236124948,0.455,0.14,0,"14","PIGT"
"14.MAN2B1",0,1.0277357487994,0.434,0.119,0,"14","MAN2B1"
"14.NUP62",0,1.38230776199277,0.399,0.084,0,"14","NUP62"
"14.LPAR6",0,1.31411948114984,0.406,0.092,0,"14","LPAR6"
"14.HSPA6",0,0.657624190894806,0.42,0.106,0,"14","HSPA6"
"14.GMPS",0,1.1699447208896,0.396,0.082,0,"14","GMPS"
"14.ETF1",0,0.507538417351811,0.49,0.176,0,"14","ETF1"
"14.GLO1",0,0.900326685632268,0.424,0.11,0,"14","GLO1"
"14.BCAP29",0,1.09778750557658,0.417,0.103,0,"14","BCAP29"
"14.PSMD14",0,0.983576598562788,0.455,0.142,0,"14","PSMD14"
"14.MALSU1",0,0.919510584182378,0.406,0.093,0,"14","MALSU1"
"14.PAFAH1B3",0,0.910920149530254,0.399,0.086,0,"14","PAFAH1B3"
"14.LHFPL2",0,2.46276633012766,0.368,0.055,0,"14","LHFPL2"
"14.GBAS",0,1.32313749945437,0.42,0.107,0,"14","GBAS"
"14.TFDP1",0,1.75483798436493,0.361,0.048,0,"14","TFDP1"
"14.KLHDC3",0,1.14890075130905,0.41,0.097,0,"14","KLHDC3"
"14.SOAT1",0,1.16484591850222,0.403,0.091,0,"14","SOAT1"
"14.PLOD1",0,2.40388064010947,0.358,0.046,0,"14","PLOD1"
"14.SVBP",0,0.688087856673673,0.424,0.112,0,"14","SVBP"
"14.ELOVL1",0,0.905101467742066,0.441,0.129,0,"14","ELOVL1"
"14.ZNF385A",0,1.63557518875625,0.385,0.073,0,"14","ZNF385A"
"14.PPIB",0,0.756673556382337,0.868,0.556,0,"14","PPIB"
"14.UCHL3",0,1.53734985748648,0.399,0.088,0,"14","UCHL3"
"14.LBR",0,0.67271406383861,0.438,0.127,0,"14","LBR"
"14.SCCPDH",0,1.74355494551627,0.382,0.071,0,"14","SCCPDH"
"14.CD302",0,2.25866379914572,0.365,0.054,0,"14","CD302"
"14.RFC4",0,2.14194417289338,0.347,0.036,0,"14","RFC4"
"14.PSMG3",0,1.52397186366801,0.375,0.064,0,"14","PSMG3"
"14.TM7SF3",0,1.12384471229322,0.396,0.085,0,"14","TM7SF3"
"14.AURKB",0,3.75470464509373,0.323,0.012,0,"14","AURKB"
"14.PIH1D1",0,0.526786559547709,0.448,0.137,0,"14","PIH1D1"
"14.AP1S1",0,1.39163714865498,0.399,0.089,0,"14","AP1S1"
"14.C3AR1",0,1.73757379033438,0.396,0.086,0,"14","C3AR1"
"14.PABPC4",0,0.604442426650621,0.483,0.173,0,"14","PABPC4"
"14.PRADC1",0,2.09499441390436,0.365,0.055,0,"14","PRADC1"
"14.IMMT",0,0.682116303406908,0.42,0.11,0,"14","IMMT"
"14.NIFK",0,0.927392088464609,0.431,0.121,0,"14","NIFK"
"14.ARHGAP10",0,1.87994199433668,0.368,0.058,0,"14","ARHGAP10"
"14.DDAH2",0,0.720142647879085,0.438,0.128,0,"14","DDAH2"
"14.LIG1",0,2.03728874876083,0.351,0.041,0,"14","LIG1"
"14.PSMC1",0,0.837902471464106,0.472,0.162,0,"14","PSMC1"
"14.NTMT1",0,0.641170346281603,0.427,0.118,0,"14","NTMT1"
"14.FAM111B",0,4.2036828051033,0.319,0.01,0,"14","FAM111B"
"14.HACD3",0,1.41677823537883,0.382,0.073,0,"14","HACD3"
"14.PLA2G15",0,2.15552653825197,0.358,0.049,0,"14","PLA2G15"
"14.PARVG",0,0.520288800394404,0.451,0.143,0,"14","PARVG"
"14.UBE2E3",0,0.997202982636517,0.438,0.13,0,"14","UBE2E3"
"14.PRKCD",0,1.67556721859409,0.382,0.074,0,"14","PRKCD"
"14.CKAP5",0,2.04603041207123,0.358,0.05,0,"14","CKAP5"
"14.PNKD",0,0.622472739816207,0.458,0.151,0,"14","PNKD"
"14.CLIC4",0,1.85937971310426,0.378,0.071,0,"14","CLIC4"
"14.CEP57",0,0.505416135217011,0.444,0.137,0,"14","CEP57"
"14.SUZ12",0,1.21456623564839,0.389,0.082,0,"14","SUZ12"
"14.TCF4",0,0.705778967025132,0.413,0.106,0,"14","TCF4"
"14.ARPC3",0,0.871873506960589,0.948,0.641,0,"14","ARPC3"
"14.CXCL2",0,1.37809027490501,0.399,0.093,0,"14","CXCL2"
"14.SNCA",0,3.34499122264919,0.337,0.031,0,"14","SNCA"
"14.PHACTR1",0,1.18439838998354,0.399,0.093,0,"14","PHACTR1"
"14.SFT2D2",0,0.984850498302965,0.41,0.104,0,"14","SFT2D2"
"14.DAPK1",0,2.06550019345643,0.361,0.055,0,"14","DAPK1"
"14.OSGEP",0,0.736881633931599,0.413,0.107,0,"14","OSGEP"
"14.AKT1",0,1.65003237852518,0.365,0.059,0,"14","AKT1"
"14.PGP",0,1.78593150628435,0.368,0.062,0,"14","PGP"
"14.FAM192A",0,1.02024463464283,0.42,0.114,0,"14","FAM192A"
"14.NDC80",0,2.23725606076383,0.333,0.027,0,"14","NDC80"
"14.MRPL4",0,0.642149669729673,0.451,0.146,0,"14","MRPL4"
"14.CSF3R",0,1.91623245137263,0.365,0.06,0,"14","CSF3R"
"14.QSOX1",0,1.22479857407128,0.382,0.077,0,"14","QSOX1"
"14.TCEAL3",0,1.494395890461,0.368,0.063,0,"14","TCEAL3"
"14.SWAP70",0,1.21134144517575,0.389,0.084,0,"14","SWAP70"
"14.RNF141",0,1.72907494107207,0.372,0.067,0,"14","RNF141"
"14.PLXNC1",0,1.9752828994317,0.361,0.056,0,"14","PLXNC1"
"14.DNAJC7",0,0.565301017034035,0.486,0.181,0,"14","DNAJC7"
"14.DHX15",0,0.748106281703102,0.396,0.092,0,"14","DHX15"
"14.CDKN2C",0,2.03756397806649,0.347,0.043,0,"14","CDKN2C"
"14.PTDSS1",0,0.530675429398419,0.434,0.13,0,"14","PTDSS1"
"14.ANAPC15",0,1.10269439893671,0.41,0.106,0,"14","ANAPC15"
"14.KIF11",0,3.81334946660875,0.316,0.012,0,"14","KIF11"
"14.CUEDC2",0,0.632854464463622,0.434,0.13,0,"14","CUEDC2"
"14.DYNC1H1",0,0.501158405754231,0.493,0.189,0,"14","DYNC1H1"
"14.POLDIP2",0,1.04411583773735,0.41,0.106,0,"14","POLDIP2"
"14.CBX1",0,1.21852687666429,0.375,0.071,0,"14","CBX1"
"14.MYO9B",0,0.94053422826934,0.417,0.113,0,"14","MYO9B"
"14.PEPD",0,0.836342860324964,0.427,0.123,0,"14","PEPD"
"14.SNAP29",0,1.25573777277791,0.41,0.106,0,"14","SNAP29"
"14.PSMD2",0,0.60755960234863,0.458,0.155,0,"14","PSMD2"
"14.SEC13",0,0.800214584159064,0.483,0.18,0,"14","SEC13"
"14.TMEM261",0,1.07790068596492,0.41,0.107,0,"14","TMEM261"
"14.ERCC1",0,0.764082682436218,0.431,0.128,0,"14","ERCC1"
"14.MIF",0,0.679661602692492,0.861,0.558,0,"14","MIF"
"14.MRPS35",0,0.848244843644199,0.403,0.101,0,"14","MRPS35"
"14.MAP7D1",0,0.839897705026263,0.413,0.111,0,"14","MAP7D1"
"14.SF3A3",0,0.920079401280818,0.413,0.111,0,"14","SF3A3"
"14.PARP9",0,0.713980449675027,0.431,0.129,0,"14","PARP9"
"14.ERP44",0,0.634063097797943,0.479,0.177,0,"14","ERP44"
"14.RSU1",0,0.681249259074116,0.441,0.139,0,"14","RSU1"
"14.EHD4",0,0.825678966687879,0.417,0.115,0,"14","EHD4"
"14.BLOC1S6",0,0.819160869653778,0.427,0.125,0,"14","BLOC1S6"
"14.PPA2",0,1.299070024241,0.392,0.091,0,"14","PPA2"
"14.LARP7",0,0.546668328038128,0.448,0.147,0,"14","LARP7"
"14.MCM6",0,2.0459146050564,0.347,0.046,0,"14","MCM6"
"14.C2",0,2.35276808607399,0.347,0.046,0,"14","C2"
"14.PPP2R4",0,1.29111900827272,0.378,0.077,0,"14","PPP2R4"
"14.CCDC34",0,2.61486444601802,0.326,0.025,0,"14","CCDC34"
"14.P2RY6",0,2.04252380596796,0.358,0.057,0,"14","P2RY6"
"14.DEF8",0,1.79598056762146,0.372,0.071,0,"14","DEF8"
"14.ATAD5",0,2.8116137169179,0.323,0.022,0,"14","ATAD5"
"14.SPATS2L",0,0.845879905337211,0.403,0.103,0,"14","SPATS2L"
"14.DPM2",0,0.861298157200313,0.406,0.106,0,"14","DPM2"
"14.COA1",0,0.583236159317486,0.434,0.134,0,"14","COA1"
"14.UBE2V2",0,0.545629133485643,0.438,0.138,0,"14","UBE2V2"
"14.RAD51C",0,1.36333463492067,0.372,0.072,0,"14","RAD51C"
"14.MRPS26",0,0.62738960065711,0.41,0.11,0,"14","MRPS26"
"14.CD58",0,0.581220410781949,0.451,0.152,0,"14","CD58"
"14.PTPMT1",0,1.31945435550771,0.392,0.093,0,"14","PTPMT1"
"14.STAC3",0,2.65321701973953,0.34,0.041,0,"14","STAC3"
"14.PSMC4",0,0.616231791072681,0.462,0.163,0,"14","PSMC4"
"14.MBD4",0,0.522077800681409,0.431,0.132,0,"14","MBD4"
"14.FKBP15",0,1.25658667346301,0.372,0.073,0,"14","FKBP15"
"14.GALK1",0,1.4761624599292,0.378,0.079,0,"14","GALK1"
"14.EMC8",0,0.852774254852633,0.392,0.094,0,"14","EMC8"
"14.SAE1",0,1.29308328454181,0.385,0.087,0,"14","SAE1"
"14.NAAA",0,0.548566395800474,0.434,0.136,0,"14","NAAA"
"14.CLEC5A",0,3.23693137478933,0.326,0.028,0,"14","CLEC5A"
"14.PLK1",0,3.82459925700598,0.309,0.011,0,"14","PLK1"
"14.MAP2K1",0,0.805456212126595,0.403,0.106,0,"14","MAP2K1"
"14.RALBP1",0,1.06049874818572,0.392,0.095,0,"14","RALBP1"
"14.DGCR6L",0,0.566902102007806,0.462,0.165,0,"14","DGCR6L"
"14.NUP50",0,0.782758770649914,0.392,0.095,0,"14","NUP50"
"14.EIF2S1",0,0.746815455649295,0.42,0.123,0,"14","EIF2S1"
"14.EI24",0,1.26206313433473,0.385,0.089,0,"14","EI24"
"14.CNOT1",0,0.75185790775268,0.399,0.103,0,"14","CNOT1"
"14.CDC27",0,1.16567896956611,0.382,0.086,0,"14","CDC27"
"14.TRIM28",0,0.954520511733283,0.392,0.096,0,"14","TRIM28"
"14.SGOL2",0,2.68121669233057,0.319,0.023,0,"14","SGOL2"
"14.MPEG1",0,1.53815428435412,0.378,0.082,0,"14","MPEG1"
"14.ABHD2",0,1.50986356262633,0.372,0.076,0,"14","ABHD2"
"14.SAR1A",0,0.549129011421689,0.441,0.146,0,"14","SAR1A"
"14.NPM3",0,2.01648685978413,0.333,0.038,0,"14","NPM3"
"14.MRPS23",0,1.19908272743144,0.382,0.087,0,"14","MRPS23"
"14.METRNL",0,0.876802417371698,0.406,0.111,0,"14","METRNL"
"14.NARS",0,1.06640819420106,0.396,0.101,0,"14","NARS"
"14.CD40",0,1.21818717252727,0.385,0.09,0,"14","CD40"
"14.ASNA1",0,0.632156948710209,0.451,0.156,0,"14","ASNA1"
"14.FANCI",0,3.04440816462229,0.312,0.017,0,"14","FANCI"
"14.ATF5",0,0.585088913362793,0.42,0.125,0,"14","ATF5"
"14.LAPTM5",0,0.984353953304968,0.962,0.667,0,"14","LAPTM5"
"14.SNAPIN",0,1.08805824166329,0.396,0.102,0,"14","SNAPIN"
"14.ALG3",0,0.940866037170725,0.396,0.102,0,"14","ALG3"
"14.GAL3ST4",0,2.61796850456628,0.337,0.043,0,"14","GAL3ST4"
"14.CACNA2D4",0,2.24340050173177,0.333,0.039,0,"14","CACNA2D4"
"14.DEPDC1",0,5.42006031767927,0.299,0.005,0,"14","DEPDC1"
"14.POLD2",0,1.22990471580348,0.375,0.081,0,"14","POLD2"
"14.ASAP1",0,1.22071242176106,0.375,0.081,0,"14","ASAP1"
"14.CDIPT",0,0.654830771151432,0.424,0.13,0,"14","CDIPT"
"14.FAM198B",0,2.2123705666975,0.34,0.047,0,"14","FAM198B"
"14.NEAT1",0,0.852530492834467,0.865,0.572,0,"14","NEAT1"
"14.MRPS11",0,0.892013572720005,0.389,0.096,0,"14","MRPS11"
"14.TMEM107",0,1.038381573255,0.382,0.089,0,"14","TMEM107"
"14.YEATS4",0,1.33299514228995,0.351,0.058,0,"14","YEATS4"
"14.HAT1",0,1.2334452226842,0.382,0.09,0,"14","HAT1"
"14.VPS36",0,0.52902249158079,0.441,0.149,0,"14","VPS36"
"14.SNRPA1",0,0.682137926059462,0.434,0.142,0,"14","SNRPA1"
"14.AHCYL1",0,1.2927668204287,0.368,0.076,0,"14","AHCYL1"
"14.SHARPIN",0,0.53390523651543,0.427,0.135,0,"14","SHARPIN"
"14.MELK",0,3.95643172083673,0.302,0.01,0,"14","MELK"
"14.CDCA3",0,3.93492712430012,0.302,0.01,0,"14","CDCA3"
"14.RHOA",0,0.976573592230394,0.938,0.646,0,"14","RHOA"
"14.ICMT",0,1.86723000914753,0.34,0.049,0,"14","ICMT"
"14.MRPS25",0,0.811406777133422,0.403,0.112,0,"14","MRPS25"
"14.UBE2E1",0,0.569186488138659,0.406,0.115,0,"14","UBE2E1"
"14.PECAM1",0,1.0790152530033,0.399,0.108,0,"14","PECAM1"
"14.MKNK1",0,1.18563278860695,0.375,0.084,0,"14","MKNK1"
"14.MRPL3",0,0.813874842770312,0.424,0.133,0,"14","MRPL3"
"14.PCMT1",0,0.512931301701727,0.469,0.178,0,"14","PCMT1"
"14.TMEM51",0,2.42102405267473,0.337,0.047,0,"14","TMEM51"
"14.PBRM1",0,0.829967216814232,0.399,0.109,0,"14","PBRM1"
"14.CHCHD3",0,0.895679141053944,0.403,0.113,0,"14","CHCHD3"
"14.TBXAS1",0,1.2466735122054,0.378,0.088,0,"14","TBXAS1"
"14.TUBGCP2",0,0.840348984126064,0.403,0.113,0,"14","TUBGCP2"
"14.CMIP",0,0.805090629025361,0.378,0.088,0,"14","CMIP"
"14.UQCRHL",0,0.811942308014614,0.417,0.127,0,"14","UQCRHL"
"14.LEPROT",0,0.578280663346374,0.424,0.134,0,"14","LEPROT"
"14.RHNO1",0,0.89067604515473,0.361,0.071,0,"14","RHNO1"
"14.S100A6",0,1.10077316461556,0.962,0.672,0,"14","S100A6"
"14.MRPS18B",0,0.510589253284365,0.431,0.142,0,"14","MRPS18B"
"14.SND1",0,0.71832828486907,0.406,0.117,0,"14","SND1"
"14.CENPA",0,3.64715551480127,0.299,0.01,0,"14","CENPA"
"14.VBP1",0,0.568541344678701,0.424,0.135,0,"14","VBP1"
"14.PLEKHO2",0,1.45132237709374,0.354,0.065,0,"14","PLEKHO2"
"14.COA6",0,0.683048739898714,0.406,0.118,0,"14","COA6"
"14.CAPNS1",0,0.913921376223198,0.406,0.118,0,"14","CAPNS1"
"14.PTPN12",0,1.64481033268939,0.344,0.056,0,"14","PTPN12"
"14.ACER3",0,1.88453079211659,0.347,0.059,0,"14","ACER3"
"14.AP2A1",0,1.34416716925022,0.365,0.077,0,"14","AP2A1"
"14.GTF2I",0,0.57074903283326,0.438,0.151,0,"14","GTF2I"
"14.MFSD14B",0,2.00195019033615,0.333,0.046,0,"14","MFSD14B"
"14.SMIM19",0,0.548008128249591,0.427,0.14,0,"14","SMIM19"
"14.ACAT1",0,1.50210738104538,0.354,0.067,0,"14","ACAT1"
"14.VPS25",0,1.04395346011199,0.368,0.081,0,"14","VPS25"
"14.IFI35",0,0.521095559830291,0.472,0.185,0,"14","IFI35"
"14.SIGLEC1",0,2.05652211606458,0.344,0.057,0,"14","SIGLEC1"
"14.ZDHHC24",0,0.66348770378615,0.399,0.113,0,"14","ZDHHC24"
"14.PSMA3",0,0.7948757728745,0.514,0.228,0,"14","PSMA3"
"14.SQRDL",0,1.11058495546476,0.378,0.092,0,"14","SQRDL"
"14.USP14",0,0.608976113683459,0.406,0.12,0,"14","USP14"
"14.TMEM259",0,0.677958678520066,0.389,0.103,0,"14","TMEM259"
"14.MRPL15",0,1.53379318130656,0.361,0.075,0,"14","MRPL15"
"14.MMP19",0,1.85536527052676,0.347,0.061,0,"14","MMP19"
"14.TIPRL",0,0.580882091221692,0.427,0.142,0,"14","TIPRL"
"14.SGPL1",0,1.87403454361823,0.34,0.055,0,"14","SGPL1"
"14.EPS8",0,2.89670601878775,0.316,0.031,0,"14","EPS8"
"14.SLC35B1",0,0.659380506595334,0.396,0.111,0,"14","SLC35B1"
"14.CDC123",0,1.14089095833557,0.41,0.125,0,"14","CDC123"
"14.HAUS4",0,1.63637932918579,0.361,0.076,0,"14","HAUS4"
"14.TRNAU1AP",0,0.590969616002229,0.382,0.098,0,"14","TRNAU1AP"
"14.LARP1",0,0.967099094253639,0.375,0.091,0,"14","LARP1"
"14.NDUFA8",0,0.999918333266485,0.399,0.115,0,"14","NDUFA8"
"14.MMP9",0,2.27160611950498,0.337,0.053,0,"14","MMP9"
"14.DNM2",0,1.02904207483321,0.385,0.101,0,"14","DNM2"
"14.SMIM4",0,1.56589849282007,0.347,0.063,0,"14","SMIM4"
"14.DIAPH3",0,4.41021953271212,0.292,0.008,0,"14","DIAPH3"
"14.AURKA",0,2.7390044288522,0.306,0.022,0,"14","AURKA"
"14.OSM",0,2.26494114704568,0.351,0.067,0,"14","OSM"
"14.ANXA4",0,1.04185876557395,0.382,0.099,0,"14","ANXA4"
"14.TIMMDC1",0,0.646489204643913,0.392,0.109,0,"14","TIMMDC1"
"14.PAPSS1",0,1.07721741098722,0.378,0.095,0,"14","PAPSS1"
"14.G0S2",0,1.16691755494761,0.344,0.061,0,"14","G0S2"
"14.CXorf21",0,1.46928709439344,0.361,0.078,0,"14","CXorf21"
"14.NCAPD3",0,1.70931482368646,0.319,0.037,0,"14","NCAPD3"
"14.DICER1",0,0.618873974127384,0.378,0.096,0,"14","DICER1"
"14.AP1M1",0,0.66135013237168,0.392,0.11,0,"14","AP1M1"
"14.CISD1",0,1.07372589438085,0.365,0.083,0,"14","CISD1"
"14.COPS7A",0,1.13311467264559,0.358,0.076,0,"14","COPS7A"
"14.SLC43A2",0,1.4101374147608,0.358,0.076,0,"14","SLC43A2"
"14.ITM2B",0,0.645107819795259,0.938,0.656,0,"14","ITM2B"
"14.FMNL2",0,2.21856087556744,0.333,0.052,0,"14","FMNL2"
"14.RSRC1",0,0.563300146871072,0.399,0.118,0,"14","RSRC1"
"14.ADRBK1",0,0.59650026815868,0.406,0.125,0,"14","ADRBK1"
"14.PQLC1",0,2.25527806004726,0.323,0.042,0,"14","PQLC1"
"14.RUNX1",0,1.0459574857306,0.403,0.122,0,"14","RUNX1"
"14.ITGAV",0,1.30515464736702,0.354,0.073,0,"14","ITGAV"
"14.MRPL47",0,0.641307289129663,0.41,0.129,0,"14","MRPL47"
"14.ATP13A3",0,1.1475273364543,0.358,0.077,0,"14","ATP13A3"
"14.RBBP8",0,1.50344892744257,0.344,0.063,0,"14","RBBP8"
"14.SMIM20",0,1.00267698280074,0.389,0.109,0,"14","SMIM20"
"14.MRPL21",0,0.823016805689865,0.403,0.123,0,"14","MRPL21"
"14.ECHDC1",0,0.553062104597181,0.41,0.13,0,"14","ECHDC1"
"14.CCND1",0,1.9540020918627,0.344,0.064,0,"14","CCND1"
"14.TIMELESS",0,3.21058099418178,0.299,0.019,0,"14","TIMELESS"
"14.SCAMP3",0,0.5370885840844,0.403,0.124,0,"14","SCAMP3"
"14.CSF2RA",0,1.55582662110225,0.34,0.061,0,"14","CSF2RA"
"14.DHRSX",0,1.21851813566285,0.365,0.086,0,"14","DHRSX"
"14.BAD",0,0.714520143993197,0.385,0.106,0,"14","BAD"
"14.CTBP2",0,2.26868434012856,0.316,0.037,0,"14","CTBP2"
"14.MAGOHB",0,1.60624084004022,0.34,0.061,0,"14","MAGOHB"
"14.NUBP2",0,0.692513267239454,0.392,0.113,0,"14","NUBP2"
"14.HMG20B",0,0.791883307684634,0.392,0.113,0,"14","HMG20B"
"14.POP4",0,0.966777430420822,0.372,0.093,0,"14","POP4"
"14.RALB",0,1.13268709898427,0.358,0.079,0,"14","RALB"
"14.MRPL24",0,1.19381199384978,0.375,0.097,0,"14","MRPL24"
"14.FAM162A",0,0.553842701201174,0.458,0.18,0,"14","FAM162A"
"14.SLC15A3",0,1.94986780325382,0.337,0.059,0,"14","SLC15A3"
"14.ZNF106",0,0.516058403520858,0.396,0.118,0,"14","ZNF106"
"14.LZIC",0,0.705117011267652,0.358,0.08,0,"14","LZIC"
"14.SH3BP2",0,1.26615733770626,0.361,0.083,0,"14","SH3BP2"
"14.TM2D2",0,1.10653552834468,0.361,0.083,0,"14","TM2D2"
"14.CENPP",0,3.08196335636505,0.295,0.017,0,"14","CENPP"
"14.ASRGL1",0,3.49964478033432,0.299,0.021,0,"14","ASRGL1"
"14.SOCS3",0,0.581271396986489,0.569,0.291,0,"14","SOCS3"
"14.SAT1",0,0.752087287384811,0.948,0.67,0,"14","SAT1"
"14.GCSH",0,1.92156002273879,0.33,0.053,0,"14","GCSH"
"14.OSBPL1A",0,2.33883061460096,0.319,0.042,0,"14","OSBPL1A"
"14.POC1A",0,4.0996443143206,0.288,0.011,0,"14","POC1A"
"14.WDR34",0,2.44544272945966,0.302,0.025,0,"14","WDR34"
"14.NABP2",0,0.989074570806297,0.354,0.077,0,"14","NABP2"
"14.ANAPC13",0,0.528642965693713,0.392,0.116,0,"14","ANAPC13"
"14.LINC01094",0,2.23098556301145,0.316,0.04,0,"14","LINC01094"
"14.TNPO1",0,0.639237338832821,0.368,0.092,0,"14","TNPO1"
"14.LARS",0,0.681664911709868,0.385,0.109,0,"14","LARS"
"14.RPP25",0,2.7976438821578,0.306,0.03,0,"14","RPP25"
"14.DBNDD2",0,1.67446539218396,0.33,0.054,0,"14","DBNDD2"
"14.TRIP13",0,3.73398180503555,0.285,0.009,0,"14","TRIP13"
"14.BRCA1",0,3.5282162649995,0.292,0.016,0,"14","BRCA1"
"14.CDCA7L",0,2.2611280103703,0.306,0.031,0,"14","CDCA7L"
"14.FAM213A",0,1.93608997822942,0.326,0.051,0,"14","FAM213A"
"14.ADSL",0,0.607869132741554,0.399,0.124,0,"14","ADSL"
"14.PMM1",0,0.848993919996165,0.337,0.062,0,"14","PMM1"
"14.SUCLG1",0,0.671858147387839,0.424,0.15,0,"14","SUCLG1"
"14.MTMR14",0,0.715245205972187,0.389,0.115,0,"14","MTMR14"
"14.PLOD3",0,1.22263915264129,0.337,0.063,0,"14","PLOD3"
"14.CUX1",0,0.62660597458796,0.375,0.101,0,"14","CUX1"
"14.PTGS1",0,2.58666465371818,0.319,0.045,0,"14","PTGS1"
"14.DHRS4",0,0.988572559003462,0.368,0.094,0,"14","DHRS4"
"14.MPDU1",0,1.04196264330394,0.375,0.101,0,"14","MPDU1"
"14.TFG",0,0.582057656064906,0.413,0.139,0,"14","TFG"
"14.GOLIM4",0,1.353197495746,0.337,0.064,0,"14","GOLIM4"
"14.GAS7",0,2.00447958091688,0.316,0.043,0,"14","GAS7"
"14.MPST",0,1.05176908203254,0.368,0.095,0,"14","MPST"
"14.C1orf35",0,0.559778673055712,0.358,0.085,0,"14","C1orf35"
"14.BRI3BP",0,2.71109859431057,0.299,0.026,0,"14","BRI3BP"
"14.FARSA",0,1.06750346367029,0.354,0.081,0,"14","FARSA"
"14.TMIGD3",0,3.06961601514226,0.302,0.03,0,"14","TMIGD3"
"14.KYNU",0,1.41181328971691,0.34,0.068,0,"14","KYNU"
"14.POLR2H",0,0.865157945874825,0.368,0.096,0,"14","POLR2H"
"14.FTSJ2",0,1.98075686843121,0.316,0.044,0,"14","FTSJ2"
"14.TCF12",0,0.753085236318789,0.372,0.1,0,"14","TCF12"
"14.SETD3",0,0.970535192083719,0.347,0.075,0,"14","SETD3"
"14.AC013461.1",0,2.75778535300749,0.302,0.031,0,"14","AC013461.1"
"14.NCEH1",0,2.22976245435171,0.312,0.041,0,"14","NCEH1"
"14.CDCA2",0,3.80607722651973,0.281,0.01,0,"14","CDCA2"
"14.TAF10",0,0.941737460446413,0.368,0.097,0,"14","TAF10"
"14.HSD17B12",0,1.10673363640222,0.361,0.09,0,"14","HSD17B12"
"14.SHMT2",0,0.713909665620687,0.385,0.114,0,"14","SHMT2"
"14.DLGAP5",0,3.65506006558571,0.281,0.01,0,"14","DLGAP5"
"14.RIN3",0,0.815529573524744,0.372,0.101,0,"14","RIN3"
"14.NPTN",0,1.47012434240835,0.33,0.059,0,"14","NPTN"
"14.LSM12",0,0.77705609608402,0.382,0.111,0,"14","LSM12"
"14.ODF3B",0,1.14360450214793,0.372,0.101,0,"14","ODF3B"
"14.NCOR2",0,1.18478449833648,0.347,0.076,0,"14","NCOR2"
"14.CYB561A3",0,0.95295825201505,0.361,0.091,0,"14","CYB561A3"
"14.PACSIN2",0,1.15331513419171,0.337,0.067,0,"14","PACSIN2"
"14.C12orf45",0,1.16067934702463,0.351,0.081,0,"14","C12orf45"
"14.LMNB2",0,2.30775692171307,0.292,0.022,0,"14","LMNB2"
"14.COA5",0,1.03829213326259,0.358,0.089,0,"14","COA5"
"14.CERS6",0,2.05162481010799,0.312,0.043,0,"14","CERS6"
"14.PIN4",0,0.569448620407832,0.389,0.12,0,"14","PIN4"
"14.ACTR1A",0,0.847040464873311,0.385,0.116,0,"14","ACTR1A"
"14.RNF135",0,1.35903554350519,0.337,0.068,0,"14","RNF135"
"14.EFTUD2",0,1.33714765721236,0.323,0.054,0,"14","EFTUD2"
"14.CD300C",0,2.92846131051107,0.306,0.037,0,"14","CD300C"
"14.DESI1",0,0.787525068257173,0.382,0.113,0,"14","DESI1"
"14.TRPM2",0,2.52928708869796,0.302,0.033,0,"14","TRPM2"
"14.PRR11",0,3.53144939283467,0.285,0.016,0,"14","PRR11"
"14.STX12",0,0.67275761678602,0.385,0.117,0,"14","STX12"
"14.CHMP3",0,0.629195117038804,0.358,0.09,0,"14","CHMP3"
"14.MCM2",0,3.56172681261018,0.281,0.013,0,"14","MCM2"
"14.HDAC3",0,0.677109096951557,0.365,0.097,0,"14","HDAC3"
"14.SEC63",0,0.518240188940202,0.389,0.121,0,"14","SEC63"
"14.IPO7",0,0.755029122517874,0.368,0.1,0,"14","IPO7"
"14.FRMD4A",0,2.06548513694208,0.316,0.048,0,"14","FRMD4A"
"14.BAG3",0,1.0204285149174,0.42,0.152,0,"14","BAG3"
"14.ALG5",0,0.66269676049999,0.385,0.117,0,"14","ALG5"
"14.MBD2",0,0.978082474699928,0.368,0.1,0,"14","MBD2"
"14.CLEC11A",0,2.61215277382822,0.302,0.034,0,"14","CLEC11A"
"14.UBE2G2",0,0.58391624017464,0.375,0.107,0,"14","UBE2G2"
"14.KPNA3",0,0.866913313714272,0.351,0.083,0,"14","KPNA3"
"14.HIST1H1E",0,1.57979156456283,0.34,0.073,0,"14","HIST1H1E"
"14.RBM42",0,0.521124661006053,0.392,0.125,0,"14","RBM42"
"14.ACOT13",0,1.05607528137857,0.351,0.084,0,"14","ACOT13"
"14.MSRA",0,1.03754537383035,0.347,0.08,0,"14","MSRA"
"14.AFG3L2",0,0.921827273881612,0.344,0.077,0,"14","AFG3L2"
"14.CNTLN",0,2.84282052030556,0.299,0.033,0,"14","CNTLN"
"14.VKORC1",0,1.58513596078994,0.333,0.067,0,"14","VKORC1"
"14.USB1",0,0.925537883504524,0.361,0.095,0,"14","USB1"
"14.NSFL1C",0,0.775406722213672,0.385,0.119,0,"14","NSFL1C"
"14.MAP3K11",0,1.03457990828338,0.351,0.085,0,"14","MAP3K11"
"14.CS",0,1.10154000388462,0.344,0.078,0,"14","CS"
"14.OAS3",0,0.883911452782662,0.344,0.079,0,"14","OAS3"
"14.TMEM97",0,2.95467843257668,0.285,0.02,0,"14","TMEM97"
"14.FDPS",0,0.604271762772414,0.406,0.142,0,"14","FDPS"
"14.HSD17B4",0,1.53569864140645,0.326,0.062,0,"14","HSD17B4"
"14.NFKBIE",0,1.17894734318541,0.333,0.069,0,"14","NFKBIE"
"14.MYOF",0,2.36901527507928,0.306,0.042,0,"14","MYOF"
"14.IRAK3",0,2.01589215193898,0.302,0.038,0,"14","IRAK3"
"14.DHRS4L2",0,1.31096348594486,0.33,0.066,0,"14","DHRS4L2"
"14.RANGAP1",0,0.991243862976949,0.33,0.066,0,"14","RANGAP1"
"14.NADK",0,1.32832438825844,0.323,0.06,0,"14","NADK"
"14.CTBP1",0,0.877762405456126,0.337,0.074,0,"14","CTBP1"
"14.MCTP1",0,1.75736736488144,0.312,0.049,0,"14","MCTP1"
"14.PRRC2A",0,0.8703021070544,0.351,0.088,0,"14","PRRC2A"
"14.VTA1",0,1.10151338847373,0.34,0.077,0,"14","VTA1"
"14.DKC1",0,1.30578372312059,0.333,0.07,0,"14","DKC1"
"14.TSTA3",0,0.688206880669996,0.378,0.115,0,"14","TSTA3"
"14.TM9SF3",0,0.793960756557799,0.361,0.098,0,"14","TM9SF3"
"14.CREBL2",0,0.935721894985472,0.351,0.088,0,"14","CREBL2"
"14.HMGB1",0,1.36685304998541,0.972,0.709,0,"14","HMGB1"
"14.ERO1A",0,0.916906410232381,0.337,0.074,0,"14","ERO1A"
"14.COX16",0,0.552468565762405,0.392,0.129,0,"14","COX16"
"14.IFI27L1",0,1.8123506770938,0.316,0.053,0,"14","IFI27L1"
"14.CSE1L",0,1.41055656363406,0.302,0.039,0,"14","CSE1L"
"14.ACOT7",0,1.82947837790514,0.309,0.047,0,"14","ACOT7"
"14.MAP3K13",0,0.699417759306399,0.358,0.096,0,"14","MAP3K13"
"14.DOCK2",0,0.640979362629032,0.385,0.123,0,"14","DOCK2"
"14.SDS",0,2.21318711118005,0.309,0.047,0,"14","SDS"
"14.G6PC3",0,1.68497964916669,0.323,0.061,0,"14","G6PC3"
"14.MFSD12",0,1.44269086054148,0.323,0.061,0,"14","MFSD12"
"14.DNAJC10",0,0.638647801385475,0.354,0.093,0,"14","DNAJC10"
"14.ARPC2",0,0.824321131605056,0.955,0.694,0,"14","ARPC2"
"14.GLB1",0,1.1239859635127,0.347,0.086,0,"14","GLB1"
"14.ENOPH1",0,0.6214957376415,0.358,0.097,0,"14","ENOPH1"
"14.VEGFA",0,1.50488499459036,0.319,0.058,0,"14","VEGFA"
"14.OSTM1",0,0.776287055064052,0.347,0.086,0,"14","OSTM1"
"14.PARPBP",0,3.4036644895207,0.274,0.013,0,"14","PARPBP"
"14.TMEM205",0,0.64979018663176,0.389,0.128,0,"14","TMEM205"
"14.EBNA1BP2",0,1.00584528249653,0.344,0.083,0,"14","EBNA1BP2"
"14.UROD",0,1.26707581903103,0.344,0.083,0,"14","UROD"
"14.NSL1",0,0.614951282232744,0.365,0.105,0,"14","NSL1"
"14.HPSE",0,1.86713878785069,0.306,0.046,0,"14","HPSE"
"14.HERC5",0,0.66604329743264,0.361,0.101,0,"14","HERC5"
"14.MRPL22",0,0.677911646612637,0.375,0.115,0,"14","MRPL22"
"14.SIGMAR1",0,0.924047253301954,0.333,0.073,0,"14","SIGMAR1"
"14.TIMM9",0,0.742028913073744,0.351,0.091,0,"14","TIMM9"
"14.POLR3K",0,1.26512959674821,0.347,0.087,0,"14","POLR3K"
"14.RPA1",0,0.762903408960665,0.33,0.07,0,"14","RPA1"
"14.PHACTR4",0,0.940806898887183,0.333,0.074,0,"14","PHACTR4"
"14.DPYD",0,0.546249767012784,0.375,0.116,0,"14","DPYD"
"14.AIDA",0,1.26967903053766,0.34,0.081,0,"14","AIDA"
"14.ACAA1",0,0.501143689739068,0.396,0.137,0,"14","ACAA1"
"14.EIF2AK1",0,0.664429146412602,0.368,0.109,0,"14","EIF2AK1"
"14.HOOK3",0,0.606712856193394,0.375,0.116,0,"14","HOOK3"
"14.SLFN11",0,1.11462808542591,0.319,0.06,0,"14","SLFN11"
"14.GALNT1",0,1.30179592696393,0.33,0.071,0,"14","GALNT1"
"14.TCN2",0,2.09449233432697,0.323,0.064,0,"14","TCN2"
"14.NUP214",0,1.01209571198701,0.344,0.085,0,"14","NUP214"
"14.GLMP",0,1.13461296412506,0.347,0.089,0,"14","GLMP"
"14.TRIP12",0,0.503915466271548,0.358,0.1,0,"14","TRIP12"
"14.WIPI2",0,0.608316331865318,0.396,0.138,0,"14","WIPI2"
"14.HTATSF1",0,0.584135254900402,0.358,0.1,0,"14","HTATSF1"
"14.MRPL16",0,0.514070328231804,0.361,0.103,0,"14","MRPL16"
"14.CALHM2",0,0.725004336391566,0.337,0.079,0,"14","CALHM2"
"14.MPHOSPH6",0,0.939390751667617,0.333,0.075,0,"14","MPHOSPH6"
"14.MILR1",0,1.87341259684211,0.309,0.051,0,"14","MILR1"
"14.GBP4",0,0.770109111471747,0.396,0.139,0,"14","GBP4"
"14.RIF1",0,0.524323259194501,0.354,0.097,0,"14","RIF1"
"14.MND1",0,3.8476891785671,0.267,0.01,0,"14","MND1"
"14.WARS",0,0.74164642288181,0.385,0.128,0,"14","WARS"
"14.OAZ2",0,0.973473996407211,0.351,0.094,0,"14","OAZ2"
"14.WDR45B",0,0.845867939171575,0.351,0.094,0,"14","WDR45B"
"14.NRIP1",0,1.48486666900435,0.312,0.055,0,"14","NRIP1"
"14.MAP4",0,0.62738030273613,0.378,0.122,0,"14","MAP4"
"14.THOC3",0,0.700142289511127,0.34,0.084,0,"14","THOC3"
"14.IMPDH1",0,1.13157944574921,0.351,0.095,0,"14","IMPDH1"
"14.SDHD",0,1.03121921714725,0.368,0.112,0,"14","SDHD"
"14.SPNS1",0,0.752609126102414,0.351,0.095,0,"14","SPNS1"
"14.TMEM11",0,0.861596942222611,0.337,0.081,0,"14","TMEM11"
"14.SMARCA4",0,0.871664727459212,0.34,0.084,0,"14","SMARCA4"
"14.CLPTM1",0,0.572782521652788,0.368,0.112,0,"14","CLPTM1"
"14.RTCB",0,0.627915087242766,0.378,0.122,0,"14","RTCB"
"14.MRPL35",0,1.9125740311322,0.309,0.054,0,"14","MRPL35"
"14.QARS",0,0.990288297004006,0.337,0.082,0,"14","QARS"
"14.DTX3L",0,0.789604208653422,0.34,0.085,0,"14","DTX3L"
"14.RP2",0,1.73956474740278,0.302,0.047,0,"14","RP2"
"14.PGRMC1",0,0.506540494934187,0.347,0.092,0,"14","PGRMC1"
"14.CARD9",0,3.14173596163405,0.285,0.03,0,"14","CARD9"
"14.TRIM44",0,0.741480584704592,0.365,0.11,0,"14","TRIM44"
"14.TSPAN15",0,2.62302347615976,0.288,0.033,0,"14","TSPAN15"
"14.FGD4",0,2.25668410690746,0.302,0.047,0,"14","FGD4"
"14.MARCO",0,2.52437003069195,0.292,0.038,0,"14","MARCO"
"14.QDPR",0,1.1738993213139,0.319,0.065,0,"14","QDPR"
"14.BAG6",0,0.773864200197241,0.344,0.09,0,"14","BAG6"
"14.MRPS10",0,0.888622861126182,0.358,0.104,0,"14","MRPS10"
"14.EBP",0,0.82758027506307,0.344,0.09,0,"14","EBP"
"14.TGFBR1",0,1.50264063959231,0.312,0.058,0,"14","TGFBR1"
"14.ZFHX3",0,1.84749982015365,0.306,0.052,0,"14","ZFHX3"
"14.SNF8",0,0.673936010228698,0.361,0.107,0,"14","SNF8"
"14.HAUS1",0,1.32688545846297,0.326,0.072,0,"14","HAUS1"
"14.SCO2",0,0.89256723081339,0.358,0.104,0,"14","SCO2"
"14.LPGAT1",0,0.906082163927318,0.333,0.08,0,"14","LPGAT1"
"14.MERTK",0,2.00774528718982,0.299,0.046,0,"14","MERTK"
"14.PROSC",0,0.876433491936952,0.351,0.098,0,"14","PROSC"
"14.CHID1",0,0.843873678045824,0.368,0.115,0,"14","CHID1"
"14.MSRB2",0,2.39003553459837,0.299,0.046,0,"14","MSRB2"
"14.PSME3",0,0.801783331313078,0.34,0.087,0,"14","PSME3"
"14.MIS18A",0,2.36758730731961,0.278,0.025,0,"14","MIS18A"
"14.SLC39A7",0,1.08596099308179,0.333,0.081,0,"14","SLC39A7"
"14.TRIM14",0,0.742317866976965,0.337,0.085,0,"14","TRIM14"
"14.TOR1A",0,0.939159721965616,0.347,0.095,0,"14","TOR1A"
"14.ISCA2",0,0.63426910127472,0.351,0.099,0,"14","ISCA2"
"14.SIGLEC9",0,2.71716877616353,0.288,0.036,0,"14","SIGLEC9"
"14.KIF2C",0,4.07337595965183,0.26,0.009,0,"14","KIF2C"
"14.STX6",0,1.62223599562628,0.312,0.061,0,"14","STX6"
"14.TMEM18",0,0.52565030087104,0.347,0.096,0,"14","TMEM18"
"14.UBE2F",0,1.45968504585556,0.323,0.072,0,"14","UBE2F"
"14.TLR4",0,1.92842495332723,0.295,0.044,0,"14","TLR4"
"14.PHLDA2",0,0.524975341544648,0.347,0.096,0,"14","PHLDA2"
"14.UBE2Z",0,0.983989620850969,0.333,0.082,0,"14","UBE2Z"
"14.ICT1",0,1.33290099715152,0.326,0.075,0,"14","ICT1"
"14.PRKACA",0,1.89945995584662,0.292,0.041,0,"14","PRKACA"
"14.TFRC",0,0.511509665241558,0.375,0.125,0,"14","TFRC"
"14.PDLIM5",0,1.00330106444179,0.337,0.087,0,"14","PDLIM5"
"14.KIF4A",0,4.33825818164978,0.257,0.007,0,"14","KIF4A"
"14.CAPN1",0,0.812323951775457,0.361,0.111,0,"14","CAPN1"
"14.MESDC1",0,1.37610757510874,0.302,0.052,0,"14","MESDC1"
"14.TM6SF1",0,2.26137240951331,0.302,0.052,0,"14","TM6SF1"
"14.HNRNPL",0,0.504316943525774,0.368,0.118,0,"14","HNRNPL"
"14.RUVBL2",0,1.49657883345639,0.319,0.069,0,"14","RUVBL2"
"14.SEPN1",0,2.52708813883094,0.278,0.029,0,"14","SEPN1"
"14.CHEK1",0,3.13665779377989,0.267,0.018,0,"14","CHEK1"
"14.ITGB3BP",0,1.29032034829653,0.295,0.046,0,"14","ITGB3BP"
"14.MPZL1",0,1.61577917913899,0.302,0.053,0,"14","MPZL1"
"14.ANKH",0,0.862139546599803,0.333,0.084,0,"14","ANKH"
"14.SLC35B2",0,1.30368229123894,0.316,0.067,0,"14","SLC35B2"
"14.RCN1",0,1.59299521510353,0.316,0.067,0,"14","RCN1"
"14.SHTN1",0,1.70063771323028,0.302,0.053,0,"14","SHTN1"
"14.DUSP6",0,0.710571495885989,0.333,0.084,0,"14","DUSP6"
"14.MVB12A",0,0.911692869478476,0.33,0.081,0,"14","MVB12A"
"14.SCD",0,2.09359613967892,0.288,0.039,0,"14","SCD"
"14.MT1F",0,0.868760670673913,0.347,0.098,0,"14","MT1F"
"14.DDB2",0,0.524634614929063,0.34,0.092,0,"14","DDB2"
"14.MT1E",0,0.576654170750707,0.34,0.092,0,"14","MT1E"
"14.MB21D1",0,0.888903241537804,0.33,0.082,0,"14","MB21D1"
"14.EIF3B",0,1.08790490451015,0.309,0.061,0,"14","EIF3B"
"14.TP53I13",0,0.507430898177925,0.351,0.103,0,"14","TP53I13"
"14.ATP1B1",0,0.854309998444101,0.344,0.096,0,"14","ATP1B1"
"14.GPR137B",0,0.589658365829979,0.347,0.099,0,"14","GPR137B"
"14.SLC16A10",0,2.2766632229082,0.285,0.037,0,"14","SLC16A10"
"14.SPTLC2",0,0.913524156460031,0.333,0.086,0,"14","SPTLC2"
"14.CD276",0,2.56904698332361,0.281,0.034,0,"14","CD276"
"14.GDE1",0,0.78910812557078,0.34,0.093,0,"14","GDE1"
"14.PLBD2",0,1.8809726319873,0.299,0.052,0,"14","PLBD2"
"14.WDFY2",0,0.666007050543534,0.326,0.079,0,"14","WDFY2"
"14.RMDN3",0,1.24092348042285,0.326,0.079,0,"14","RMDN3"
"14.MYO1E",0,1.61229403010194,0.295,0.048,0,"14","MYO1E"
"14.TRAP1",0,1.40310747904294,0.302,0.055,0,"14","TRAP1"
"14.VAT1",0,1.3082896387741,0.326,0.079,0,"14","VAT1"
"14.CCDC18",0,1.739749644539,0.288,0.041,0,"14","CCDC18"
"14.ECM1",0,3.60336932313847,0.264,0.018,0,"14","ECM1"
"14.SEC22C",0,0.833241364800491,0.333,0.087,0,"14","SEC22C"
"14.SIL1",0,1.14572332778829,0.333,0.087,0,"14","SIL1"
"14.ETV6",0,0.818889586610265,0.34,0.094,0,"14","ETV6"
"14.EIF2AK4",0,1.11809987112139,0.333,0.087,0,"14","EIF2AK4"
"14.UBE2Q2",0,0.607763335718994,0.333,0.087,0,"14","UBE2Q2"
"14.HNRNPU-AS1",0,1.31273041991007,0.306,0.06,0,"14","HNRNPU-AS1"
"14.HLA-DOA",0,1.27670153879941,0.323,0.077,0,"14","HLA-DOA"
"14.TOR2A",0,1.19870637269923,0.316,0.07,0,"14","TOR2A"
"14.KIF23",0,3.57690347211645,0.257,0.011,0,"14","KIF23"
"14.THOC6",0,1.31571037694366,0.309,0.063,0,"14","THOC6"
"14.ASCL2",0,2.04797715463967,0.288,0.042,0,"14","ASCL2"
"14.CCL3L3",0,1.29499585096092,0.347,0.101,0,"14","CCL3L3"
"14.CHAF1A",0,2.45053623939971,0.271,0.026,0,"14","CHAF1A"
"14.PIGF",0,0.934150658097776,0.319,0.074,0,"14","PIGF"
"14.NIT2",0,0.660837992869605,0.33,0.085,0,"14","NIT2"
"14.MID1IP1",0,0.843200558835773,0.323,0.078,0,"14","MID1IP1"
"14.SIPA1",0,0.682184452099391,0.319,0.074,0,"14","SIPA1"
"14.ADGRE2",0,1.39467223360245,0.302,0.057,0,"14","ADGRE2"
"14.CYBRD1",0,2.71891438215563,0.271,0.027,0,"14","CYBRD1"
"14.UBA1",0,0.557486473371126,0.337,0.093,0,"14","UBA1"
"14.MANBA",0,0.584982794426413,0.347,0.103,0,"14","MANBA"
"14.LYRM2",0,0.515942108284901,0.347,0.103,0,"14","LYRM2"
"14.DCAF12",0,1.32107859447782,0.309,0.065,0,"14","DCAF12"
"14.WDR5",0,1.15676566850756,0.292,0.048,0,"14","WDR5"
"14.CPPED1",0,1.62003601513915,0.302,0.058,0,"14","CPPED1"
"14.BRD7",0,0.982698607070611,0.312,0.068,0,"14","BRD7"
"14.PRPSAP1",0,0.833616374896178,0.319,0.075,0,"14","PRPSAP1"
"14.FLII",0,0.713493775699416,0.333,0.09,0,"14","FLII"
"14.THOP1",0,1.71815966594352,0.278,0.035,0,"14","THOP1"
"14.SNRNP27",0,0.665076263332198,0.351,0.108,0,"14","SNRNP27"
"14.CXCL3",0,1.47565267459618,0.295,0.052,0,"14","CXCL3"
"14.HIST1H1B",0,3.31160452047255,0.257,0.014,0,"14","HIST1H1B"
"14.DOCK4",0,1.88231069697538,0.288,0.045,0,"14","DOCK4"
"14.CDK16",0,0.70124295495277,0.326,0.083,0,"14","CDK16"
"14.PPFIA1",0,1.2279064401662,0.299,0.056,0,"14","PPFIA1"
"14.TRIAP1",0,0.921291269749661,0.326,0.083,0,"14","TRIAP1"
"14.CINP",0,1.02222835115262,0.319,0.076,0,"14","CINP"
"14.ING2",0,1.51334942776968,0.285,0.042,0,"14","ING2"
"14.PAPSS2",0,2.07273707596037,0.281,0.039,0,"14","PAPSS2"
"14.TOM1",0,0.578998038970721,0.337,0.095,0,"14","TOM1"
"14.TRIOBP",0,1.84309404283016,0.281,0.039,0,"14","TRIOBP"
"14.RNASEH1",0,0.610880347481519,0.323,0.081,0,"14","RNASEH1"
"14.TLR2",0,2.0801142583549,0.288,0.046,0,"14","TLR2"
"14.DST",0,1.87010692130426,0.288,0.046,0,"14","DST"
"14.CAT",0,0.710469543813265,0.358,0.116,0,"14","CAT"
"14.MTHFD1",0,1.74228707932827,0.288,0.046,0,"14","MTHFD1"
"14.MRPL28",0,0.675534041809878,0.358,0.116,0,"14","MRPL28"
"14.NCLN",0,1.43107246922209,0.306,0.064,0,"14","NCLN"
"14.BCL2L13",0,0.750881941891138,0.309,0.067,0,"14","BCL2L13"
"14.WBP5",0,2.09662289162019,0.274,0.033,0,"14","WBP5"
"14.MYD88",0,0.696275071845362,0.351,0.11,0,"14","MYD88"
"14.PDLIM7",0,1.67873866913392,0.306,0.065,0,"14","PDLIM7"
"14.ARL3",0,0.894451628586168,0.309,0.068,0,"14","ARL3"
"14.OGFOD3",0,1.05044012247701,0.312,0.071,0,"14","OGFOD3"
"14.MITF",0,2.34043875977384,0.281,0.041,0,"14","MITF"
"14.CENPH",0,2.14690273914366,0.267,0.027,0,"14","CENPH"
"14.RTCA",0,0.610729065084708,0.358,0.118,0,"14","RTCA"
"14.ACTL6A",0,1.08317189630847,0.299,0.059,0,"14","ACTL6A"
"14.TMEM33",0,0.850390330845038,0.319,0.079,0,"14","TMEM33"
"14.CHCHD2",0,0.69391402739527,0.924,0.684,0,"14","CHCHD2"
"14.PTPRJ",0,1.12771062905186,0.316,0.076,0,"14","PTPRJ"
"14.PLEK2",0,4.2538500232416,0.257,0.017,0,"14","PLEK2"
"14.PSMG1",0,1.17444518884051,0.299,0.059,0,"14","PSMG1"
"14.UTP18",0,1.00163809205178,0.326,0.087,0,"14","UTP18"
"14.PHC2",0,1.60389051736316,0.285,0.046,0,"14","PHC2"
"14.SMC6",0,0.860102623804484,0.302,0.063,0,"14","SMC6"
"14.MXD1",0,0.535366096106516,0.361,0.122,0,"14","MXD1"
"14.TSN",0,0.699952135410071,0.323,0.084,0,"14","TSN"
"14.TIMM50",0,0.690748203410269,0.316,0.077,0,"14","TIMM50"
"14.STXBP2",0,0.696020756307701,0.326,0.088,0,"14","STXBP2"
"14.PRPF31",0,0.561375411388362,0.337,0.099,0,"14","PRPF31"
"14.HYI",0,1.20918609680739,0.292,0.054,0,"14","HYI"
"14.IFRD2",0,1.05403633278671,0.299,0.061,0,"14","IFRD2"
"14.SLC8B1",0,1.35105383521807,0.295,0.057,0,"14","SLC8B1"
"14.IPO5",0,1.24199138592875,0.292,0.054,0,"14","IPO5"
"14.RNASE2",0,3.6610644943179,0.253,0.015,0,"14","RNASE2"
"14.DNAJA4",0,1.77460801635568,0.319,0.081,0,"14","DNAJA4"
"14.CAB39",0,0.718148471386053,0.33,0.093,0,"14","CAB39"
"14.JKAMP",0,0.518899093349998,0.337,0.1,0,"14","JKAMP"
"14.FAR1",0,1.16437092059425,0.309,0.072,0,"14","FAR1"
"14.ALDH3A2",0,1.11638263727505,0.292,0.055,0,"14","ALDH3A2"
"14.ACP5",0,0.958610866400697,0.424,0.187,0,"14","ACP5"
"14.CDCP1",0,2.46345690695908,0.267,0.031,0,"14","CDCP1"
"14.PTGR1",0,2.87681937037236,0.26,0.024,0,"14","PTGR1"
"14.SLC37A4",0,2.61322332022145,0.264,0.028,0,"14","SLC37A4"
"14.ZFYVE16",0,0.952153921165107,0.306,0.07,0,"14","ZFYVE16"
"14.ARMT1",0,1.10093421061741,0.288,0.052,0,"14","ARMT1"
"14.ACAT2",0,0.952827059230924,0.312,0.076,0,"14","ACAT2"
"14.GANAB",0,1.19114635074835,0.302,0.066,0,"14","GANAB"
"14.SGTA",0,0.636218323718051,0.306,0.07,0,"14","SGTA"
"14.FEZ2",0,0.882634335294719,0.333,0.098,0,"14","FEZ2"
"14.HLA-DQA2",0,1.11344691544355,0.385,0.15,0,"14","HLA-DQA2"
"14.ARCN1",0,0.681893929580413,0.326,0.091,0,"14","ARCN1"
"14.DSN1",0,1.98844394784863,0.264,0.029,0,"14","DSN1"
"14.TARDBP",0,1.17011961195383,0.292,0.057,0,"14","TARDBP"
"14.ABL2",0,1.25276392355444,0.302,0.067,0,"14","ABL2"
"14.NUP210",0,0.597126180427634,0.312,0.077,0,"14","NUP210"
"14.AP3B1",0,0.655900228890798,0.344,0.109,0,"14","AP3B1"
"14.SLC25A37",0,0.510310448816728,0.316,0.081,0,"14","SLC25A37"
"14.FAM91A1",0,0.996749319191001,0.302,0.067,0,"14","FAM91A1"
"14.DNAJC25-GNG10",0,1.76297616417138,0.285,0.05,0,"14","DNAJC25-GNG10"
"14.ZDHHC7",0,1.18089712196107,0.299,0.064,0,"14","ZDHHC7"
"14.SCOC",0,0.702260914700182,0.323,0.089,0,"14","SCOC"
"14.BASP1",0,0.739664830744791,0.323,0.089,0,"14","BASP1"
"14.HN1L",0,2.17442442605845,0.264,0.03,0,"14","HN1L"
"14.RUSC1",0,0.879421627046076,0.285,0.051,0,"14","RUSC1"
"14.NCSTN",0,0.802028073953977,0.309,0.075,0,"14","NCSTN"
"14.ARAP1",0,1.10269934525464,0.302,0.068,0,"14","ARAP1"
"14.PSTPIP2",0,1.72375110098079,0.285,0.051,0,"14","PSTPIP2"
"14.CRLS1",0,1.53944083829046,0.292,0.058,0,"14","CRLS1"
"14.SAP30",0,1.63102726274397,0.267,0.034,0,"14","SAP30"
"14.SIGLEC7",0,2.70037576967354,0.267,0.034,0,"14","SIGLEC7"
"14.HPS3",0,1.0764323238523,0.295,0.062,0,"14","HPS3"
"14.HCFC1",0,1.06576960697242,0.292,0.059,0,"14","HCFC1"
"14.CPSF2",0,1.01819361732055,0.295,0.062,0,"14","CPSF2"
"14.IMPA2",0,3.24160404693964,0.25,0.017,0,"14","IMPA2"
"14.EMC9",0,1.25897543778985,0.278,0.046,0,"14","EMC9"
"14.FCGR1B",0,2.36054191501254,0.271,0.039,0,"14","FCGR1B"
"14.ARMC10",0,0.943397380511417,0.333,0.101,0,"14","ARMC10"
"14.CBR3",0,2.1533712864158,0.26,0.028,0,"14","CBR3"
"14.UROS",0,0.525893098673576,0.344,0.112,0,"14","UROS"
"14.TRAF7",0,0.852766965712237,0.312,0.08,0,"14","TRAF7"
"14.ACAA2",0,0.752519098234617,0.316,0.084,0,"14","ACAA2"
"14.SLC1A5",0,0.645342200951411,0.358,0.126,0,"14","SLC1A5"
"14.SCARB1",0,2.02122053441552,0.274,0.043,0,"14","SCARB1"
"14.BZW2",0,0.717228900593135,0.326,0.095,0,"14","BZW2"
"14.MAGT1",0,0.576379336512785,0.319,0.088,0,"14","MAGT1"
"14.MASTL",0,1.34287183387182,0.264,0.033,0,"14","MASTL"
"14.CHTF8",0,0.718549875261707,0.326,0.095,0,"14","CHTF8"
"14.IGFLR1",0,0.540491228031444,0.33,0.099,0,"14","IGFLR1"
"14.DHRS3",0,0.847695420715264,0.295,0.064,0,"14","DHRS3"
"14.HPS5",0,1.01513146673692,0.302,0.071,0,"14","HPS5"
"14.NAGPA",0,1.26404683387529,0.285,0.054,0,"14","NAGPA"
"14.STAT2",0,0.794441510738047,0.319,0.089,0,"14","STAT2"
"14.FUCA1",0,1.49148277833869,0.306,0.076,0,"14","FUCA1"
"14.AGFG1",0,1.2190934859414,0.292,0.062,0,"14","AGFG1"
"14.SNX4",0,1.03254710780282,0.295,0.065,0,"14","SNX4"
"14.ATP2C1",0,0.846869380365763,0.295,0.065,0,"14","ATP2C1"
"14.GCHFR",0,0.730289405163617,0.361,0.131,0,"14","GCHFR"
"14.ENOSF1",0,0.749529638503129,0.299,0.069,0,"14","ENOSF1"
"14.PPP6R1",0,0.737293391300179,0.312,0.082,0,"14","PPP6R1"
"14.SRGAP2",0,1.46518395716365,0.278,0.049,0,"14","SRGAP2"
"14.NME1",0,1.73610550304787,0.281,0.052,0,"14","NME1"
"14.NXF1",0,0.506405479513344,0.319,0.09,0,"14","NXF1"
"14.ZSWIM7",0,0.634469343008327,0.316,0.087,0,"14","ZSWIM7"
"14.DNAJC5",0,1.66957176086846,0.271,0.042,0,"14","DNAJC5"
"14.ADPRHL2",0,0.979519837440216,0.302,0.073,0,"14","ADPRHL2"
"14.SNX27",0,1.07586833617826,0.288,0.059,0,"14","SNX27"
"14.NDUFS2",0,0.547605448562143,0.368,0.139,0,"14","NDUFS2"
"14.CEP63",0,0.957641846914279,0.295,0.066,0,"14","CEP63"
"14.CXCL9",0,1.61392313511684,0.285,0.056,0,"14","CXCL9"
"14.RPF2",0,1.32123347772554,0.285,0.056,0,"14","RPF2"
"14.E2F4",0,0.824268178218325,0.302,0.073,0,"14","E2F4"
"14.MIF4GD",0,0.598561067610383,0.347,0.118,0,"14","MIF4GD"
"14.EVI5",0,1.74940423425846,0.274,0.046,0,"14","EVI5"
"14.RGL1",0,1.85250153365646,0.278,0.05,0,"14","RGL1"
"14.CHPT1",0,1.15863316479077,0.278,0.05,0,"14","CHPT1"
"14.FES",0,1.90726518589313,0.274,0.046,0,"14","FES"
"14.LYVE1",0,2.90093878657602,0.253,0.025,0,"14","LYVE1"
"14.NTPCR",0,1.17040132861509,0.285,0.057,0,"14","NTPCR"
"14.TCEAL8",0,0.549266248442017,0.309,0.081,0,"14","TCEAL8"
"14.TIMM23",0,0.750204420642671,0.309,0.081,0,"14","TIMM23"
"14.GSS",0,0.824002790338201,0.299,0.071,0,"14","GSS"
"14.IRAK1",0,1.47004139536005,0.281,0.054,0,"14","IRAK1"
"14.PATL1",0,0.953467138291171,0.278,0.051,0,"14","PATL1"
"14.ACOT9",0,0.63001049335784,0.319,0.092,0,"14","ACOT9"
"14.PRRG4",0,1.78833771036455,0.264,0.037,0,"14","PRRG4"
"14.SRM",0,1.11616190934098,0.299,0.072,0,"14","SRM"
"14.IRF5",0,1.29291776746801,0.288,0.061,0,"14","IRF5"
"14.FAM195A",0,0.942541517291818,0.306,0.079,0,"14","FAM195A"
"14.ABR",0,1.06144430382851,0.288,0.061,0,"14","ABR"
"14.SSFA2",0,1.46918478569476,0.281,0.055,0,"14","SSFA2"
"14.ZMIZ1",0,1.65697744968279,0.281,0.055,0,"14","ZMIZ1"
"14.IL10",0,2.29376800323256,0.267,0.041,0,"14","IL10"
"14.TMEM37",0,2.22077936299473,0.267,0.041,0,"14","TMEM37"
"14.FGR",0,1.1172050222284,0.295,0.069,0,"14","FGR"
"14.BTK",0,1.15007844494729,0.295,0.069,0,"14","BTK"
"14.NGFRAP1",0,0.964648734777339,0.292,0.066,0,"14","NGFRAP1"
"14.RMDN1",0,0.781372899744532,0.292,0.066,0,"14","RMDN1"
"14.MTHFS",0,0.701492283599348,0.302,0.076,0,"14","MTHFS"
"14.PON2",0,1.65229045350479,0.271,0.046,0,"14","PON2"
"14.ENTPD1",0,0.612574304849128,0.326,0.101,0,"14","ENTPD1"
"14.PTPRO",0,2.60701139820838,0.25,0.025,0,"14","PTPRO"
"14.CKAP4",0,1.90281069836706,0.26,0.035,0,"14","CKAP4"
"14.LYL1",0,2.00217997649264,0.26,0.035,0,"14","LYL1"
"14.ITSN1",0,2.45892139924922,0.26,0.035,0,"14","ITSN1"
"14.IARS2",0,0.717816459086862,0.295,0.07,0,"14","IARS2"
"14.TWISTNB",0,0.611297384154092,0.326,0.102,0,"14","TWISTNB"
"14.ITPK1",0,1.13535467816611,0.278,0.054,0,"14","ITPK1"
"14.RCC1",0,1.3833022421079,0.26,0.036,0,"14","RCC1"
"14.MAPKAPK2",0,0.602912821034753,0.316,0.092,0,"14","MAPKAPK2"
"14.HS3ST1",0,2.51466966518207,0.253,0.029,0,"14","HS3ST1"
"14.SNX24",0,2.40626235360446,0.257,0.033,0,"14","SNX24"
"14.YKT6",0,0.923972830986558,0.292,0.068,0,"14","YKT6"
"14.NAA10",0,0.813958879587329,0.306,0.082,0,"14","NAA10"
"14.TTC9C",0,0.842585368529445,0.285,0.061,0,"14","TTC9C"
"14.CHP1",0,1.2406479741725,0.292,0.068,0,"14","CHP1"
"14.MYO5A",0,0.948837502956058,0.299,0.075,0,"14","MYO5A"
"14.FAM207A",0,0.781697297856163,0.302,0.078,0,"14","FAM207A"
"14.ZNF22",0,0.60985359779983,0.33,0.107,0,"14","ZNF22"
"14.DNASE2",0,0.665541959722331,0.33,0.107,0,"14","DNASE2"
"14.MRPS14",0,0.502868510650109,0.319,0.096,0,"14","MRPS14"
"14.PANK2",0,0.688242593224695,0.312,0.089,0,"14","PANK2"
"14.SMIM3",0,0.852511620758437,0.292,0.069,0,"14","SMIM3"
"14.GDI1",0,0.506504893400212,0.351,0.128,0,"14","GDI1"
"14.FNIP2",0,1.4326269970184,0.278,0.056,0,"14","FNIP2"
"14.FSCN1",0,1.21947320273688,0.278,0.056,0,"14","FSCN1"
"14.LACC1",0,2.14976463997874,0.257,0.035,0,"14","LACC1"
"14.UCHL5",0,0.676206792780332,0.302,0.08,0,"14","UCHL5"
"14.GLRX2",0,1.02726358396349,0.285,0.063,0,"14","GLRX2"
"14.ALAS1",0,1.06125971849189,0.292,0.07,0,"14","ALAS1"
"14.TPRA1",0,0.77025769331289,0.292,0.07,0,"14","TPRA1"
"14.NAPRT",0,0.852098545768546,0.302,0.08,0,"14","NAPRT"
"14.BCL3",0,0.832205610345874,0.306,0.084,0,"14","BCL3"
"14.TMEM214",0,1.30443191832654,0.267,0.046,0,"14","TMEM214"
"14.AGPS",0,1.0608517592044,0.274,0.053,0,"14","AGPS"
"14.RABL6",0,1.32687243777297,0.264,0.043,0,"14","RABL6"
"14.ADM",0,1.84853233891823,0.264,0.043,0,"14","ADM"
"14.VRK1",0,0.985928743950262,0.274,0.053,0,"14","VRK1"
"14.SORT1",0,2.39798322254336,0.25,0.029,0,"14","SORT1"
"14.RRAGC",0,1.38321052499418,0.285,0.064,0,"14","RRAGC"
"14.TIGAR",0,0.902753139337619,0.295,0.074,0,"14","TIGAR"
"14.AP3D1",0,0.665716518189366,0.299,0.078,0,"14","AP3D1"
"14.KIAA2013",0,1.62090837342101,0.264,0.044,0,"14","KIAA2013"
"14.RENBP",0,1.59087751481991,0.274,0.054,0,"14","RENBP"
"14.SLC38A6",0,1.64603188387616,0.267,0.047,0,"14","SLC38A6"
"14.CRYL1",0,1.18210427829715,0.306,0.086,0,"14","CRYL1"
"14.ERI3",0,0.961387227758932,0.288,0.068,0,"14","ERI3"
"14.GPATCH4",0,0.857736883759612,0.285,0.065,0,"14","GPATCH4"
"14.SLC40A1",0,1.15028421282995,0.295,0.075,0,"14","SLC40A1"
"14.RASSF2",0,0.990121984245876,0.292,0.072,0,"14","RASSF2"
"14.GPX3",0,2.47995803213706,0.264,0.045,0,"14","GPX3"
"14.C3",0,1.95806463312778,0.267,0.048,0,"14","C3"
"14.ALDH16A1",0,1.24799466594466,0.274,0.055,0,"14","ALDH16A1"
"14.TSEN15",0,0.680071574474741,0.306,0.087,0,"14","TSEN15"
"14.DYNC1I2",0,0.560395138663313,0.316,0.097,0,"14","DYNC1I2"
"14.ADCK2",0,2.18340907684745,0.253,0.034,0,"14","ADCK2"
"14.POLD3",0,1.62830282120241,0.257,0.038,0,"14","POLD3"
"14.FAM46A",0,1.12113324041083,0.295,0.076,0,"14","FAM46A"
"14.KCNMA1",0,1.67181452334283,0.271,0.053,0,"14","KCNMA1"
"14.APAF1",0,1.09566574136077,0.267,0.049,0,"14","APAF1"
"14.HAUS2",0,0.959771149713993,0.274,0.056,0,"14","HAUS2"
"14.TPM1",0,1.07059125772524,0.278,0.06,0,"14","TPM1"
"14.CREB5",0,2.12713952414546,0.253,0.035,0,"14","CREB5"
"14.TIMM21",0,1.68188323579828,0.257,0.039,0,"14","TIMM21"
"14.NUDT2",0,0.663816708676885,0.292,0.074,0,"14","NUDT2"
"14.RELT",0,0.632353051042801,0.299,0.081,0,"14","RELT"
"14.P2RX4",0,1.00887008705714,0.285,0.067,0,"14","P2RX4"
"14.CDC25B",0,1.02768410719401,0.285,0.067,0,"14","CDC25B"
"14.RHOQ",0,1.08110739178625,0.281,0.064,0,"14","RHOQ"
"14.PGM2",0,1.4312302948616,0.267,0.05,0,"14","PGM2"
"14.RNF144B",0,1.43982531416833,0.278,0.061,0,"14","RNF144B"
"14.SEMA4A",0,0.841144500641283,0.302,0.085,0,"14","SEMA4A"
"14.RQCD1",0,0.926865474857017,0.288,0.071,0,"14","RQCD1"
"14.CMAS",0,0.949491322660376,0.292,0.075,0,"14","CMAS"
"14.CNP",0,0.578725803830764,0.299,0.082,0,"14","CNP"
"14.IER3IP1",0,0.76813054645001,0.295,0.078,0,"14","IER3IP1"
"14.TNFAIP8L2",0,1.48202512292,0.271,0.055,0,"14","TNFAIP8L2"
"14.FH",0,1.28001727004551,0.271,0.055,0,"14","FH"
"14.STT3A",0,1.14957428785602,0.278,0.062,0,"14","STT3A"
"14.VMO1",0,1.43503624496391,0.264,0.048,0,"14","VMO1"
"14.PTEN",0,0.609567787074857,0.302,0.086,0,"14","PTEN"
"14.THUMPD3",0,1.03573884364917,0.264,0.049,0,"14","THUMPD3"
"14.NRROS",0,1.46530640664569,0.271,0.056,0,"14","NRROS"
"14.PIGX",0,1.15280401971207,0.274,0.059,0,"14","PIGX"
"14.NIPSNAP3A",0,1.64079135113078,0.264,0.049,0,"14","NIPSNAP3A"
"14.ROGDI",0,1.28156072373993,0.264,0.049,0,"14","ROGDI"
"14.TMEM251",0,1.561255821401,0.253,0.038,0,"14","TMEM251"
"14.SEH1L",0,1.44375381839517,0.257,0.042,0,"14","SEH1L"
"14.NR2C2AP",0,1.41576490918079,0.257,0.042,0,"14","NR2C2AP"
"14.ZDHHC4",0,0.773323007509973,0.295,0.08,0,"14","ZDHHC4"
"14.MAPKAP1",0,0.780647950919113,0.299,0.084,0,"14","MAPKAP1"
"14.NSMCE4A",0,0.506994847994967,0.299,0.084,0,"14","NSMCE4A"
"14.LTA4H",0,1.00335576644221,0.347,0.132,0,"14","LTA4H"
"14.DNTTIP1",0,0.729003522735892,0.288,0.073,0,"14","DNTTIP1"
"14.SLC1A4",0,1.67296375629618,0.26,0.046,0,"14","SLC1A4"
"14.TCOF1",0,0.864550205108824,0.271,0.057,0,"14","TCOF1"
"14.SMPDL3A",0,1.99728728508332,0.26,0.046,0,"14","SMPDL3A"
"14.RXRA",0,1.23589932135291,0.26,0.046,0,"14","RXRA"
"14.RBFA",0,1.20044771396495,0.267,0.053,0,"14","RBFA"
"14.WRB",0,1.22363365950587,0.267,0.053,0,"14","WRB"
"14.SLC25A40",0,1.23882702091115,0.253,0.039,0,"14","SLC25A40"
"14.LRR1",0,1.5272912900998,0.25,0.036,0,"14","LRR1"
"14.CYB5R1",0,0.627053439285304,0.295,0.081,0,"14","CYB5R1"
"14.SCLT1",0,0.739663536800683,0.292,0.078,0,"14","SCLT1"
"14.MOCS2",0,0.684718972987343,0.285,0.071,0,"14","MOCS2"
"14.PLA2G7",0,1.8751208818459,0.264,0.051,0,"14","PLA2G7"
"14.NUP107",0,0.892104253106814,0.267,0.054,0,"14","NUP107"
"14.MLST8",0,0.688853277197209,0.278,0.065,0,"14","MLST8"
"14.FN3KRP",0,0.891565268197969,0.267,0.054,0,"14","FN3KRP"
"14.IL6R",0,0.745974297388359,0.299,0.086,0,"14","IL6R"
"14.OAS2",0,0.732851432950622,0.309,0.096,0,"14","OAS2"
"14.ARL8A",0,1.52031915181757,0.267,0.055,0,"14","ARL8A"
"14.ATG7",0,1.20590122924379,0.267,0.055,0,"14","ATG7"
"14.SLC12A7",0,1.41884201936509,0.26,0.048,0,"14","SLC12A7"
"14.PSMD10",0,0.740211627782074,0.278,0.066,0,"14","PSMD10"
"14.CDK5RAP2",0,0.648837777792618,0.264,0.052,0,"14","CDK5RAP2"
"14.TOLLIP",0,0.645258035017291,0.306,0.094,0,"14","TOLLIP"
"14.PTOV1",0,0.563486592341083,0.302,0.09,0,"14","PTOV1"
"14.UBAP2L",0,0.620373580752471,0.285,0.073,0,"14","UBAP2L"
"14.PLEKHM2",0,1.32641551636666,0.26,0.049,0,"14","PLEKHM2"
"14.SLC35F6",0,1.33427696940258,0.257,0.046,0,"14","SLC35F6"
"14.HGSNAT",0,0.924451927899903,0.274,0.063,0,"14","HGSNAT"
"14.DYRK4",0,1.02728580236664,0.267,0.056,0,"14","DYRK4"
"14.SLC35A4",0,0.944552286681507,0.278,0.068,0,"14","SLC35A4"
"14.RUFY1",0,1.51343571405244,0.26,0.05,0,"14","RUFY1"
"14.ILVBL",0,1.62771614759818,0.257,0.047,0,"14","ILVBL"
"14.AK6",0,0.723783451131227,0.302,0.092,0,"14","AK6"
"14.VPS26B",0,0.54874106213079,0.288,0.078,0,"14","VPS26B"
"14.ZMPSTE24",0,0.754167128876351,0.271,0.062,0,"14","ZMPSTE24"
"14.GCNT1",0,0.771741156111726,0.264,0.055,0,"14","GCNT1"
"14.EHBP1L1",0,1.32645085593081,0.271,0.062,0,"14","EHBP1L1"
"14.VEZF1",0,0.761160564410299,0.274,0.065,0,"14","VEZF1"
"14.FAM49A",0,0.605844705700979,0.295,0.086,0,"14","FAM49A"
"14.B3GNT5",0,1.51218623494836,0.25,0.041,0,"14","B3GNT5"
"14.RP11-1143G9.4",0,0.748663236702183,0.25,0.041,0,"14","RP11-1143G9.4"
"14.DERL2",0,0.580060610827733,0.358,0.149,0,"14","DERL2"
"14.PRKAG1",0,0.593311196631564,0.292,0.083,0,"14","PRKAG1"
"14.CLPTM1L",0,1.10314489125865,0.264,0.056,0,"14","CLPTM1L"
"14.PAFAH1B2",0,0.750901739550735,0.281,0.073,0,"14","PAFAH1B2"
"14.CRK",0,0.977276980714112,0.278,0.07,0,"14","CRK"
"14.SERPINF1",0,1.2520641156818,0.281,0.073,0,"14","SERPINF1"
"14.CTNNAL1",0,0.934842506360781,0.25,0.042,0,"14","CTNNAL1"
"14.GEMIN6",0,1.48791999873016,0.25,0.043,0,"14","GEMIN6"
"14.HACD2",0,0.889895538645295,0.253,0.046,0,"14","HACD2"
"14.EXOSC9",0,0.69604540046766,0.271,0.064,0,"14","EXOSC9"
"14.PAK1IP1",0,1.32825350405996,0.25,0.043,0,"14","PAK1IP1"
"14.ARMC1",0,0.566138907590764,0.278,0.071,0,"14","ARMC1"
"14.ACLY",0,1.06922670402247,0.264,0.057,0,"14","ACLY"
"14.NKIRAS2",0,1.13486636612364,0.278,0.071,0,"14","NKIRAS2"
"14.CD74",0,1.37456113972489,1,0.793,0,"14","CD74"
"14.ACSL4",0,0.824107707742984,0.292,0.085,0,"14","ACSL4"
"14.ADCY7",0,0.657046401631905,0.285,0.078,0,"14","ADCY7"
"14.DOK1",0,1.30508262861968,0.264,0.058,0,"14","DOK1"
"14.REV1",0,0.566928560524458,0.267,0.061,0,"14","REV1"
"14.DHX30",0,0.595131026001799,0.278,0.072,0,"14","DHX30"
"14.DOK3",0,1.73366299290083,0.26,0.054,0,"14","DOK3"
"14.AXL",0,2.0017818545341,0.25,0.044,0,"14","AXL"
"14.EXOSC5",0,1.04798019976826,0.267,0.061,0,"14","EXOSC5"
"14.CLECL1",0,0.910152256251597,0.26,0.055,0,"14","CLECL1"
"14.MPHOSPH9",0,0.909252158633839,0.25,0.045,0,"14","MPHOSPH9"
"14.NFE2L1",0,1.28717282941303,0.253,0.048,0,"14","NFE2L1"
"14.CCDC137",0,0.781864793152615,0.267,0.062,0,"14","CCDC137"
"14.UTP11L",0,0.612737025996993,0.278,0.074,0,"14","UTP11L"
"14.PPP2CB",0,1.13251490770946,0.25,0.046,0,"14","PPP2CB"
"14.MCMBP",0,0.796281372032438,0.264,0.06,0,"14","MCMBP"
"14.GOT2",0,0.822912617371119,0.26,0.056,0,"14","GOT2"
"14.PEMT",0,0.883612950493243,0.253,0.049,0,"14","PEMT"
"14.IFIT3",0,0.614485417978327,0.292,0.088,0,"14","IFIT3"
"14.RHBDF2",0,0.727995373613006,0.285,0.081,0,"14","RHBDF2"
"14.CDK11B",0,0.618672589708549,0.271,0.068,0,"14","CDK11B"
"14.SMYD2",0,0.513407550514456,0.271,0.068,0,"14","SMYD2"
"14.GMPPB",0,1.14474435973609,0.271,0.068,0,"14","GMPPB"
"14.DNAJC21",0,0.611920150390791,0.271,0.068,0,"14","DNAJC21"
"14.TBC1D9B",0,0.801276859481981,0.271,0.068,0,"14","TBC1D9B"
"14.ASL",0,0.869440414533618,0.26,0.057,0,"14","ASL"
"14.MRPS28",0,1.26759248443654,0.264,0.061,0,"14","MRPS28"
"14.FAM45A",0,0.584099734646965,0.281,0.078,0,"14","FAM45A"
"14.TMEM199",0,1.05622707304231,0.267,0.064,0,"14","TMEM199"
"14.LYRM4",0,0.773522237602034,0.285,0.082,0,"14","LYRM4"
"14.MR1",0,0.998659553578352,0.257,0.055,0,"14","MR1"
"14.DNAJC13",0,1.41365085238701,0.25,0.048,0,"14","DNAJC13"
"14.INIP",0,0.649416228019832,0.267,0.065,0,"14","INIP"
"14.ZDHHC16",0,1.25353002814245,0.25,0.048,0,"14","ZDHHC16"
"14.TXNRD1",0,0.871311634186773,0.278,0.076,0,"14","TXNRD1"
"14.ATP6V0A1",0,1.48107219959413,0.253,0.051,0,"14","ATP6V0A1"
"14.TYK2",0,1.07372070036294,0.257,0.055,0,"14","TYK2"
"14.EIF4G3",0,0.666167900244611,0.264,0.063,0,"14","EIF4G3"
"14.SUCLG2",0,0.593925491686124,0.302,0.101,0,"14","SUCLG2"
"14.MRTO4",0,1.08493770691305,0.257,0.057,0,"14","MRTO4"
"14.RUVBL1",0,0.901936129569654,0.257,0.057,0,"14","RUVBL1"
"14.NR1H3",0,1.77781512361698,0.257,0.057,0,"14","NR1H3"
"14.PPP1R14B",0,0.626477277502891,0.271,0.071,0,"14","PPP1R14B"
"14.MYL6B",0,0.657288647685499,0.278,0.078,0,"14","MYL6B"
"14.WBP4",0,1.06297910860561,0.26,0.06,0,"14","WBP4"
"14.ZNF672",0,0.993831119455355,0.264,0.065,0,"14","ZNF672"
"14.CTD-2336O2.1",0,0.786903017937226,0.274,0.075,0,"14","CTD-2336O2.1"
"14.SFXN3",0,0.746549323517778,0.257,0.058,0,"14","SFXN3"
"14.EIF2B2",0,1.01768848854431,0.25,0.051,0,"14","EIF2B2"
"14.BCL2L1",0,0.70984342428473,0.302,0.103,0,"14","BCL2L1"
"14.DNAJB12",0,0.664787136307504,0.288,0.089,0,"14","DNAJB12"
"14.TMA16",0,0.648415631834733,0.253,0.055,0,"14","TMA16"
"14.WDR41",0,1.07446266894327,0.25,0.052,0,"14","WDR41"
"14.EXOSC4",0,0.729546338574225,0.264,0.066,0,"14","EXOSC4"
"14.TSC22D1",0,1.23824947480219,0.274,0.076,0,"14","TSC22D1"
"14.TMEM69",0,0.942231943395286,0.25,0.053,0,"14","TMEM69"
"14.DDX41",0,0.621515762900212,0.257,0.06,0,"14","DDX41"
"14.NDUFC2",0,1.18590349032339,0.299,0.102,0,"14","NDUFC2"
"14.GTF2A1",0,0.638475649332134,0.25,0.053,0,"14","GTF2A1"
"14.SUGP2",0,1.11313891003247,0.25,0.053,0,"14","SUGP2"
"14.CASP7",0,0.613932552059299,0.253,0.058,0,"14","CASP7"
"14.NUPR1",0,1.24163771750639,0.26,0.065,0,"14","NUPR1"
"14.KEAP1",0,1.03786526127293,0.267,0.072,0,"14","KEAP1"
"14.TMED1",0,0.622305679469634,0.253,0.058,0,"14","TMED1"
"14.IL4I1",0,1.07749159468855,0.26,0.065,0,"14","IL4I1"
"14.AIG1",0,1.07233459998227,0.25,0.056,0,"14","AIG1"
"14.HSDL2",0,1.1283034147198,0.253,0.059,0,"14","HSDL2"
"14.PRPF19",0,0.638488638701404,0.271,0.077,0,"14","PRPF19"
"14.FAM210A",0,0.75626968772324,0.257,0.063,0,"14","FAM210A"
"14.NAA15",0,0.559656178595386,0.26,0.067,0,"14","NAA15"
"14.B4GALT7",0,0.883228415828255,0.267,0.074,0,"14","B4GALT7"
"14.MAP2K2",0,0.899995692705442,0.271,0.078,0,"14","MAP2K2"
"14.TRPV2",0,0.661063199899073,0.278,0.086,0,"14","TRPV2"
"14.LYPLAL1",0,0.61264388979559,0.253,0.061,0,"14","LYPLAL1"
"14.MRPL19",0,0.942217682864049,0.26,0.068,0,"14","MRPL19"
"14.EAF2",0,0.52040714012997,0.267,0.075,0,"14","EAF2"
"14.BRIX1",0,0.866077439791008,0.264,0.072,0,"14","BRIX1"
"14.C9orf72",0,0.573671214704511,0.26,0.068,0,"14","C9orf72"
"14.MICU1",0,1.00619363314729,0.253,0.061,0,"14","MICU1"
"14.PCK2",0,0.737614332447712,0.25,0.058,0,"14","PCK2"
"14.ZMAT5",0,0.714444533821429,0.264,0.072,0,"14","ZMAT5"
"14.ATP5S",0,0.843888027137359,0.253,0.062,0,"14","ATP5S"
"14.EXOC5",0,0.542177673187535,0.257,0.066,0,"14","EXOC5"
"14.BCL7C",0,0.965661736317684,0.253,0.062,0,"14","BCL7C"
"14.ASPSCR1",0,0.880299066830451,0.26,0.069,0,"14","ASPSCR1"
"14.VIM",0,0.94704399008057,0.986,0.796,0,"14","VIM"
"14.DCUN1D1",0,0.775444586875431,0.25,0.061,0,"14","DCUN1D1"
"14.C11orf24",0,0.70105890534717,0.26,0.071,0,"14","C11orf24"
"14.ARHGEF2",0,0.514564710115234,0.267,0.079,0,"14","ARHGEF2"
"14.TET2",0,0.726497741167762,0.264,0.076,0,"14","TET2"
"14.RAPGEF1",0,0.501777437146593,0.278,0.093,0,"14","RAPGEF1"
"14.HIST1H1D",0,0.965728304684751,0.25,0.065,0,"14","HIST1H1D"
"14.YTHDF3",0,0.536029940859904,0.264,0.079,0,"14","YTHDF3"
"14.RFK",0,0.831330721820729,0.253,0.068,0,"14","RFK"
"14.CSNK2B",0,0.534153422836409,0.278,0.094,0,"14","CSNK2B"
"14.FGD2",0,0.789807017979649,0.253,0.069,0,"14","FGD2"
"14.PHYH",0,0.686776270458418,0.253,0.069,0,"14","PHYH"
"14.CFL1",0,0.754868050096918,0.976,0.792,0,"14","CFL1"
"14.RPS6KA1",0,0.514568142102567,0.274,0.091,0,"14","RPS6KA1"
"14.CPEB4",0,0.590071499475102,0.271,0.088,0,"14","CPEB4"
"14.PHKB",0,0.701740581775009,0.257,0.074,0,"14","PHKB"
"14.PPIA",0,0.853800450908383,0.983,0.8,0,"14","PPIA"
"14.ACBD6",0,0.540568165216947,0.278,0.096,0,"14","ACBD6"
"14.HVCN1",0,0.769992806821849,0.253,0.072,0,"14","HVCN1"
"14.MTSS1",0,0.661989364114303,0.253,0.073,0,"14","MTSS1"
"14.RABGGTA",0,0.672976460473894,0.25,0.07,0,"14","RABGGTA"
"14.PSMG4",0,0.683427850920769,0.25,0.072,0,"14","PSMG4"
"14.EXOSC3",0,0.536977279872442,0.25,0.072,0,"14","EXOSC3"
"14.PFN1",0,1.01153804312417,0.997,0.822,0,"14","PFN1"
"14.TMBIM4",0,0.654156343478718,0.285,0.11,0,"14","TMBIM4"
"14.PSMA2",0,1.05142269155001,0.26,0.086,0,"14","PSMA2"
"14.EDEM2",0,0.705307439163447,0.257,0.083,0,"14","EDEM2"
"14.MYL6",0,0.733591720647543,0.979,0.82,0,"14","MYL6"
"14.H3F3A",0,0.566932257624519,0.948,0.806,0,"14","H3F3A"
"14.OAZ1",0,0.504502730024336,0.958,0.829,0,"14","OAZ1"
"14.SERF2",0,0.933892733651934,0.997,0.869,0,"14","SERF2"
"14.GAPDH",0,1.07736614800897,0.986,0.882,0,"14","GAPDH"
"14.FTL",0,1.98421836900784,1,0.932,0,"14","FTL"
"14.ACTB",0,0.850725699337005,1,0.943,0,"14","ACTB"
"14.TMSB10",0,0.722098197386045,0.997,0.967,0,"14","TMSB10"
"14.MT-ND4",0,0.61708746008162,0.965,0.942,0,"14","MT-ND4"
"14.MT-CO2",0,0.510747120859555,0.997,0.991,0,"14","MT-CO2"
"14.ATP6V0C",2.22044604925031e-16,0.560179971099841,0.663,0.402,5.75894887333561e-12,"14","ATP6V0C"
"14.PGK1",8.88178419700125e-16,0.51091728307215,0.795,0.467,2.30357954933424e-11,"14","PGK1"
"14.COX7A2",1.04360964314765e-14,0.563007447652134,0.854,0.56,2.70670597046774e-10,"14","COX7A2"
"14.ATP5O",1.88737914186277e-14,0.859716220023397,0.306,0.139,4.89510654233527e-10,"14","ATP5O"
"14.NDUFA13",9.25259868722605e-13,0.576432826529587,0.326,0.153,2.39975399551895e-08,"14","NDUFA13"
"15.MGP",0,4.83080452052186,0.733,0.15,0,"15","MGP"
"15.KRT19",0,5.92237055297636,0.436,0.043,0,"15","KRT19"
"15.AGR2",0,6.38770995084104,0.376,0.02,0,"15","AGR2"
"15.CST3",0,1.22025122316809,0.533,0.231,0,"15","CST3"
"15.AGR3",0,6.8098056130766,0.297,0.012,0,"15","AGR3"
"15.TSPAN13",0,4.95733818842055,0.345,0.066,0,"15","TSPAN13"
"15.IFI27",0,2.20588767487252,0.448,0.17,0,"15","IFI27"
"15.IGFBP7",0,5.30795059333155,0.364,0.09,0,"15","IGFBP7"
"15.SPARCL1",0,6.30150133292494,0.273,0.024,0,"15","SPARCL1"
"15.AZGP1",0,5.69126021210812,0.279,0.031,0,"15","AZGP1"
"15.CRABP2",0,6.18799913407157,0.267,0.021,0,"15","CRABP2"
"15.SLC39A6",0,5.15418037937989,0.321,0.08,0,"15","SLC39A6"
"15.MT-ND2",0,1.20855016514577,0.873,0.91,0,"15","MT-ND2"
"15.MT-ND1",0,0.964402620616556,0.891,0.917,0,"15","MT-ND1"
"15.MT-CO3",2.22044604925031e-16,0.837588288099684,0.952,0.97,5.75894887333561e-12,"15","MT-CO3"
"15.RPS2",5.10702591327572e-15,1.06120066380485,0.836,0.81,1.32455824086719e-10,"15","RPS2"
"15.RPL13A",3.77475828372553e-14,1.17938876489547,0.806,0.778,9.79021308467054e-10,"15","RPL13A"
"15.H2AFJ",3.47166739800286e-12,3.97496811952269,0.358,0.205,9.00411656346023e-08,"15","H2AFJ"
"15.RPL7",1.26314514403703e-11,1.29354460686532,0.733,0.763,3.27609324557443e-07,"15","RPL7"
"15.ACTG1",4.2740722072665e-10,0.903415013551562,0.806,0.845,1.10852336767664e-05,"15","ACTG1"
"15.MT-ND4",4.28393098772517e-10,0.776677667276545,0.903,0.942,1.1110803409764e-05,"15","MT-ND4"
"15.COX6C",1.86792026291016e-09,3.07402463304561,0.545,0.526,4.84463799388379e-05,"15","COX6C"
"15.XBP1",2.01986147807531e-08,2.0817630294767,0.455,0.354,0.000523871272953613,"15","XBP1"
"15.IER3",3.99263286277041e-06,1.74601879744604,0.315,0.2,0.103552925928813,"15","IER3"
"15.NDUFS6",1.64977706313905e-05,0.826587522376191,0.103,0.283,0.427886179095743,"15","NDUFS6"
"15.LAMTOR4",0.000119685532116112,0.559443542560828,0.188,0.385,1,"15","LAMTOR4"
"15.RNF181",0.000124534226390558,0.699918873179433,0.109,0.263,1,"15","RNF181"
"15.SPINT2",0.000142934729948418,2.69742414315615,0.255,0.181,1,"15","SPINT2"
"15.MRPL57",0.00014374245550011,0.623253137792071,0.109,0.264,1,"15","MRPL57"
"15.ENY2",0.000177581100670964,0.556059969270905,0.158,0.335,1,"15","ENY2"
"15.UBXN4",0.000199948024119804,0.526785937738911,0.176,0.356,1,"15","UBXN4"
"15.FKBP2",0.000209471670297174,0.589881010003292,0.109,0.255,1,"15","FKBP2"
"15.CUTA",0.000247540645817865,0.590681218643426,0.206,0.402,1,"15","CUTA"
"15.TRAM1",0.000266270221335068,0.521605214296387,0.127,0.283,1,"15","TRAM1"
"15.NDUFB9",0.000293734481850393,0.662320130118446,0.164,0.336,1,"15","NDUFB9"
"15.MAGOH",0.000301270042579171,0.520663225819657,0.109,0.25,1,"15","MAGOH"
"15.RAD23A",0.000343339889075713,0.818197827395373,0.139,0.295,1,"15","RAD23A"
"15.USMG5",0.000430112970704721,0.540497178328928,0.224,0.418,1,"15","USMG5"
"15.TMED9",0.000436789611404172,0.811591391072679,0.121,0.27,1,"15","TMED9"
"15.NDUFA2",0.000454159313892704,0.611069198369893,0.152,0.31,1,"15","NDUFA2"
"15.SNRPD3",0.000486985584734509,0.753916785161036,0.139,0.288,1,"15","SNRPD3"
"15.OSTC",0.000671160105239579,0.74716930237356,0.139,0.287,1,"15","OSTC"
"15.C8orf59",0.00075187983469298,0.512221187049201,0.139,0.287,1,"15","C8orf59"
"15.MRPL41",0.000784349911971141,0.843399614135854,0.133,0.281,1,"15","MRPL41"
"15.ATP5F1",0.000786838227574272,0.575730875860518,0.152,0.311,1,"15","ATP5F1"
"15.RPN1",0.000874600524651083,0.688390292720896,0.121,0.261,1,"15","RPN1"
"15.COX7A2L",0.000916884101755007,0.800614964111952,0.158,0.319,1,"15","COX7A2L"
"15.SEPT2",0.000962995787209317,1.01183756899015,0.115,0.25,1,"15","SEPT2"
"15.MDH2",0.000982179158217266,0.754745245257623,0.139,0.283,1,"15","MDH2"
"15.POLR1D",0.00107326487420768,0.578028403837254,0.158,0.305,1,"15","POLR1D"
"15.LINC00493",0.00119187980464549,0.581648117913299,0.127,0.258,1,"15","LINC00493"
"15.VDAC1",0.0012681645944399,0.953246768670315,0.145,0.293,1,"15","VDAC1"
"15.IFITM3",0.00129146576628547,1.68715217601057,0.388,0.346,1,"15","IFITM3"
"15.STRAP",0.00139156101253981,0.515375546029537,0.139,0.273,1,"15","STRAP"
"15.BCAP31",0.00143375017771505,0.754845248005375,0.152,0.302,1,"15","BCAP31"
"15.ARF4",0.00145881429678816,0.560143754653064,0.188,0.35,1,"15","ARF4"
"15.PFDN2",0.00150507257101521,0.820182922999099,0.121,0.25,1,"15","PFDN2"
"15.TOMM22",0.00150790388950588,0.823803489162845,0.133,0.27,1,"15","TOMM22"
"15.LAMTOR1",0.00163061741925028,0.631254945369458,0.145,0.288,1,"15","LAMTOR1"
"15.COX6B1",0.00173040143293852,0.633425650157296,0.297,0.531,1,"15","COX6B1"
"15.TMEM258",0.00186026750152699,0.668268994844325,0.224,0.412,1,"15","TMEM258"
"15.RPL23",0.00190792442065502,1.42934335301072,0.533,0.639,1,"15","RPL23"
"15.MRPL20",0.00196092595256224,0.785217767094917,0.133,0.268,1,"15","MRPL20"
"15.PPA1",0.0019900046828209,0.79753645380227,0.139,0.273,1,"15","PPA1"
"15.RNPS1",0.00215482451217589,0.555632225490515,0.152,0.291,1,"15","RNPS1"
"15.SNRPF",0.00221476979913442,0.547171896234288,0.127,0.254,1,"15","SNRPF"
"15.FIS1",0.00234604538861469,0.582138811857911,0.164,0.307,1,"15","FIS1"
"15.PARK7",0.00247332225653391,0.65009806334841,0.267,0.464,1,"15","PARK7"
"15.VDAC2",0.00262266500286633,0.588035820301398,0.158,0.305,1,"15","VDAC2"
"15.SH3BGRL",0.00263643526646323,0.54510736823049,0.236,0.413,1,"15","SH3BGRL"
"15.APH1A",0.00272808052053219,0.609053714443401,0.133,0.257,1,"15","APH1A"
"15.BTF3",0.00277479257618829,0.88308497344008,0.63,0.801,1,"15","BTF3"
"15.SCAND1",0.00277770085861037,0.699797066486522,0.164,0.304,1,"15","SCAND1"
"15.LSM7",0.00288262884323347,0.504620862917121,0.17,0.318,1,"15","LSM7"
"15.NDUFS8",0.00292425549821974,0.999968136278105,0.145,0.28,1,"15","NDUFS8"
"15.SSR3",0.0035447202681712,0.629156139334334,0.17,0.318,1,"15","SSR3"
"15.PSMB6",0.00379692980681315,0.541640491111948,0.182,0.328,1,"15","PSMB6"
"15.UQCR11",0.00385814521968919,1.00020724239013,0.236,0.423,1,"15","UQCR11"
"15.ATP5A1",0.00408498998577827,0.83296919870392,0.176,0.325,1,"15","ATP5A1"
"15.EIF3M",0.00513089312863163,0.600012753729507,0.17,0.307,1,"15","EIF3M"
"15.PIM3",0.00514689253807438,0.582211667523148,0.152,0.281,1,"15","PIM3"
"15.TMED2",0.00532133304061818,0.892420437452579,0.176,0.312,1,"15","TMED2"
"15.LAMTOR5",0.00541501664972716,1.03878989779466,0.158,0.29,1,"15","LAMTOR5"
"15.YWHAQ",0.00571378560470159,0.522415985186634,0.218,0.38,1,"15","YWHAQ"
"15.TALDO1",0.00572723177181035,1.05638723232913,0.139,0.263,1,"15","TALDO1"
"15.SEP15",0.00582753426298839,0.610248225046012,0.194,0.338,1,"15","SEP15"
"15.EDF1",0.00602312031873631,0.602040538993397,0.352,0.586,1,"15","EDF1"
"15.CCT3",0.00620851059681033,0.705096733913292,0.152,0.277,1,"15","CCT3"
"15.POLR2K",0.00622679267112523,0.922919932209343,0.17,0.304,1,"15","POLR2K"
"15.TBCA",0.00721297291218214,1.02268535763876,0.218,0.382,1,"15","TBCA"
"15.MARCKSL1",0.00725161448186107,1.73019243912025,0.273,0.226,1,"15","MARCKSL1"
"15.PSMD8",0.00770136253027111,0.682073243732893,0.182,0.316,1,"15","PSMD8"
"15.TMEM230",0.00778236270475829,0.754720178348639,0.158,0.287,1,"15","TMEM230"
"15.ST13",0.00787644063341404,0.615180280391265,0.224,0.378,1,"15","ST13"
"15.EIF4B",0.00859631915193323,0.582683297143507,0.2,0.348,1,"15","EIF4B"
"15.IFI6",0.00867511416201605,0.668926155485282,0.188,0.321,1,"15","IFI6"
"15.ATF4",0.00929704765369337,0.778038147645245,0.158,0.28,1,"15","ATF4"
"15.SRRM2",0.00949196523899068,0.693602934312509,0.139,0.25,1,"15","SRRM2"
"15.SEPT7",0.00954214401543814,0.519605209851358,0.255,0.424,1,"15","SEPT7"
"15.NDUFB4",0.00979686684433081,1.00907292167322,0.206,0.364,1,"15","NDUFB4"
"15.NAP1L1",0.010033175305585,0.563889491187542,0.248,0.417,1,"15","NAP1L1"
"15.HNRNPH1",0.0103574585434249,0.802590112969538,0.139,0.255,1,"15","HNRNPH1"
"15.ENSA",0.010415042027009,0.771431319103529,0.164,0.285,1,"15","ENSA"
"15.GABARAPL2",0.0123239151484585,0.640868509796641,0.194,0.339,1,"15","GABARAPL2"
"15.C11orf31",0.0126076722212097,0.957910582099304,0.23,0.398,1,"15","C11orf31"
"15.TCEB1",0.0138419237784885,0.651275104448114,0.176,0.301,1,"15","TCEB1"
"15.ATP5C1",0.0139640307768099,0.930216057868057,0.182,0.313,1,"15","ATP5C1"
"15.AP2M1",0.0146440962467372,0.851187151192103,0.164,0.289,1,"15","AP2M1"
"15.RANBP1",0.015122107442643,0.811035596321788,0.145,0.256,1,"15","RANBP1"
"15.EIF3E",0.0152131411794608,0.667947004044327,0.327,0.532,1,"15","EIF3E"
"15.ROMO1",0.0158426702505385,1.10934010132692,0.145,0.253,1,"15","ROMO1"
"15.TOMM20",0.0162132138236868,0.715007744273481,0.236,0.391,1,"15","TOMM20"
"15.SYNGR2",0.0167674214116586,0.650561576742478,0.218,0.351,1,"15","SYNGR2"
"15.RPS20",0.0172705707213865,0.904962982444103,0.533,0.59,1,"15","RPS20"
"15.TECR",0.0177125878332242,1.21552605311862,0.17,0.288,1,"15","TECR"
"15.COX5B",0.019725606451205,0.824019222713508,0.267,0.45,1,"15","COX5B"
"15.CANX",0.0211498646796471,0.626655089889193,0.158,0.265,1,"15","CANX"
"15.EGR1",0.0212109851542466,1.66532097712654,0.255,0.216,1,"15","EGR1"
"15.TCEB2",0.0213342957938153,0.710393247587575,0.303,0.484,1,"15","TCEB2"
"15.PRDX5",0.0219874700573143,0.836234514419498,0.212,0.349,1,"15","PRDX5"
"15.AURKAIP1",0.0232422803775344,0.840500283633281,0.182,0.301,1,"15","AURKAIP1"
"15.DSTN",0.0233213029728003,2.45300909090823,0.255,0.221,1,"15","DSTN"
"15.COX6A1",0.0234153783048846,0.871456756832578,0.315,0.499,1,"15","COX6A1"
"15.RSL24D1",0.0244702502706646,0.650533553587751,0.224,0.355,1,"15","RSL24D1"
"15.VPS28",0.0246055569774403,0.862761395617471,0.206,0.33,1,"15","VPS28"
"15.SRSF11",0.0249740084479833,0.842115275904092,0.224,0.358,1,"15","SRSF11"
"15.PHPT1",0.0253162470404995,1.13717420304247,0.158,0.267,1,"15","PHPT1"
"15.DYNLT1",0.0255691353634922,0.6763759091788,0.2,0.323,1,"15","DYNLT1"
"15.YWHAE",0.0260784310993324,0.82336526671352,0.182,0.3,1,"15","YWHAE"
"15.TUFM",0.0267670284562455,0.929605812021905,0.182,0.298,1,"15","TUFM"
"15.RAB7A",0.0273160376496066,0.831832333637942,0.188,0.308,1,"15","RAB7A"
"15.RPN2",0.0308658543649196,1.44651584753716,0.158,0.268,1,"15","RPN2"
"15.BANF1",0.0313692409502992,1.07509344071075,0.176,0.287,1,"15","BANF1"
"15.SERBP1",0.0320404111700198,0.659545538787242,0.261,0.408,1,"15","SERBP1"
"15.DUT",0.0340243339118815,0.711155843686992,0.158,0.252,1,"15","DUT"
"15.NDUFB7",0.0362027599103865,0.832429100114615,0.176,0.287,1,"15","NDUFB7"
"15.SRP9",0.0374110625011038,0.694013513856416,0.194,0.311,1,"15","SRP9"
"15.HNRNPA3",0.037524776491269,0.768317856003199,0.261,0.403,1,"15","HNRNPA3"
"15.ATP5G1",0.0395308034341504,0.756085873455256,0.158,0.26,1,"15","ATP5G1"
"15.PRDX6",0.0397334413345381,0.986744802760636,0.206,0.33,1,"15","PRDX6"
"15.NDUFB2",0.0405917035019359,0.852365063494658,0.267,0.419,1,"15","NDUFB2"
"15.TPM4",0.0409088589052796,1.17375405306447,0.212,0.335,1,"15","TPM4"
"15.SEPW1",0.0417429410343265,0.941202270141626,0.248,0.386,1,"15","SEPW1"
"15.COX17",0.0426935011672854,1.2558115468109,0.164,0.265,1,"15","COX17"
"15.ATP6V1G1",0.0485903892805201,0.710886349035083,0.352,0.554,1,"15","ATP6V1G1"
"15.PSMA7",0.0521984011692425,0.845087351040312,0.345,0.539,1,"15","PSMA7"
"15.SSBP1",0.0528910938609977,1.02076297992146,0.188,0.298,1,"15","SSBP1"
"15.BZW1",0.0552568732071951,0.891265664778602,0.2,0.314,1,"15","BZW1"
"15.BUB3",0.0555649069944169,1.02116184810656,0.17,0.27,1,"15","BUB3"
"15.SPCS2",0.0578948721890978,0.714743911958038,0.236,0.362,1,"15","SPCS2"
"15.SNRPD2",0.058962737148613,0.808976452157782,0.37,0.569,1,"15","SNRPD2"
"15.SSB",0.0636577961047818,0.635085135063598,0.17,0.258,1,"15","SSB"
"15.DYNLRB1",0.0646000806268606,1.28311496165136,0.212,0.329,1,"15","DYNLRB1"
"15.PDCD6",0.0666836063918161,1.24119293007332,0.176,0.271,1,"15","PDCD6"
"15.SEC62",0.068460243180883,1.06112222638274,0.218,0.338,1,"15","SEC62"
"15.NDUFB10",0.0722219611548317,0.911711009013352,0.206,0.325,1,"15","NDUFB10"
"15.KRT10",0.073178174407884,0.747622417482354,0.182,0.275,1,"15","KRT10"
"15.MGST3",0.0846718607594153,0.58965464523432,0.188,0.281,1,"15","MGST3"
"15.MRPL51",0.0870794176387997,0.949820567860159,0.17,0.261,1,"15","MRPL51"
"15.HSPB1",0.0876480522346836,0.946657551008468,0.406,0.437,1,"15","HSPB1"
"15.HNRNPH3",0.0894667596817941,0.525281571749666,0.17,0.254,1,"15","HNRNPH3"
"15.EIF4A2",0.0899386300612662,0.602769734123607,0.352,0.524,1,"15","EIF4A2"
"15.GSTP1",0.0937380777292758,0.688612936180005,0.297,0.425,1,"15","GSTP1"
"15.ANXA2",0.0942555273296372,0.741330694974556,0.261,0.373,1,"15","ANXA2"
"15.SSU72",0.0966468757354339,0.972868458116339,0.17,0.253,1,"15","SSU72"
"15.ATP5J",0.106916367549303,0.87384610621836,0.267,0.407,1,"15","ATP5J"
"15.OCIAD1",0.110729241244337,1.27360692845993,0.182,0.271,1,"15","OCIAD1"
"15.RPL31",0.127481921329848,0.667412559111828,0.594,0.753,1,"15","RPL31"
"15.ERGIC3",0.133506503078329,1.64332081712454,0.182,0.275,1,"15","ERGIC3"
"15.HSP90B1",0.133800310448474,0.592983290477311,0.297,0.428,1,"15","HSP90B1"
"15.SRP14",0.13659427676328,0.743742500683898,0.539,0.702,1,"15","SRP14"
"15.DCXR",0.141473327425697,1.39679388016435,0.176,0.259,1,"15","DCXR"
"15.ATP5H",0.144593589994617,1.39529641115023,0.224,0.339,1,"15","ATP5H"
"15.RAC1",0.14683058320767,0.713127064454785,0.279,0.388,1,"15","RAC1"
"15.PDIA6",0.147636062965152,1.17141754848456,0.236,0.347,1,"15","PDIA6"
"15.UQCRQ",0.147729733697442,1.16727312366987,0.242,0.357,1,"15","UQCRQ"
"15.MYEOV2",0.152855563224228,2.38499402764466,0.255,0.26,1,"15","MYEOV2"
"15.AKAP9",0.156901652678466,0.612783513070119,0.176,0.251,1,"15","AKAP9"
"15.KTN1",0.170505652020832,0.8551877355408,0.194,0.279,1,"15","KTN1"
"15.LAPTM4A",0.173381100673464,1.82468719165732,0.267,0.274,1,"15","LAPTM4A"
"15.RPL27A",0.191774285372228,0.627014086827284,0.612,0.787,1,"15","RPL27A"
"15.EID1",0.193021433636553,1.3347426452449,0.218,0.314,1,"15","EID1"
"15.UQCRFS1",0.196029374498106,1.00638626864454,0.194,0.281,1,"15","UQCRFS1"
"15.ATP5I",0.208301423553487,1.61766584412807,0.2,0.286,1,"15","ATP5I"
"15.BTG2",0.208504739855035,0.572199520531682,0.358,0.494,1,"15","BTG2"
"15.HSBP1",0.209629783786682,1.00482106089449,0.182,0.258,1,"15","HSBP1"
"15.RPL38",0.254124018158796,0.979564742716264,0.582,0.748,1,"15","RPL38"
"15.NDUFAB1",0.258384806246698,1.02171836620594,0.188,0.263,1,"15","NDUFAB1"
"15.FKBP1A",0.269493058836745,1.26307602627951,0.267,0.387,1,"15","FKBP1A"
"15.KDELR2",0.280856829216205,1.20939419081376,0.188,0.261,1,"15","KDELR2"
"15.BSG",0.300265582407519,1.01270073494325,0.242,0.338,1,"15","BSG"
"15.KIF5B",0.340015135616758,1.00526653860444,0.212,0.284,1,"15","KIF5B"
"15.SHFM1",0.360333813050689,1.1202508702665,0.267,0.367,1,"15","SHFM1"
"15.SF3B6",0.409330677652404,0.913219338013316,0.248,0.338,1,"15","SF3B6"
"15.CD63",0.411921619400721,0.994971856487573,0.352,0.394,1,"15","CD63"
"15.SUMO2",0.431427420214729,0.930752581477027,0.509,0.681,1,"15","SUMO2"
"15.NDUFA4",0.437950301307628,0.932884747792801,0.448,0.576,1,"15","NDUFA4"
"15.CALM2",0.448653068643008,0.719461473325564,0.473,0.676,1,"15","CALM2"
"15.DAD1",0.462726475488975,1.06821937802039,0.291,0.399,1,"15","DAD1"
"15.ATF3",0.476759341380848,0.570926121390003,0.218,0.273,1,"15","ATF3"
"15.ALDOA",0.488998301948474,0.677008885825184,0.418,0.591,1,"15","ALDOA"
"15.RHOB",0.52872562302776,0.757998071322572,0.218,0.263,1,"15","RHOB"
"15.GPX4",0.52912334155992,1.15868107395739,0.394,0.497,1,"15","GPX4"
"15.BRK1",0.545195098934926,1.39706830502073,0.358,0.446,1,"15","BRK1"
"15.MYL6",0.563029522449892,0.528491416999064,0.636,0.822,1,"15","MYL6"
"15.MT2A",0.589909274798543,0.835724719717311,0.352,0.449,1,"15","MT2A"
"15.TUBB",0.593943907892592,0.931667015010994,0.285,0.37,1,"15","TUBB"
"15.PRDX1",0.594893474236486,1.07786476514668,0.43,0.536,1,"15","PRDX1"
"15.SKP1",0.600492690972688,0.878923498511698,0.412,0.583,1,"15","SKP1"
"15.RPS17",0.611775222811412,0.675109248107264,0.448,0.542,1,"15","RPS17"
"15.RTN4",0.631866449743312,1.1814550261205,0.236,0.304,1,"15","RTN4"
"15.SRI",0.64559660886309,1.56764566103585,0.206,0.259,1,"15","SRI"
"15.PRDX2",0.698646393704298,1.4629727101221,0.236,0.263,1,"15","PRDX2"
"15.TXN",0.773952949174396,0.997530241067714,0.333,0.428,1,"15","TXN"
"15.SOCS3",0.779238213459911,1.49843127287359,0.261,0.292,1,"15","SOCS3"
"15.ITM2B",0.802108039341845,0.716472686302787,0.485,0.658,1,"15","ITM2B"
"15.TMBIM6",0.803360186459753,0.885167059727913,0.406,0.553,1,"15","TMBIM6"
"15.ANAPC11",0.805774957812255,1.68063877327842,0.255,0.334,1,"15","ANAPC11"
"15.SLC9A3R1",0.823969641643634,1.59430300672533,0.224,0.285,1,"15","SLC9A3R1"
"15.RPL37A",0.85551745473466,0.501566903635935,0.63,0.835,1,"15","RPL37A"
"15.TMEM59",0.878478299918615,1.15611209495213,0.333,0.446,1,"15","TMEM59"
"15.RAB2A",0.87989536254663,1.69165802064145,0.224,0.26,1,"15","RAB2A"
"15.PEBP1",0.967916880399407,1.28840510183975,0.297,0.382,1,"15","PEBP1"
